date,day_of_week,route_id,hour,weather,is_holiday,traffic_level,capacity,current_buses,passenger_count
2025-11-10,Monday,2,8,Rainy,0,High,450,9,697
2025-06-15,Sunday,2,17,Cloudy,0,High,450,5,364
2025-04-12,Saturday,1,13,Cloudy,0,Low,500,9,197
2025-07-26,Saturday,2,11,Cloudy,0,Low,450,9,177
2025-02-06,Thursday,5,5,Sunny,0,Low,300,4,180
2025-04-12,Saturday,5,6,Sunny,0,Medium,300,3,242
2025-12-11,Thursday,4,14,Cloudy,0,Low,350,5,189
2025-12-09,Tuesday,1,5,Rainy,0,Low,500,10,310
2025-07-23,Wednesday,4,9,Rainy,0,High,350,6,405
2025-09-07,Sunday,3,20,Cloudy,0,Medium,400,5,128
2025-01-06,Monday,1,8,Sunny,0,High,500,6,480
2025-01-29,Wednesday,2,16,Sunny,0,Medium,450,9,472
2025-07-13,Sunday,1,10,Cloudy,1,Medium,500,9,125
2025-12-06,Saturday,5,9,Sunny,0,High,300,4,236
2025-07-15,Tuesday,4,21,Rainy,0,Low,350,4,208
2025-01-19,Sunday,3,22,Cloudy,0,Low,400,6,170
2025-07-20,Sunday,4,17,Sunny,0,High,350,5,324
2025-11-19,Wednesday,1,5,Rainy,0,Low,500,9,370
2025-01-24,Friday,1,10,Cloudy,0,Medium,500,6,285
2025-02-25,Tuesday,2,11,Cloudy,0,Low,450,6,250
2025-10-04,Saturday,3,8,Sunny,0,High,400,8,489
2025-08-16,Saturday,1,8,Rainy,0,High,500,9,415
2025-12-13,Saturday,1,15,Sunny,0,Low,500,10,231
2025-06-17,Tuesday,2,9,Rainy,0,High,450,9,575
2025-01-30,Thursday,1,22,Cloudy,0,Low,500,6,303
2025-09-16,Tuesday,5,12,Cloudy,0,Low,300,6,145
2025-09-01,Monday,1,9,Cloudy,0,High,500,6,478
2025-05-29,Thursday,1,19,Sunny,0,High,500,8,524
2025-08-15,Friday,2,12,Cloudy,0,Low,450,5,258
2025-07-26,Saturday,2,12,Rainy,0,Low,450,8,202
2025-05-29,Thursday,5,20,Rainy,0,Medium,300,6,185
2025-02-01,Saturday,5,9,Rainy,0,High,300,5,277
2025-07-15,Tuesday,3,20,Cloudy,0,Medium,400,6,198
2025-12-09,Tuesday,4,16,Rainy,0,Medium,350,5,463
2025-06-21,Saturday,5,9,Sunny,0,High,300,3,273
2025-05-31,Saturday,3,12,Sunny,0,Low,400,8,121
2025-05-15,Thursday,3,18,Sunny,0,High,400,5,450
2025-10-25,Saturday,2,18,Sunny,0,High,450,6,411
2025-08-07,Thursday,5,8,Rainy,0,High,300,6,396
2025-07-07,Monday,1,7,Cloudy,0,High,500,8,468
2025-06-22,Sunday,3,9,Cloudy,0,High,400,6,315
2025-01-06,Monday,2,7,Rainy,0,High,450,9,473
2025-11-28,Friday,4,12,Sunny,0,Low,350,6,169
2025-08-06,Wednesday,2,12,Cloudy,0,Low,450,7,246
2025-09-09,Tuesday,4,11,Rainy,0,Low,350,4,197
2025-03-16,Sunday,3,18,Rainy,0,High,400,8,375
2025-09-23,Tuesday,5,6,Rainy,0,Medium,300,5,359
2025-09-05,Friday,2,9,Cloudy,0,High,450,9,400
2025-05-27,Tuesday,2,22,Cloudy,0,Low,450,8,252
2025-10-26,Sunday,3,10,Rainy,1,Medium,400,8,52
2025-09-02,Tuesday,5,18,Sunny,0,High,300,4,353
2025-03-03,Monday,1,8,Sunny,0,High,500,6,506
2025-08-09,Saturday,2,20,Rainy,0,Medium,450,7,217
2025-01-05,Sunday,5,12,Rainy,0,Low,300,5,123
2025-04-24,Thursday,2,5,Cloudy,0,Low,450,7,223
2025-04-27,Sunday,4,9,Sunny,0,High,350,5,280
2025-03-13,Thursday,2,10,Cloudy,0,Medium,450,9,257
2025-09-17,Wednesday,4,21,Rainy,0,Low,350,4,235
2025-04-28,Monday,5,15,Cloudy,0,Low,300,5,175
2025-07-24,Thursday,1,17,Cloudy,1,High,500,10,433
2025-06-14,Saturday,1,6,Sunny,0,Medium,500,6,382
2025-03-11,Tuesday,5,9,Sunny,0,High,300,4,318
2025-05-11,Sunday,1,5,Sunny,0,Low,500,10,207
2025-03-27,Thursday,1,19,Rainy,1,High,500,10,487
2025-10-19,Sunday,2,18,Rainy,0,High,450,6,423
2025-05-19,Monday,5,15,Cloudy,0,Low,300,5,142
2025-05-12,Monday,1,15,Sunny,0,Low,500,8,295
2025-07-21,Monday,4,20,Cloudy,0,Medium,350,4,164
2025-04-27,Sunday,3,13,Cloudy,0,Low,400,8,374
2025-09-01,Monday,1,6,Sunny,0,Medium,500,6,476
2025-02-20,Thursday,4,17,Rainy,0,High,350,5,430
2025-07-14,Monday,4,12,Cloudy,0,Low,350,5,204
2025-02-21,Friday,1,6,Cloudy,1,Medium,500,10,354
2025-10-13,Monday,4,8,Cloudy,0,High,350,4,333
2025-08-17,Sunday,1,16,Rainy,0,Medium,500,8,474
2025-06-06,Friday,3,13,Cloudy,0,Low,400,7,195
2025-03-25,Tuesday,5,13,Sunny,0,Low,300,4,172
2025-04-20,Sunday,2,22,Rainy,0,Low,450,9,238
2025-07-15,Tuesday,2,19,Cloudy,0,High,450,5,621
2025-02-09,Sunday,1,6,Cloudy,0,Medium,500,10,429
2025-12-07,Sunday,1,22,Rainy,0,Low,500,7,262
2025-10-16,Thursday,2,9,Rainy,0,High,450,7,460
2025-01-31,Friday,2,9,Cloudy,0,High,450,7,435
2025-10-07,Tuesday,1,20,Cloudy,0,Medium,500,10,310
2025-10-09,Thursday,4,19,Sunny,0,High,350,7,401
2025-09-22,Monday,4,7,Rainy,0,High,350,7,417
2025-11-16,Sunday,4,20,Cloudy,0,Medium,350,7,129
2025-09-17,Wednesday,2,17,Rainy,0,High,450,5,505
2025-06-04,Wednesday,5,22,Cloudy,0,Low,300,6,154
2025-05-09,Friday,1,17,Rainy,0,High,500,9,537
2025-06-13,Friday,1,16,Rainy,0,Medium,500,6,530
2025-09-16,Tuesday,3,10,Sunny,0,Medium,400,6,242
2025-10-12,Sunday,2,7,Rainy,0,High,450,9,372
2025-02-16,Sunday,3,7,Cloudy,0,High,400,7,343
2025-11-04,Tuesday,3,7,Sunny,0,High,400,8,391
2025-11-19,Wednesday,5,11,Sunny,0,Low,300,5,250
2025-07-19,Saturday,1,6,Rainy,0,Medium,500,10,466
2025-01-30,Thursday,4,19,Rainy,0,High,350,7,422
2025-02-10,Monday,5,18,Sunny,0,High,300,5,371
2025-10-08,Wednesday,5,21,Sunny,0,Low,300,5,146
2025-03-30,Sunday,3,6,Sunny,0,Medium,400,7,318
2025-05-30,Friday,5,13,Sunny,0,Low,300,5,175
2025-08-26,Tuesday,1,8,Cloudy,0,High,500,8,507
2025-09-12,Friday,4,8,Cloudy,0,High,350,7,367
2025-05-01,Thursday,2,20,Cloudy,0,Medium,450,7,252
2025-03-08,Saturday,4,15,Cloudy,0,Low,350,5,101
2025-01-12,Sunday,1,11,Sunny,0,Low,500,8,245
2025-05-04,Sunday,4,21,Sunny,0,Low,350,6,120
2025-03-03,Monday,5,20,Sunny,0,Medium,300,4,136
2025-03-04,Tuesday,1,10,Cloudy,0,Medium,500,8,288
2025-07-28,Monday,2,5,Sunny,0,Low,450,7,276
2025-11-08,Saturday,1,7,Cloudy,0,High,500,6,424
2025-05-17,Saturday,3,5,Sunny,0,Low,400,6,148
2025-08-06,Wednesday,2,20,Sunny,0,Medium,450,5,242
2025-06-21,Saturday,1,13,Sunny,0,Low,500,8,203
2025-06-16,Monday,3,11,Rainy,0,Low,400,5,236
2025-06-17,Tuesday,4,18,Cloudy,0,High,350,5,402
2025-12-16,Tuesday,2,21,Sunny,0,Low,450,8,275
2025-06-21,Saturday,1,17,Sunny,0,High,500,8,448
2025-10-14,Tuesday,2,13,Sunny,0,Low,450,5,265
2025-12-20,Saturday,1,10,Rainy,0,Medium,500,7,266
2025-11-08,Saturday,1,17,Cloudy,0,High,500,9,466
2025-03-15,Saturday,3,11,Sunny,0,Low,400,5,134
2025-12-02,Tuesday,5,13,Rainy,0,Low,300,4,201
2025-09-13,Saturday,5,20,Cloudy,0,Medium,300,5,94
2025-07-30,Wednesday,4,7,Cloudy,0,High,350,7,374
2025-01-24,Friday,2,12,Sunny,0,Low,450,6,271
2025-02-19,Wednesday,3,14,Cloudy,1,Low,400,7,139
2025-06-14,Saturday,3,18,Cloudy,0,High,400,6,381
2025-09-22,Monday,4,8,Rainy,0,High,350,5,428
2025-08-11,Monday,1,7,Cloudy,0,High,500,9,494
2025-01-09,Thursday,4,21,Cloudy,0,Low,350,6,171
2025-12-05,Friday,3,13,Sunny,0,Low,400,8,201
2025-01-17,Friday,1,6,Sunny,0,Medium,500,9,468
2025-10-09,Thursday,3,21,Rainy,0,Low,400,5,235
2025-11-19,Wednesday,3,7,Sunny,0,High,400,7,405
2025-09-17,Wednesday,5,22,Sunny,0,Low,300,3,362
2025-02-04,Tuesday,5,21,Cloudy,0,Low,300,5,132
2025-10-19,Sunday,1,18,Rainy,0,High,500,10,507
2025-10-27,Monday,2,14,Sunny,0,Low,450,8,273
2025-08-08,Friday,3,8,Sunny,1,High,400,6,288
2025-01-06,Monday,5,13,Cloudy,0,Low,300,4,349
2025-06-19,Thursday,3,20,Cloudy,0,Medium,400,8,199
2025-10-31,Friday,5,9,Cloudy,0,High,300,4,484
2025-05-02,Friday,2,5,Cloudy,0,Low,450,8,225
2025-03-03,Monday,1,14,Rainy,0,Low,500,10,336
2025-03-11,Tuesday,5,7,Rainy,0,High,300,3,389
2025-06-06,Friday,4,5,Cloudy,0,Low,350,6,199
2025-01-22,Wednesday,4,16,Cloudy,0,Medium,350,4,379
2025-02-04,Tuesday,2,21,Cloudy,0,Low,450,7,267
2025-02-24,Monday,3,15,Rainy,0,Low,400,8,266
2025-02-10,Monday,2,19,Sunny,0,High,450,5,482
2025-08-25,Monday,5,13,Rainy,0,Low,300,4,174
2025-05-30,Friday,3,5,Sunny,0,Low,400,7,209
2025-05-20,Tuesday,5,14,Sunny,0,Low,300,6,122
2025-03-25,Tuesday,4,8,Cloudy,0,High,350,4,379
2025-07-09,Wednesday,5,17,Sunny,0,High,300,5,395
2025-11-05,Wednesday,3,10,Rainy,0,Medium,400,8,274
2025-03-15,Saturday,3,16,Cloudy,0,Medium,400,5,368
2025-04-14,Monday,5,7,Rainy,0,High,300,3,376
2025-09-25,Thursday,1,14,Sunny,0,Low,500,7,316
2025-04-06,Sunday,4,5,Sunny,0,Low,350,7,117
2025-03-04,Tuesday,2,18,Cloudy,0,High,450,5,476
2025-06-20,Friday,2,12,Rainy,0,Low,450,8,319
2025-12-24,Wednesday,1,9,Sunny,0,High,500,9,496
2025-11-21,Friday,1,7,Sunny,0,High,500,9,473
2025-07-15,Tuesday,3,22,Rainy,0,Low,400,6,236
2025-03-17,Monday,2,17,Sunny,0,High,450,6,463
2025-06-28,Saturday,2,10,Rainy,0,Medium,450,6,221
2025-02-15,Saturday,4,16,Rainy,0,Medium,350,6,352
2025-09-13,Saturday,3,13,Rainy,0,Low,400,7,192
2025-01-08,Wednesday,5,18,Sunny,0,High,300,4,374
2025-08-31,Sunday,3,8,Sunny,0,High,400,5,324
2025-06-04,Wednesday,4,11,Sunny,0,Low,350,5,163
2025-04-29,Tuesday,1,6,Cloudy,0,Medium,500,6,497
2025-05-20,Tuesday,1,12,Cloudy,0,Low,500,8,302
2025-10-20,Monday,3,9,Cloudy,0,High,400,6,398
2025-01-31,Friday,1,21,Sunny,0,Low,500,9,282
2025-10-03,Friday,3,19,Sunny,0,High,400,7,436
2025-08-06,Wednesday,1,13,Rainy,0,Low,500,10,317
2025-01-21,Tuesday,4,14,Cloudy,0,Low,350,7,181
2025-02-24,Monday,3,6,Cloudy,1,Medium,400,5,281
2025-06-22,Sunday,1,11,Cloudy,0,Low,500,6,195
2025-08-23,Saturday,2,15,Sunny,0,Low,450,9,147
2025-02-19,Wednesday,2,7,Rainy,0,High,450,5,482
2025-03-25,Tuesday,5,13,Rainy,0,Low,300,6,174
2025-04-18,Friday,2,14,Cloudy,0,Low,450,9,234
2025-01-18,Saturday,1,5,Sunny,0,Low,500,9,202
2025-06-16,Monday,2,22,Sunny,0,Low,450,5,235
2025-01-27,Monday,5,21,Sunny,0,Low,300,5,120
2025-04-17,Thursday,4,15,Sunny,0,Low,350,7,179
2025-11-11,Tuesday,3,7,Sunny,0,High,400,6,430
2025-01-04,Saturday,1,5,Cloudy,0,Low,500,9,191
2025-01-06,Monday,4,13,Rainy,0,Low,350,7,247
2025-09-26,Friday,1,21,Rainy,0,Low,500,8,362
2025-11-14,Friday,5,21,Rainy,0,Low,300,6,180
2025-08-30,Saturday,5,16,Rainy,0,Medium,300,3,301
2025-03-22,Saturday,5,16,Sunny,0,Medium,300,5,318
2025-02-14,Friday,3,9,Cloudy,0,High,400,8,410
2025-09-26,Friday,5,8,Sunny,0,High,300,4,308
2025-06-07,Saturday,5,15,Sunny,0,Low,300,6,78
2025-06-10,Tuesday,4,15,Sunny,0,Low,350,6,182
2025-11-26,Wednesday,5,11,Sunny,0,Low,300,6,164
2025-08-21,Thursday,3,8,Sunny,0,High,400,5,396
2025-12-18,Thursday,2,17,Sunny,0,High,450,9,480
2025-08-01,Friday,3,19,Rainy,0,High,400,7,477
2025-11-17,Monday,2,10,Rainy,0,Medium,450,6,278
2025-03-21,Friday,4,17,Rainy,0,High,350,6,440
2025-06-22,Sunday,1,7,Cloudy,0,High,500,7,398
2025-04-13,Sunday,1,5,Rainy,0,Low,500,10,247
2025-09-28,Sunday,2,8,Sunny,0,High,450,9,368
2025-12-20,Saturday,2,18,Rainy,0,High,450,9,413
2025-04-16,Wednesday,5,19,Sunny,0,High,300,3,381
2025-05-29,Thursday,5,8,Rainy,0,High,300,5,357
2025-01-06,Monday,2,9,Rainy,0,High,450,7,452
2025-04-07,Monday,5,9,Rainy,0,High,300,3,364
2025-04-07,Monday,4,19,Rainy,0,High,350,6,446
2025-01-03,Friday,2,20,Rainy,0,Medium,450,6,298
2025-08-02,Saturday,4,10,Rainy,0,Medium,350,4,124
2025-12-30,Tuesday,1,11,Cloudy,0,Low,500,6,308
2025-06-06,Friday,4,18,Sunny,1,High,350,5,281
2025-02-01,Saturday,3,9,Cloudy,0,High,400,6,297
2025-12-01,Monday,1,18,Sunny,0,High,500,8,512
2025-07-22,Tuesday,1,19,Cloudy,0,High,500,8,510
2025-08-03,Sunday,5,12,Sunny,0,Low,300,4,45
2025-11-12,Wednesday,1,7,Sunny,0,High,500,8,471
2025-02-10,Monday,5,14,Rainy,0,Low,300,3,188
2025-12-10,Wednesday,1,22,Sunny,1,Low,500,6,202
2025-09-16,Tuesday,4,17,Cloudy,0,High,350,6,397
2025-12-20,Saturday,1,6,Rainy,0,Medium,500,9,428
2025-11-27,Thursday,3,17,Sunny,0,High,400,7,460
2025-12-12,Friday,4,5,Rainy,0,Low,350,4,216
2025-03-01,Saturday,2,17,Cloudy,0,High,450,5,393
2025-05-30,Friday,2,14,Rainy,0,Low,450,7,266
2025-03-24,Monday,3,14,Rainy,0,Low,400,8,252
2025-02-12,Wednesday,5,6,Cloudy,1,Medium,300,4,260
2025-07-08,Tuesday,3,15,Cloudy,0,Low,400,7,231
2025-09-23,Tuesday,1,22,Cloudy,0,Low,500,8,313
2025-12-14,Sunday,1,22,Sunny,0,Low,500,8,219
2025-02-23,Sunday,2,19,Cloudy,0,High,450,5,396
2025-11-02,Sunday,5,21,Sunny,0,Low,300,6,75
2025-11-13,Thursday,3,11,Sunny,0,Low,400,6,209
2025-11-29,Saturday,1,19,Sunny,0,High,500,8,466
2025-04-26,Saturday,3,15,Cloudy,1,Low,400,5,33
2025-10-19,Sunday,1,19,Rainy,0,High,500,10,474
2025-09-18,Thursday,5,17,Cloudy,0,High,300,3,642
2025-08-12,Tuesday,5,12,Sunny,0,Low,300,3,279
2025-03-13,Thursday,3,19,Sunny,0,High,400,8,433
2025-02-19,Wednesday,2,17,Sunny,0,High,450,7,457
2025-07-14,Monday,1,19,Sunny,0,High,500,6,492
2025-01-25,Saturday,2,19,Sunny,0,High,450,5,385
2025-11-26,Wednesday,1,22,Cloudy,0,Low,500,6,272
2025-09-24,Wednesday,3,7,Rainy,0,High,400,8,462
2025-07-26,Saturday,5,22,Sunny,0,Low,300,5,41
2025-11-03,Monday,2,12,Sunny,0,Low,450,9,278
2025-12-21,Sunday,2,20,Rainy,1,Medium,450,6,116
2025-09-17,Wednesday,2,10,Rainy,0,Medium,450,9,542
2025-12-26,Friday,4,13,Cloudy,0,Low,350,7,161
2025-04-12,Saturday,3,11,Cloudy,0,Low,400,8,130
2025-09-21,Sunday,1,18,Cloudy,0,High,500,7,445
2025-09-27,Saturday,3,19,Sunny,0,High,400,7,331
2025-10-08,Wednesday,2,7,Rainy,0,High,450,5,490
2025-10-26,Sunday,4,17,Sunny,0,High,350,7,290
2025-03-06,Thursday,5,14,Rainy,0,Low,300,4,199
2025-02-25,Tuesday,5,17,Rainy,0,High,300,3,422
2025-02-07,Friday,2,20,Sunny,0,Medium,450,5,251
2025-09-26,Friday,2,15,Cloudy,0,Low,450,5,247
2025-02-11,Tuesday,4,13,Rainy,0,Low,350,4,244
2025-07-20,Sunday,2,19,Cloudy,0,High,450,8,365
2025-01-25,Saturday,1,16,Sunny,0,Medium,500,10,458
2025-09-27,Saturday,1,18,Rainy,0,High,500,9,492
2025-11-07,Friday,3,10,Cloudy,0,Medium,400,7,192
2025-09-16,Tuesday,3,8,Sunny,0,High,400,8,412
2025-03-11,Tuesday,5,10,Cloudy,0,Medium,300,4,366
2025-06-10,Tuesday,5,15,Cloudy,0,Low,300,3,130
2025-01-13,Monday,3,17,Rainy,0,High,400,5,458
2025-01-17,Friday,2,18,Rainy,0,High,450,6,508
2025-01-30,Thursday,4,11,Sunny,0,Low,350,7,185
2025-01-10,Friday,4,13,Cloudy,0,Low,350,5,197
2025-12-18,Thursday,1,9,Rainy,0,High,500,8,523
2025-04-22,Tuesday,1,9,Rainy,0,High,500,8,510
2025-07-06,Sunday,3,13,Cloudy,0,Low,400,7,157
2025-11-07,Friday,2,21,Rainy,0,Low,450,7,267
2025-08-28,Thursday,5,7,Cloudy,0,High,300,3,310
2025-11-09,Sunday,1,11,Sunny,0,Low,500,10,209
2025-03-27,Thursday,5,11,Cloudy,0,Low,300,3,170
2025-02-04,Tuesday,4,10,Rainy,0,Medium,350,5,210
2025-08-26,Tuesday,2,16,Rainy,0,Medium,450,7,503
2025-10-22,Wednesday,3,9,Cloudy,0,High,400,6,420
2025-08-10,Sunday,1,6,Cloudy,0,Medium,500,7,400
2025-02-08,Saturday,1,18,Cloudy,0,High,500,8,689
2025-01-07,Tuesday,2,12,Sunny,0,Low,450,9,466
2025-11-01,Saturday,1,13,Rainy,0,Low,500,8,257
2025-10-01,Wednesday,1,18,Cloudy,0,High,500,7,524
2025-08-31,Sunday,3,9,Rainy,0,High,400,6,334
2025-05-11,Sunday,2,5,Sunny,0,Low,450,7,161
2025-05-15,Thursday,1,8,Cloudy,0,High,500,8,458
2025-05-26,Monday,4,5,Cloudy,0,Low,350,6,162
2025-06-23,Monday,3,17,Sunny,0,High,400,8,414
2025-05-05,Monday,1,21,Cloudy,0,Low,500,6,276
2025-06-11,Wednesday,4,20,Sunny,0,Medium,350,4,156
2025-10-13,Monday,2,17,Sunny,0,High,450,8,481
2025-11-18,Tuesday,4,13,Cloudy,0,Low,350,5,175
2025-09-25,Thursday,2,15,Cloudy,0,Low,450,5,260
2025-05-26,Monday,1,6,Sunny,0,Medium,500,9,505
2025-04-06,Sunday,5,20,Rainy,0,Medium,300,6,111
2025-01-01,Wednesday,1,7,Rainy,0,High,500,8,529
2025-10-05,Sunday,5,5,Rainy,0,Low,300,5,89
2025-05-06,Tuesday,1,20,Cloudy,0,Medium,500,7,329
2025-03-19,Wednesday,4,6,Rainy,0,Medium,350,5,394
2025-01-03,Friday,4,16,Sunny,0,Medium,350,6,379
2025-03-12,Wednesday,1,19,Sunny,1,High,500,8,415
2025-05-04,Sunday,4,18,Rainy,0,High,350,5,336
2025-03-21,Friday,2,11,Cloudy,0,Low,450,5,277
2025-03-07,Friday,2,8,Cloudy,0,High,450,9,450
2025-11-14,Friday,4,20,Cloudy,0,Medium,350,4,200
2025-10-06,Monday,5,19,Cloudy,0,High,300,4,368
2025-03-11,Tuesday,3,13,Sunny,0,Low,400,5,235
2025-06-30,Monday,3,14,Cloudy,0,Low,400,6,248
2025-06-27,Friday,2,20,Rainy,0,Medium,450,8,319
2025-03-22,Saturday,1,5,Sunny,0,Low,500,10,221
2025-07-28,Monday,3,18,Cloudy,1,High,400,5,345
2025-06-18,Wednesday,2,21,Cloudy,0,Low,450,5,253
2025-12-18,Thursday,5,16,Rainy,0,Medium,300,5,432
2025-07-28,Monday,5,17,Cloudy,0,High,300,6,368
2025-06-15,Sunday,5,5,Rainy,0,Low,300,6,107
2025-05-05,Monday,5,10,Cloudy,0,Medium,300,3,135
2025-11-10,Monday,5,16,Rainy,0,Medium,300,6,432
2025-12-23,Tuesday,3,16,Rainy,0,Medium,400,6,478
2025-03-13,Thursday,1,9,Rainy,0,High,500,6,534
2025-10-22,Wednesday,5,17,Cloudy,0,High,300,6,344
2025-08-27,Wednesday,5,13,Rainy,0,Low,300,3,219
2025-02-15,Saturday,2,20,Sunny,0,Medium,450,6,144
2025-01-23,Thursday,5,9,Rainy,0,High,300,4,366
2025-10-24,Friday,5,19,Sunny,0,High,300,6,386
2025-04-02,Wednesday,4,10,Sunny,0,Medium,350,5,192
2025-03-22,Saturday,2,12,Rainy,0,Low,450,5,213
2025-12-06,Saturday,5,8,Cloudy,0,High,300,4,261
2025-05-30,Friday,3,15,Rainy,0,Low,400,6,289
2025-02-25,Tuesday,2,17,Sunny,0,High,450,8,455
2025-01-13,Monday,4,16,Sunny,0,Medium,350,5,424
2025-06-19,Thursday,1,13,Rainy,0,Low,500,6,323
2025-05-20,Tuesday,3,11,Cloudy,0,Low,400,6,194
2025-02-19,Wednesday,3,20,Cloudy,0,Medium,400,6,244
2025-05-13,Tuesday,1,21,Sunny,0,Low,500,6,280
2025-11-10,Monday,1,16,Rainy,0,Medium,500,8,549
2025-05-29,Thursday,4,12,Sunny,0,Low,350,5,189
2025-08-08,Friday,5,13,Cloudy,0,Low,300,6,165
2025-07-10,Thursday,5,14,Sunny,0,Low,300,6,162
2025-02-20,Thursday,4,20,Cloudy,0,Medium,350,5,203
2025-06-17,Tuesday,1,16,Rainy,0,Medium,500,10,573
2025-01-26,Sunday,1,5,Rainy,0,Low,500,9,287
2025-11-10,Monday,5,18,Cloudy,0,High,300,3,396
2025-10-31,Friday,5,11,Rainy,0,Low,300,5,172
2025-05-30,Friday,1,8,Cloudy,0,High,500,7,470
2025-11-09,Sunday,3,5,Rainy,0,Low,400,6,175
2025-05-05,Monday,4,14,Cloudy,0,Low,350,5,195
2025-12-06,Saturday,3,9,Rainy,0,High,400,8,356
2025-02-21,Friday,5,19,Rainy,0,High,300,6,419
2025-09-22,Monday,1,13,Sunny,0,Low,500,8,270
2025-04-05,Saturday,3,16,Sunny,0,Medium,400,5,357
2025-05-19,Monday,2,5,Cloudy,0,Low,450,5,241
2025-01-09,Thursday,4,9,Rainy,0,High,350,4,427
2025-12-04,Thursday,5,8,Cloudy,0,High,300,6,352
2025-06-23,Monday,4,13,Rainy,0,Low,350,6,215
2025-03-21,Friday,2,18,Sunny,0,High,450,6,479
2025-09-30,Tuesday,5,18,Sunny,0,High,300,6,367
2025-02-16,Sunday,1,14,Cloudy,0,Low,500,7,230
2025-11-26,Wednesday,5,12,Sunny,0,Low,300,5,156
2025-03-31,Monday,4,14,Rainy,0,Low,350,6,228
2025-01-24,Friday,1,8,Cloudy,0,High,500,10,715
2025-06-10,Tuesday,1,21,Sunny,0,Low,500,9,318
2025-09-11,Thursday,1,15,Sunny,0,Low,500,7,276
2025-05-09,Friday,3,13,Cloudy,0,Low,400,7,194
2025-08-17,Sunday,1,17,Rainy,0,High,500,10,462
2025-11-23,Sunday,3,8,Sunny,0,High,400,6,342
2025-07-08,Tuesday,2,10,Sunny,0,Medium,450,7,234
2025-10-14,Tuesday,3,11,Cloudy,0,Low,400,8,236
2025-04-24,Thursday,2,8,Rainy,0,High,450,9,487
2025-04-04,Friday,4,11,Cloudy,0,Low,350,7,192
2025-01-20,Monday,2,15,Rainy,0,Low,450,9,303
2025-04-16,Wednesday,3,22,Sunny,0,Low,400,6,204
2025-12-13,Saturday,4,14,Rainy,0,Low,350,4,118
2025-01-25,Saturday,4,7,Sunny,0,High,350,5,258
2025-03-14,Friday,5,9,Rainy,0,High,300,5,387
2025-08-23,Saturday,1,19,Cloudy,0,High,500,7,435
2025-12-26,Friday,5,7,Rainy,0,High,300,3,356
2025-07-04,Friday,2,8,Rainy,0,High,450,7,471
2025-12-21,Sunday,5,13,Rainy,0,Low,300,4,132
2025-11-04,Tuesday,2,16,Cloudy,0,Medium,450,9,597
2025-06-08,Sunday,2,15,Rainy,0,Low,450,6,202
2025-09-06,Saturday,1,17,Cloudy,0,High,500,10,454
2025-09-02,Tuesday,4,17,Cloudy,0,High,350,7,422
2025-02-28,Friday,1,6,Sunny,0,Medium,500,6,454
2025-08-25,Monday,2,13,Sunny,0,Low,450,8,229
2025-03-11,Tuesday,4,22,Sunny,0,Low,350,6,410
2025-09-07,Sunday,5,20,Rainy,0,Medium,300,3,123
2025-11-04,Tuesday,4,10,Sunny,0,Medium,350,7,207
2025-04-17,Thursday,1,8,Sunny,0,High,500,8,466
2025-01-26,Sunday,2,20,Cloudy,0,Medium,450,6,149
2025-04-06,Sunday,4,17,Rainy,0,High,350,4,337
2025-11-12,Wednesday,1,17,Sunny,0,High,500,7,530
2025-06-02,Monday,4,10,Cloudy,0,Medium,350,5,190
2025-09-02,Tuesday,1,21,Cloudy,0,Low,500,7,317
2025-11-02,Sunday,1,9,Rainy,0,High,500,8,437
2025-08-24,Sunday,2,6,Sunny,0,Medium,450,5,354
2025-11-18,Tuesday,3,9,Rainy,0,High,400,8,424
2025-04-29,Tuesday,3,20,Sunny,0,Medium,400,8,332
2025-04-04,Friday,3,13,Sunny,0,Low,400,8,221
2025-01-21,Tuesday,1,17,Rainy,0,High,500,8,549
2025-03-10,Monday,5,5,Sunny,0,Low,300,5,130
2025-09-28,Sunday,5,19,Sunny,0,High,300,6,313
2025-12-13,Saturday,5,13,Sunny,0,Low,300,5,63
2025-08-16,Saturday,5,10,Sunny,0,Medium,300,5,69
2025-03-07,Friday,1,18,Sunny,0,High,500,7,530
2025-05-10,Saturday,3,21,Sunny,1,Low,400,8,27
2025-11-11,Tuesday,4,8,Sunny,0,High,350,4,374
2025-07-30,Wednesday,3,10,Rainy,0,Medium,400,6,275
2025-01-22,Wednesday,3,9,Sunny,0,High,400,6,411
2025-04-25,Friday,2,6,Cloudy,0,Medium,450,8,439
2025-07-26,Saturday,1,11,Sunny,0,Low,500,7,201
2025-07-14,Monday,5,8,Sunny,0,High,300,4,318
2025-04-30,Wednesday,5,5,Cloudy,0,Low,300,3,134
2025-03-18,Tuesday,1,14,Rainy,0,Low,500,7,329
2025-09-25,Thursday,1,13,Cloudy,0,Low,500,7,326
2025-02-14,Friday,5,17,Sunny,0,High,300,3,381
2025-09-18,Thursday,2,7,Cloudy,0,High,450,9,445
2025-06-30,Monday,3,5,Rainy,0,Low,400,7,254
2025-03-14,Friday,1,20,Sunny,0,Medium,500,6,279
2025-11-15,Saturday,4,18,Cloudy,0,High,350,4,308
2025-08-16,Saturday,3,9,Sunny,0,High,400,5,302
2025-12-04,Thursday,2,17,Cloudy,0,High,450,9,487
2025-11-01,Saturday,4,9,Rainy,0,High,350,6,329
2025-01-08,Wednesday,4,9,Sunny,0,High,350,4,337
2025-12-12,Friday,1,5,Rainy,0,Low,500,6,352
2025-09-01,Monday,4,14,Rainy,0,Low,350,7,216
2025-02-19,Wednesday,1,10,Sunny,0,Medium,500,9,280
2025-01-20,Monday,5,5,Sunny,0,Low,300,6,147
2025-05-06,Tuesday,5,10,Cloudy,0,Medium,300,6,159
2025-08-08,Friday,2,17,Rainy,0,High,450,5,523
2025-06-11,Wednesday,5,16,Rainy,0,Medium,300,3,434
2025-12-15,Monday,4,12,Sunny,0,Low,350,4,207
2025-08-06,Wednesday,4,21,Rainy,0,Low,350,5,228
2025-09-17,Wednesday,1,9,Cloudy,0,High,500,6,499
2025-07-05,Saturday,5,21,Cloudy,1,Low,300,3,20
2025-11-30,Sunday,5,11,Sunny,0,Low,300,6,63
2025-11-08,Saturday,5,5,Sunny,0,Low,300,6,51
2025-04-27,Sunday,2,9,Rainy,0,High,450,6,379
2025-07-01,Tuesday,3,5,Cloudy,0,Low,400,5,194
2025-11-13,Thursday,2,10,Sunny,0,Medium,450,8,233
2025-06-27,Friday,1,19,Sunny,0,High,500,9,499
2025-05-30,Friday,5,5,Rainy,0,Low,300,4,207
2025-11-26,Wednesday,5,9,Cloudy,0,High,300,5,317
2025-11-04,Tuesday,4,15,Rainy,0,Low,350,7,246
2025-05-11,Sunday,4,8,Rainy,0,High,350,7,297
2025-01-10,Friday,1,6,Sunny,0,Medium,500,6,473
2025-01-07,Tuesday,1,11,Cloudy,0,Low,500,9,281
2025-08-10,Sunday,2,22,Rainy,0,Low,450,5,218
2025-04-02,Wednesday,5,17,Sunny,0,High,300,6,352
2025-10-09,Thursday,4,10,Sunny,0,Medium,350,5,186
2025-08-11,Monday,4,17,Cloudy,0,High,350,7,424
2025-12-12,Friday,1,22,Cloudy,0,Low,500,7,284
2025-08-31,Sunday,2,22,Rainy,0,Low,450,5,216
2025-08-09,Saturday,2,14,Sunny,0,Low,450,7,408
2025-11-30,Sunday,2,17,Rainy,0,High,450,6,422
2025-07-03,Thursday,2,11,Cloudy,0,Low,450,5,261
2025-06-16,Monday,4,6,Rainy,0,Medium,350,7,405
2025-06-26,Thursday,5,10,Cloudy,0,Medium,300,3,180
2025-01-30,Thursday,4,12,Cloudy,0,Low,350,6,203
2025-07-02,Wednesday,4,6,Rainy,0,Medium,350,7,373
2025-09-16,Tuesday,4,13,Cloudy,0,Low,350,4,194
2025-08-05,Tuesday,2,7,Cloudy,0,High,450,5,419
2025-12-06,Saturday,4,16,Rainy,0,Medium,350,4,342
2025-03-11,Tuesday,4,11,Cloudy,0,Low,350,7,175
2025-11-14,Friday,3,12,Cloudy,0,Low,400,6,191
2025-07-26,Saturday,1,13,Cloudy,0,Low,500,8,215
2025-04-15,Tuesday,2,8,Rainy,0,High,450,6,460
2025-05-23,Friday,4,7,Rainy,0,High,350,7,377
2025-03-15,Saturday,3,5,Rainy,0,Low,400,5,209
2025-07-13,Sunday,5,8,Cloudy,0,High,300,6,235
2025-06-01,Sunday,3,22,Sunny,0,Low,400,6,114
2025-06-14,Saturday,5,22,Sunny,0,Low,300,3,247
2025-07-08,Tuesday,4,6,Rainy,1,Medium,350,5,301
2025-12-14,Sunday,1,10,Sunny,0,Medium,500,9,190
2025-05-21,Wednesday,5,21,Cloudy,1,Low,300,6,36
2025-05-30,Friday,1,9,Sunny,0,High,500,7,499
2025-11-21,Friday,4,10,Rainy,0,Medium,350,6,205
2025-07-29,Tuesday,2,9,Rainy,0,High,450,9,459
2025-03-25,Tuesday,4,11,Cloudy,0,Low,350,5,163
2025-06-04,Wednesday,2,14,Sunny,0,Low,450,5,233
2025-11-23,Sunday,2,22,Cloudy,0,Low,450,6,165
2025-05-11,Sunday,4,7,Sunny,1,High,350,6,173
2025-10-30,Thursday,4,22,Sunny,0,Low,350,6,198
2025-06-03,Tuesday,4,5,Sunny,1,Low,350,4,90
2025-03-05,Wednesday,2,8,Cloudy,0,High,450,7,422
2025-10-03,Friday,3,13,Rainy,0,Low,400,7,245
2025-07-20,Sunday,5,16,Cloudy,0,Medium,300,6,304
2025-10-25,Saturday,2,5,Sunny,0,Low,450,9,184
2025-10-26,Sunday,3,22,Cloudy,0,Low,400,6,138
2025-02-04,Tuesday,1,11,Sunny,0,Low,500,6,281
2025-08-22,Friday,2,19,Sunny,0,High,450,6,486
2025-12-07,Sunday,1,16,Cloudy,0,Medium,500,8,553
2025-12-27,Saturday,5,11,Cloudy,0,Low,300,3,99
2025-04-29,Tuesday,5,22,Cloudy,0,Low,300,5,126
2025-11-04,Tuesday,5,11,Rainy,1,Low,300,3,78
2025-06-24,Tuesday,3,17,Rainy,0,High,400,8,462
2025-07-27,Sunday,4,19,Cloudy,0,High,350,7,323
2025-09-30,Tuesday,3,22,Sunny,0,Low,400,7,197
2025-05-22,Thursday,4,7,Sunny,0,High,350,6,454
2025-08-07,Thursday,3,18,Sunny,0,High,400,6,443
2025-03-10,Monday,2,17,Sunny,0,High,450,7,449
2025-03-13,Thursday,5,21,Sunny,0,Low,300,4,156
2025-01-06,Monday,2,21,Sunny,0,Low,450,7,270
2025-01-03,Friday,5,14,Sunny,0,Low,300,3,128
2025-03-29,Saturday,1,19,Sunny,0,High,500,7,448
2025-03-28,Friday,1,7,Sunny,0,High,500,7,480
2025-07-08,Tuesday,3,8,Sunny,0,High,400,6,396
2025-04-01,Tuesday,2,20,Rainy,0,Medium,450,6,309
2025-06-15,Sunday,2,17,Sunny,0,High,450,8,391
2025-02-17,Monday,5,20,Rainy,0,Medium,300,4,166
2025-08-02,Saturday,5,7,Rainy,1,High,300,5,170
2025-04-22,Tuesday,3,13,Cloudy,0,Low,400,6,205
2025-03-22,Saturday,5,10,Rainy,0,Medium,300,3,84
2025-09-01,Monday,2,19,Rainy,0,High,450,6,500
2025-06-20,Friday,4,14,Sunny,0,Low,350,5,168
2025-08-21,Thursday,1,16,Rainy,0,Medium,500,7,578
2025-12-04,Thursday,5,12,Rainy,0,Low,300,4,195
2025-03-10,Monday,2,16,Rainy,0,Medium,450,6,511
2025-05-03,Saturday,2,9,Cloudy,0,High,450,8,333
2025-01-15,Wednesday,2,5,Sunny,0,Low,450,8,449
2025-12-31,Wednesday,3,11,Cloudy,0,Low,400,7,233
2025-12-28,Sunday,4,7,Cloudy,0,High,350,6,262
2025-07-03,Thursday,3,13,Rainy,0,Low,400,7,236
2025-10-30,Thursday,3,7,Rainy,0,High,400,8,412
2025-09-23,Tuesday,2,13,Cloudy,0,Low,450,8,280
2025-03-23,Sunday,3,14,Sunny,0,Low,400,5,164
2025-01-27,Monday,2,11,Cloudy,0,Low,450,6,249
2025-01-05,Sunday,2,13,Rainy,0,Low,450,7,407
2025-12-28,Sunday,5,20,Sunny,0,Medium,300,4,58
2025-12-30,Tuesday,5,21,Cloudy,0,Low,300,4,171
2025-04-09,Wednesday,1,18,Cloudy,0,High,500,7,751
2025-09-29,Monday,5,14,Rainy,0,Low,300,4,179
2025-11-26,Wednesday,5,5,Cloudy,0,Low,300,4,175
2025-09-18,Thursday,1,11,Rainy,0,Low,500,9,341
2025-04-05,Saturday,5,12,Cloudy,0,Low,300,3,276
2025-05-10,Saturday,5,9,Cloudy,0,High,300,5,241
2025-06-29,Sunday,3,5,Cloudy,0,Low,400,5,157
2025-11-16,Sunday,5,9,Rainy,0,High,300,6,275
2025-12-28,Sunday,4,9,Sunny,0,High,350,6,260
2025-04-17,Thursday,2,18,Cloudy,0,High,450,6,465
2025-12-26,Friday,5,17,Cloudy,0,High,300,4,344
2025-07-22,Tuesday,2,9,Sunny,0,High,450,9,539
2025-11-28,Friday,5,17,Rainy,0,High,300,6,440
2025-05-06,Tuesday,1,10,Rainy,0,Medium,500,6,340
2025-07-30,Wednesday,2,12,Rainy,0,Low,450,5,392
2025-10-26,Sunday,3,16,Rainy,0,Medium,400,5,400
2025-06-29,Sunday,5,9,Rainy,0,High,300,6,287
2025-11-18,Tuesday,1,15,Cloudy,0,Low,500,8,313
2025-01-24,Friday,5,9,Rainy,0,High,300,6,360
2025-06-07,Saturday,5,13,Cloudy,0,Low,300,5,68
2025-06-28,Saturday,3,20,Cloudy,0,Medium,400,7,167
2025-07-14,Monday,5,5,Rainy,0,Low,300,3,186
2025-12-26,Friday,3,16,Sunny,0,Medium,400,7,422
2025-11-24,Monday,5,7,Sunny,0,High,300,3,329
2025-06-14,Saturday,1,7,Sunny,0,High,500,8,375
2025-12-26,Friday,3,15,Sunny,0,Low,400,8,241
2025-04-07,Monday,2,11,Sunny,0,Low,450,5,277
2025-03-08,Saturday,2,19,Cloudy,0,High,450,6,364
2025-04-27,Sunday,1,20,Cloudy,0,Medium,500,10,230
2025-02-26,Wednesday,1,5,Sunny,0,Low,500,9,435
2025-07-23,Wednesday,2,10,Rainy,0,Medium,450,5,303
2025-04-13,Sunday,2,22,Cloudy,0,Low,450,7,280
2025-06-28,Saturday,2,20,Cloudy,0,Medium,450,9,185
2025-04-12,Saturday,5,13,Rainy,0,Low,300,3,113
2025-01-14,Tuesday,3,17,Cloudy,0,High,400,6,417
2025-09-23,Tuesday,4,8,Cloudy,0,High,350,5,339
2025-11-23,Sunday,2,11,Cloudy,0,Low,450,8,185
2025-07-07,Monday,2,13,Sunny,0,Low,450,7,228
2025-03-07,Friday,1,17,Sunny,1,High,500,6,402
2025-11-04,Tuesday,1,13,Cloudy,0,Low,500,8,323
2025-05-25,Sunday,3,9,Cloudy,0,High,400,6,310
2025-06-02,Monday,5,17,Sunny,0,High,300,3,385
2025-04-27,Sunday,1,8,Cloudy,0,High,500,6,428
2025-11-17,Monday,1,13,Cloudy,0,Low,500,6,329
2025-08-12,Tuesday,5,12,Cloudy,0,Low,300,4,144
2025-03-31,Monday,4,22,Cloudy,0,Low,350,7,208
2025-08-06,Wednesday,2,22,Sunny,0,Low,450,6,253
2025-12-01,Monday,4,13,Rainy,0,Low,350,4,249
2025-05-15,Thursday,1,17,Rainy,0,High,500,8,567
2025-03-06,Thursday,2,22,Sunny,0,Low,450,6,255
2025-03-05,Wednesday,5,18,Cloudy,0,High,300,6,390
2025-03-23,Sunday,3,18,Rainy,0,High,400,7,415
2025-05-07,Wednesday,2,19,Cloudy,1,High,450,5,346
2025-01-28,Tuesday,1,8,Cloudy,0,High,500,6,509
2025-04-12,Saturday,5,19,Rainy,0,High,300,6,323
2025-02-08,Saturday,4,16,Cloudy,0,Medium,350,6,336
2025-10-29,Wednesday,3,20,Cloudy,0,Medium,400,8,222
2025-05-27,Tuesday,5,7,Sunny,0,High,300,5,321
2025-05-15,Thursday,1,11,Sunny,0,Low,500,8,319
2025-12-23,Tuesday,5,8,Cloudy,0,High,300,3,321
2025-05-10,Saturday,3,11,Rainy,0,Low,400,5,173
2025-08-23,Saturday,4,8,Cloudy,0,High,350,6,265
2025-12-10,Wednesday,2,12,Cloudy,0,Low,450,6,239
2025-03-26,Wednesday,4,7,Cloudy,1,High,350,4,262
2025-08-16,Saturday,3,21,Rainy,0,Low,400,6,183
2025-03-29,Saturday,3,8,Sunny,0,High,400,8,290
2025-04-21,Monday,5,21,Sunny,0,Low,300,4,121
2025-06-22,Sunday,2,22,Rainy,0,Low,450,7,220
2025-07-06,Sunday,5,14,Rainy,0,Low,300,5,120
2025-01-24,Friday,3,13,Rainy,0,Low,400,8,290
2025-12-29,Monday,3,7,Cloudy,0,High,400,6,409
2025-06-04,Wednesday,4,5,Sunny,0,Low,350,7,179
2025-03-04,Tuesday,4,18,Cloudy,1,High,350,7,428
2025-12-12,Friday,5,6,Rainy,0,Medium,300,3,367
2025-11-12,Wednesday,3,18,Cloudy,0,High,400,5,447
2025-09-15,Monday,2,17,Cloudy,0,High,450,7,471
2025-03-06,Thursday,5,17,Sunny,0,High,300,6,361
2025-04-08,Tuesday,1,10,Rainy,0,Medium,500,7,319
2025-02-01,Saturday,5,14,Cloudy,0,Low,300,4,50
2025-06-07,Saturday,1,5,Cloudy,0,Low,500,9,243
2025-10-18,Saturday,2,15,Cloudy,0,Low,450,8,200
2025-03-26,Wednesday,3,18,Sunny,0,High,400,5,436
2025-09-23,Tuesday,4,22,Cloudy,0,Low,350,5,175
2025-08-20,Wednesday,2,12,Rainy,0,Low,450,8,307
2025-11-07,Friday,4,5,Sunny,0,Low,350,5,167
2025-02-28,Friday,3,21,Sunny,0,Low,400,8,242
2025-11-13,Thursday,1,9,Cloudy,0,High,500,7,466
2025-09-20,Saturday,4,17,Rainy,0,High,350,7,359
2025-09-11,Thursday,2,6,Rainy,0,Medium,450,6,447
2025-10-04,Saturday,3,17,Cloudy,0,High,400,7,338
2025-09-06,Saturday,3,14,Sunny,0,Low,400,7,133
2025-04-26,Saturday,2,16,Rainy,0,Medium,450,9,404
2025-07-24,Thursday,5,21,Rainy,0,Low,300,5,179
2025-12-26,Friday,5,20,Cloudy,0,Medium,300,5,377
2025-03-17,Monday,2,8,Rainy,0,High,450,5,483
2025-08-18,Monday,1,20,Rainy,0,Medium,500,6,318
2025-07-18,Friday,5,20,Rainy,0,Medium,300,5,193
2025-01-19,Sunday,5,21,Cloudy,0,Low,300,6,93
2025-10-19,Sunday,5,20,Cloudy,0,Medium,300,6,58
2025-02-11,Tuesday,5,12,Sunny,0,Low,300,4,158
2025-05-15,Thursday,4,5,Cloudy,0,Low,350,4,176
2025-12-21,Sunday,2,15,Sunny,0,Low,450,8,140
2025-03-15,Saturday,3,13,Cloudy,0,Low,400,8,131
2025-05-07,Wednesday,1,6,Rainy,0,Medium,500,9,540
2025-01-20,Monday,5,21,Cloudy,1,Low,300,5,80
2025-06-26,Thursday,4,12,Rainy,0,Low,350,6,208
2025-07-29,Tuesday,1,7,Rainy,0,High,500,10,523
2025-09-24,Wednesday,3,6,Rainy,0,Medium,400,8,428
2025-11-02,Sunday,5,21,Cloudy,0,Low,300,6,90
2025-07-25,Friday,3,13,Cloudy,0,Low,400,8,205
2025-01-12,Sunday,3,16,Sunny,0,Medium,400,7,339
2025-02-02,Sunday,3,6,Rainy,0,Medium,400,8,342
2025-11-01,Saturday,5,10,Cloudy,0,Medium,300,3,49
2025-02-18,Tuesday,4,11,Cloudy,0,Low,350,5,159
2025-07-11,Friday,2,9,Sunny,0,High,450,7,458
2025-06-05,Thursday,3,20,Rainy,0,Medium,400,6,234
2025-05-05,Monday,2,10,Sunny,0,Medium,450,5,253
2025-03-29,Saturday,3,6,Rainy,0,Medium,400,6,377
2025-01-14,Tuesday,5,6,Cloudy,0,Medium,300,5,325
2025-03-05,Wednesday,4,11,Rainy,0,Low,350,5,191
2025-09-23,Tuesday,4,14,Cloudy,0,Low,350,4,200
2025-11-20,Thursday,3,11,Cloudy,0,Low,400,8,197
2025-12-30,Tuesday,3,20,Sunny,0,Medium,400,5,226
2025-12-27,Saturday,4,7,Cloudy,0,High,350,5,293
2025-11-11,Tuesday,5,14,Cloudy,0,Low,300,4,125
2025-11-27,Thursday,1,6,Rainy,0,Medium,500,10,508
2025-10-06,Monday,4,11,Sunny,0,Low,350,6,170
2025-04-29,Tuesday,2,5,Rainy,0,Low,450,7,289
2025-09-12,Friday,5,12,Rainy,0,Low,300,5,373
2025-11-19,Wednesday,3,16,Cloudy,0,Medium,400,5,427
2025-10-12,Sunday,3,8,Sunny,0,High,400,6,294
2025-12-11,Thursday,5,6,Rainy,0,Medium,300,6,370
2025-12-06,Saturday,2,6,Sunny,0,Medium,450,8,374
2025-07-09,Wednesday,2,11,Cloudy,0,Low,450,5,247
2025-03-19,Wednesday,4,21,Sunny,0,Low,350,7,411
2025-12-03,Wednesday,5,10,Sunny,0,Medium,300,4,179
2025-10-14,Tuesday,3,21,Rainy,0,Low,400,8,273
2025-08-12,Tuesday,3,12,Cloudy,0,Low,400,6,195
2025-10-19,Sunday,4,12,Rainy,0,Low,350,6,112
2025-01-01,Wednesday,4,10,Cloudy,0,Medium,350,6,202
2025-02-13,Thursday,1,7,Rainy,0,High,500,6,513
2025-04-26,Saturday,5,14,Sunny,0,Low,300,3,88
2025-06-27,Friday,3,20,Rainy,0,Medium,400,5,287
2025-03-10,Monday,4,13,Rainy,0,Low,350,5,214
2025-04-25,Friday,5,20,Sunny,1,Medium,300,6,24
2025-09-28,Sunday,4,13,Rainy,0,Low,350,4,164
2025-10-05,Sunday,5,12,Rainy,0,Low,300,4,242
2025-08-15,Friday,2,15,Rainy,0,Low,450,9,264
2025-12-21,Sunday,4,6,Sunny,0,Medium,350,4,289
2025-05-08,Thursday,3,22,Cloudy,0,Low,400,8,249
2025-01-22,Wednesday,3,17,Sunny,0,High,400,5,433
2025-01-15,Wednesday,4,20,Rainy,0,Medium,350,6,218
2025-12-29,Monday,4,13,Cloudy,0,Low,350,7,192
2025-10-02,Thursday,1,9,Cloudy,0,High,500,7,495
2025-06-20,Friday,1,10,Cloudy,0,Medium,500,7,327
2025-11-27,Thursday,4,21,Rainy,0,Low,350,5,243
2025-06-04,Wednesday,1,11,Cloudy,0,Low,500,8,287
2025-05-14,Wednesday,1,8,Sunny,0,High,500,9,496
2025-05-22,Thursday,1,20,Cloudy,0,Medium,500,7,483
2025-04-28,Monday,3,6,Rainy,0,Medium,400,5,455
2025-03-23,Sunday,4,17,Sunny,0,High,350,7,297
2025-12-31,Wednesday,4,15,Sunny,0,Low,350,5,191
2025-02-23,Sunday,5,21,Sunny,0,Low,300,3,64
2025-07-01,Tuesday,2,6,Cloudy,0,Medium,450,9,430
2025-04-02,Wednesday,1,19,Rainy,0,High,500,8,575
2025-09-07,Sunday,4,17,Cloudy,0,High,350,4,341
2025-03-25,Tuesday,1,7,Cloudy,0,High,500,7,483
2025-02-20,Thursday,5,7,Cloudy,0,High,300,5,330
2025-07-09,Wednesday,4,8,Sunny,1,High,350,6,242
2025-12-08,Monday,3,22,Rainy,0,Low,400,5,272
2025-04-09,Wednesday,3,12,Sunny,0,Low,400,6,200
2025-10-12,Sunday,1,12,Rainy,0,Low,500,7,277
2025-06-28,Saturday,2,19,Cloudy,0,High,450,7,409
2025-07-12,Saturday,5,20,Sunny,0,Medium,300,4,53
2025-06-16,Monday,4,12,Rainy,0,Low,350,6,248
2025-06-14,Saturday,4,8,Rainy,0,High,350,7,332
2025-11-14,Friday,2,19,Cloudy,0,High,450,6,467
2025-12-13,Saturday,4,18,Cloudy,0,High,350,4,308
2025-11-09,Sunday,3,12,Rainy,0,Low,400,5,206
2025-12-13,Saturday,5,7,Cloudy,0,High,300,3,267
2025-05-10,Saturday,1,22,Rainy,0,Low,500,8,265
2025-05-17,Saturday,5,8,Cloudy,0,High,300,6,238
2025-06-26,Thursday,3,14,Sunny,0,Low,400,8,213
2025-08-31,Sunday,3,20,Sunny,0,Medium,400,7,118
2025-12-12,Friday,5,5,Rainy,0,Low,300,6,218
2025-04-11,Friday,4,16,Cloudy,0,Medium,350,6,411
2025-03-03,Monday,3,15,Rainy,0,Low,400,5,253
2025-06-28,Saturday,4,9,Cloudy,0,High,350,5,264
2025-01-02,Thursday,2,22,Cloudy,0,Low,450,9,254
2025-04-19,Saturday,5,16,Sunny,0,Medium,300,5,293
2025-05-05,Monday,5,16,Cloudy,0,Medium,300,6,363
2025-10-17,Friday,3,13,Cloudy,0,Low,400,7,239
2025-10-16,Thursday,2,22,Sunny,0,Low,450,5,273
2025-09-08,Monday,3,13,Sunny,0,Low,400,8,224
2025-07-01,Tuesday,2,20,Sunny,0,Medium,450,8,262
2025-08-12,Tuesday,3,7,Rainy,0,High,400,7,414
2025-03-30,Sunday,3,19,Sunny,0,High,400,8,387
2025-01-24,Friday,1,10,Cloudy,0,Medium,500,9,325
2025-06-18,Wednesday,2,11,Cloudy,0,Low,450,8,390
2025-01-10,Friday,5,22,Cloudy,1,Low,300,3,24
2025-07-02,Wednesday,5,19,Cloudy,0,High,300,6,400
2025-05-28,Wednesday,2,5,Cloudy,0,Low,450,7,247
2025-05-07,Wednesday,5,11,Sunny,0,Low,300,4,179
2025-04-29,Tuesday,2,12,Cloudy,0,Low,450,9,259
2025-12-30,Tuesday,5,22,Rainy,0,Low,300,4,205
2025-09-03,Wednesday,5,9,Cloudy,0,High,300,4,346
2025-08-20,Wednesday,4,12,Cloudy,0,Low,350,5,368
2025-10-17,Friday,5,6,Rainy,0,Medium,300,3,377
2025-06-10,Tuesday,1,15,Rainy,0,Low,500,6,354
2025-10-29,Wednesday,3,16,Sunny,0,Medium,400,6,416
2025-01-21,Tuesday,3,10,Sunny,0,Medium,400,7,205
2025-06-22,Sunday,3,18,Sunny,0,High,400,8,383
2025-08-14,Thursday,1,22,Sunny,0,Low,500,7,291
2025-06-07,Saturday,5,17,Rainy,1,High,300,6,231
2025-06-28,Saturday,4,9,Cloudy,0,High,350,7,297
2025-04-30,Wednesday,3,14,Rainy,0,Low,400,8,231
2025-03-24,Monday,5,6,Rainy,0,Medium,300,6,374
2025-10-30,Thursday,4,21,Sunny,0,Low,350,6,173
2025-10-15,Wednesday,1,20,Cloudy,0,Medium,500,6,289
2025-09-24,Wednesday,3,22,Rainy,0,Low,400,8,243
2025-08-24,Sunday,3,22,Rainy,0,Low,400,5,187
2025-11-06,Thursday,2,9,Cloudy,0,High,450,9,442
2025-11-04,Tuesday,4,18,Rainy,0,High,350,5,424
2025-05-07,Wednesday,3,9,Rainy,0,High,400,5,468
2025-06-18,Wednesday,3,10,Sunny,0,Medium,400,6,228
2025-06-29,Sunday,3,13,Rainy,0,Low,400,7,202
2025-10-25,Saturday,2,7,Rainy,0,High,450,7,398
2025-12-20,Saturday,3,21,Cloudy,0,Low,400,7,142
2025-01-27,Monday,5,10,Sunny,0,Medium,300,6,147
2025-06-23,Monday,5,5,Rainy,0,Low,300,6,168
2025-10-10,Friday,2,7,Cloudy,1,High,450,6,343
2025-09-25,Thursday,4,9,Cloudy,0,High,350,6,360
2025-11-05,Wednesday,4,20,Rainy,0,Medium,350,7,200
2025-09-06,Saturday,2,19,Cloudy,0,High,450,9,398
2025-08-29,Friday,1,8,Cloudy,0,High,500,8,460
2025-05-19,Monday,2,19,Cloudy,0,High,450,8,462
2025-03-24,Monday,3,12,Cloudy,0,Low,400,5,212
2025-04-06,Sunday,5,6,Sunny,0,Medium,300,4,271
2025-05-31,Saturday,2,15,Rainy,0,Low,450,8,210
2025-12-17,Wednesday,5,10,Sunny,1,Medium,300,4,64
2025-11-08,Saturday,1,10,Cloudy,0,Medium,500,10,229
2025-03-21,Friday,3,16,Sunny,0,Medium,400,8,421
2025-04-26,Saturday,1,9,Rainy,0,High,500,6,412
2025-11-27,Thursday,4,10,Sunny,0,Medium,350,4,175
2025-09-26,Friday,2,17,Rainy,0,High,450,8,517
2025-09-11,Thursday,5,19,Sunny,0,High,300,3,382
2025-03-30,Sunday,5,19,Rainy,0,High,300,3,313
2025-01-24,Friday,5,17,Rainy,0,High,300,6,546
2025-08-15,Friday,2,6,Cloudy,0,Medium,450,6,429
2025-05-29,Thursday,1,7,Cloudy,0,High,500,7,451
2025-01-30,Thursday,1,7,Sunny,1,High,500,9,364
2025-05-01,Thursday,1,22,Rainy,0,Low,500,8,548
2025-01-18,Saturday,1,16,Cloudy,0,Medium,500,9,444
2025-05-26,Monday,2,5,Rainy,0,Low,450,9,299
2025-09-17,Wednesday,2,14,Sunny,0,Low,450,7,273
2025-08-16,Saturday,3,9,Sunny,0,High,400,7,324
2025-09-25,Thursday,1,16,Rainy,0,Medium,500,10,544
2025-09-29,Monday,1,21,Sunny,0,Low,500,7,279
2025-06-05,Thursday,5,9,Sunny,0,High,300,6,335
2025-12-31,Wednesday,1,16,Rainy,0,Medium,500,6,562
2025-06-09,Monday,5,11,Sunny,0,Low,300,3,146
2025-12-13,Saturday,2,16,Sunny,0,Medium,450,9,362
2025-12-18,Thursday,2,18,Rainy,0,High,450,8,530
2025-02-12,Wednesday,1,17,Sunny,0,High,500,8,492
2025-12-29,Monday,4,20,Rainy,0,Medium,350,7,241
2025-07-26,Saturday,4,5,Sunny,0,Low,350,7,70
2025-03-13,Thursday,1,6,Sunny,0,Medium,500,8,475
2025-10-31,Friday,3,8,Rainy,0,High,400,7,415
2025-05-30,Friday,1,20,Cloudy,0,Medium,500,10,298
2025-02-03,Monday,5,16,Sunny,0,Medium,300,4,386
2025-12-17,Wednesday,4,8,Cloudy,0,High,350,6,334
2025-09-19,Friday,5,19,Rainy,0,High,300,6,381
2025-12-18,Thursday,1,19,Rainy,0,High,500,10,721
2025-08-06,Wednesday,1,11,Rainy,0,Low,500,10,361
2025-09-30,Tuesday,4,19,Cloudy,0,High,350,6,427
2025-09-08,Monday,2,17,Rainy,0,High,450,8,489
2025-02-13,Thursday,2,6,Cloudy,0,Medium,450,7,419
2025-06-30,Monday,4,16,Cloudy,0,Medium,350,6,403
2025-04-19,Saturday,5,14,Sunny,0,Low,300,4,50
2025-03-16,Sunday,2,14,Sunny,0,Low,450,6,165
2025-12-22,Monday,5,12,Cloudy,0,Low,300,5,175
2025-08-08,Friday,1,18,Rainy,0,High,500,8,569
2025-07-11,Friday,3,9,Rainy,0,High,400,6,456
2025-11-18,Tuesday,5,6,Rainy,0,Medium,300,4,345
2025-08-14,Thursday,5,18,Rainy,0,High,300,5,389
2025-01-01,Wednesday,2,5,Rainy,0,Low,450,6,295
2025-05-27,Tuesday,4,16,Cloudy,0,Medium,350,5,382
2025-03-10,Monday,3,19,Sunny,0,High,400,8,411
2025-11-10,Monday,4,8,Rainy,0,High,350,7,417
2025-03-06,Thursday,2,6,Sunny,0,Medium,450,5,419
2025-03-14,Friday,2,13,Rainy,0,Low,450,5,260
2025-11-26,Wednesday,3,5,Cloudy,0,Low,400,5,240
2025-07-07,Monday,4,14,Rainy,0,Low,350,5,192
2025-01-19,Sunday,4,9,Rainy,0,High,350,6,328
2025-09-21,Sunday,4,8,Rainy,0,High,350,5,344
2025-04-21,Monday,3,22,Sunny,0,Low,400,7,210
2025-05-27,Tuesday,2,20,Rainy,0,Medium,450,6,281
2025-05-08,Thursday,4,15,Rainy,0,Low,350,6,372
2025-10-08,Wednesday,2,20,Sunny,0,Medium,450,9,276
2025-07-22,Tuesday,5,8,Cloudy,0,High,300,3,321
2025-03-23,Sunday,2,8,Cloudy,0,High,450,7,344
2025-06-14,Saturday,2,11,Rainy,0,Low,450,8,239
2025-09-26,Friday,2,11,Sunny,0,Low,450,7,252
2025-06-15,Sunday,3,18,Cloudy,0,High,400,7,365
2025-11-25,Tuesday,1,7,Cloudy,0,High,500,10,456
2025-01-30,Thursday,1,17,Sunny,0,High,500,10,492
2025-01-06,Monday,5,21,Cloudy,0,Low,300,4,135
2025-09-07,Sunday,3,14,Sunny,0,Low,400,6,148
2025-12-30,Tuesday,2,13,Rainy,0,Low,450,6,304
2025-10-05,Sunday,2,10,Cloudy,0,Medium,450,7,172
2025-10-25,Saturday,1,14,Cloudy,1,Low,500,10,150
2025-10-13,Monday,1,17,Rainy,0,High,500,7,569
2025-04-24,Thursday,1,7,Sunny,0,High,500,6,472
2025-07-29,Tuesday,2,8,Sunny,0,High,450,9,452
2025-03-29,Saturday,5,16,Cloudy,0,Medium,300,5,288
2025-03-31,Monday,5,16,Rainy,0,Medium,300,5,403
2025-07-05,Saturday,5,11,Rainy,0,Low,300,4,96
2025-02-03,Monday,2,14,Cloudy,0,Low,450,8,380
2025-10-03,Friday,5,8,Rainy,0,High,300,6,399
2025-02-27,Thursday,5,8,Cloudy,0,High,300,4,445
2025-03-14,Friday,2,18,Cloudy,0,High,450,8,472
2025-03-07,Friday,1,5,Sunny,0,Low,500,8,295
2025-07-16,Wednesday,1,7,Sunny,0,High,500,9,483
2025-03-12,Wednesday,4,21,Rainy,0,Low,350,7,194
2025-06-23,Monday,2,20,Sunny,0,Medium,450,5,366
2025-05-30,Friday,4,18,Rainy,0,High,350,7,462
2025-03-09,Sunday,1,21,Cloudy,0,Low,500,9,212
2025-04-07,Monday,3,12,Sunny,0,Low,400,5,436
2025-05-14,Wednesday,5,15,Rainy,0,Low,300,6,186
2025-01-26,Sunday,1,15,Rainy,0,Low,500,9,239
2025-06-25,Wednesday,2,14,Rainy,0,Low,450,7,282
2025-02-04,Tuesday,4,10,Cloudy,0,Medium,350,5,197
2025-01-11,Saturday,1,20,Cloudy,0,Medium,500,8,224
2025-07-29,Tuesday,5,5,Cloudy,0,Low,300,4,285
2025-05-12,Monday,4,10,Cloudy,0,Medium,350,6,203
2025-04-25,Friday,3,7,Cloudy,0,High,400,7,396
2025-08-24,Sunday,4,8,Rainy,0,High,350,5,318
2025-09-21,Sunday,4,15,Cloudy,0,Low,350,7,119
2025-06-04,Wednesday,1,9,Cloudy,0,High,500,8,503
2025-07-05,Saturday,5,10,Rainy,1,Medium,300,3,20
2025-08-28,Thursday,5,11,Sunny,0,Low,300,4,145
2025-08-05,Tuesday,3,15,Rainy,0,Low,400,8,230
2025-09-15,Monday,2,13,Rainy,0,Low,450,5,315
2025-02-22,Saturday,3,12,Rainy,0,Low,400,7,163
2025-01-29,Wednesday,1,22,Sunny,0,Low,500,10,479
2025-05-16,Friday,4,14,Cloudy,0,Low,350,6,154
2025-02-25,Tuesday,5,5,Cloudy,0,Low,300,4,173
2025-08-13,Wednesday,2,6,Rainy,0,Medium,450,9,487
2025-08-01,Friday,3,6,Sunny,0,Medium,400,6,407
2025-04-30,Wednesday,5,8,Rainy,0,High,300,6,395
2025-09-20,Saturday,3,5,Rainy,0,Low,400,7,168
2025-03-19,Wednesday,5,19,Rainy,0,High,300,6,392
2025-05-07,Wednesday,4,11,Cloudy,0,Low,350,6,175
2025-03-05,Wednesday,2,21,Sunny,0,Low,450,6,236
2025-11-14,Friday,5,9,Sunny,0,High,300,5,347
2025-02-01,Saturday,5,21,Cloudy,0,Low,300,4,81
2025-08-09,Saturday,4,11,Sunny,0,Low,350,5,73
2025-02-13,Thursday,5,16,Sunny,0,Medium,300,3,346
2025-12-12,Friday,1,6,Cloudy,0,Medium,500,8,450
2025-12-03,Wednesday,1,22,Cloudy,0,Low,500,9,318
2025-09-28,Sunday,2,20,Rainy,0,Medium,450,5,237
2025-07-10,Thursday,4,11,Cloudy,0,Low,350,4,190
2025-03-11,Tuesday,5,18,Rainy,0,High,300,6,410
2025-09-08,Monday,5,17,Rainy,0,High,300,3,388
2025-05-14,Wednesday,4,19,Rainy,0,High,350,6,458
2025-07-10,Thursday,1,20,Cloudy,0,Medium,500,8,275
2025-06-19,Thursday,1,5,Rainy,0,Low,500,10,322
2025-10-07,Tuesday,4,21,Cloudy,0,Low,350,5,154
2025-07-09,Wednesday,3,6,Sunny,0,Medium,400,5,412
2025-01-12,Sunday,3,17,Sunny,0,High,400,8,386
2025-02-25,Tuesday,2,11,Rainy,0,Low,450,8,269
2025-02-10,Monday,5,20,Rainy,0,Medium,300,3,162
2025-10-28,Tuesday,1,17,Rainy,0,High,500,9,571
2025-05-06,Tuesday,3,13,Sunny,1,Low,400,5,131
2025-05-27,Tuesday,3,13,Sunny,0,Low,400,5,198
2025-04-21,Monday,3,8,Cloudy,0,High,400,8,422
2025-05-03,Saturday,2,18,Cloudy,0,High,450,7,365
2025-02-24,Monday,3,6,Sunny,0,Medium,400,5,379
2025-09-30,Tuesday,3,16,Sunny,0,Medium,400,8,438
2025-02-10,Monday,2,14,Cloudy,0,Low,450,7,235
2025-06-18,Wednesday,3,15,Sunny,0,Low,400,7,234
2025-12-22,Monday,3,7,Sunny,0,High,400,5,371
2025-05-06,Tuesday,4,7,Cloudy,0,High,350,6,356
2025-06-20,Friday,5,18,Cloudy,0,High,300,3,364
2025-01-01,Wednesday,5,18,Sunny,0,High,300,6,366
2025-07-28,Monday,1,17,Rainy,0,High,500,10,580
2025-03-04,Tuesday,4,12,Rainy,0,Low,350,7,218
2025-10-15,Wednesday,4,17,Cloudy,0,High,350,4,379
2025-07-17,Thursday,3,17,Rainy,0,High,400,6,477
2025-12-06,Saturday,2,21,Rainy,0,Low,450,9,187
2025-04-09,Wednesday,3,8,Cloudy,0,High,400,7,412
2025-09-14,Sunday,4,19,Cloudy,0,High,350,7,348
2025-10-31,Friday,1,13,Rainy,0,Low,500,9,340
2025-10-11,Saturday,4,16,Sunny,0,Medium,350,4,418
2025-09-22,Monday,3,10,Sunny,0,Medium,400,6,232
2025-10-13,Monday,2,17,Cloudy,0,High,450,9,485
2025-12-01,Monday,3,7,Sunny,0,High,400,8,410
2025-09-09,Tuesday,2,12,Cloudy,0,Low,450,9,280
2025-01-20,Monday,2,19,Sunny,0,High,450,5,497
2025-05-18,Sunday,1,15,Sunny,1,Low,500,6,111
2025-01-21,Tuesday,1,18,Rainy,0,High,500,7,544
2025-04-09,Wednesday,5,19,Rainy,0,High,300,6,402
2025-02-21,Friday,4,7,Sunny,0,High,350,7,330
2025-09-21,Sunday,1,9,Cloudy,0,High,500,9,376
2025-04-25,Friday,4,10,Sunny,0,Medium,350,5,203
2025-08-06,Wednesday,5,18,Cloudy,0,High,300,3,398
2025-01-29,Wednesday,5,10,Cloudy,0,Medium,300,6,128
2025-06-02,Monday,4,22,Sunny,0,Low,350,6,162
2025-07-24,Thursday,4,18,Rainy,0,High,350,7,460
2025-02-14,Friday,4,5,Sunny,0,Low,350,5,188
2025-02-09,Sunday,2,17,Rainy,0,High,450,5,410
2025-08-30,Saturday,4,19,Cloudy,0,High,350,4,323
2025-07-27,Sunday,3,12,Cloudy,0,Low,400,6,113
2025-11-01,Saturday,5,10,Cloudy,1,Medium,300,3,20
2025-11-20,Thursday,2,15,Rainy,0,Low,450,8,271
2025-04-30,Wednesday,1,18,Sunny,0,High,500,7,535
2025-11-29,Saturday,3,18,Cloudy,0,High,400,7,354
2025-04-18,Friday,2,22,Rainy,0,Low,450,9,272
2025-11-17,Monday,3,20,Cloudy,0,Medium,400,5,234
2025-10-16,Thursday,3,19,Rainy,0,High,400,8,475
2025-03-06,Thursday,1,19,Rainy,0,High,500,10,547
2025-06-25,Wednesday,1,12,Sunny,1,Low,500,9,180
2025-02-27,Thursday,1,14,Cloudy,0,Low,500,10,302
2025-04-02,Wednesday,4,15,Rainy,0,Low,350,6,204
2025-01-23,Thursday,5,18,Sunny,0,High,300,3,351
2025-12-20,Saturday,2,10,Sunny,0,Medium,450,8,149
2025-09-26,Friday,5,15,Cloudy,0,Low,300,4,161
2025-07-10,Thursday,2,13,Rainy,0,Low,450,5,302
2025-05-22,Thursday,1,12,Rainy,0,Low,500,7,326
2025-05-23,Friday,5,8,Sunny,0,High,300,4,359
2025-09-28,Sunday,4,22,Cloudy,0,Low,350,5,77
2025-08-25,Monday,2,11,Sunny,0,Low,450,9,280
2025-01-30,Thursday,1,13,Rainy,0,Low,500,10,352
2025-10-26,Sunday,5,12,Sunny,0,Low,300,4,56
2025-12-29,Monday,2,11,Sunny,0,Low,450,9,260
2025-09-26,Friday,3,19,Cloudy,0,High,400,5,457
2025-01-05,Sunday,1,6,Rainy,0,Medium,500,9,444
2025-12-01,Monday,4,11,Rainy,0,Low,350,7,200
2025-04-17,Thursday,5,17,Sunny,0,High,300,3,352
2025-11-18,Tuesday,4,20,Sunny,0,Medium,350,6,170
2025-03-30,Sunday,3,14,Sunny,0,Low,400,7,120
2025-04-20,Sunday,2,19,Cloudy,0,High,450,7,576
2025-05-21,Wednesday,2,14,Sunny,0,Low,450,6,221
2025-08-23,Saturday,5,18,Sunny,0,High,300,4,307
2025-10-27,Monday,3,15,Sunny,0,Low,400,6,248
2025-10-26,Sunday,1,9,Rainy,0,High,500,7,465
2025-03-19,Wednesday,3,18,Rainy,0,High,400,8,497
2025-07-31,Thursday,4,7,Cloudy,0,High,350,5,373
2025-05-13,Tuesday,3,12,Rainy,0,Low,400,8,265
2025-07-11,Friday,1,16,Cloudy,0,Medium,500,6,532
2025-02-26,Wednesday,4,17,Rainy,0,High,350,7,443
2025-04-09,Wednesday,5,9,Rainy,0,High,300,3,382
2025-11-05,Wednesday,3,12,Rainy,0,Low,400,8,290
2025-04-23,Wednesday,3,7,Sunny,0,High,400,6,420
2025-09-12,Friday,4,19,Cloudy,0,High,350,4,379
2025-06-17,Tuesday,2,10,Rainy,0,Medium,450,7,317
2025-07-03,Thursday,4,14,Rainy,0,Low,350,7,194
2025-07-15,Tuesday,5,5,Rainy,0,Low,300,6,190
2025-05-24,Saturday,2,20,Sunny,0,Medium,450,8,192
2025-09-01,Monday,3,15,Rainy,0,Low,400,5,237
2025-01-14,Tuesday,3,13,Cloudy,0,Low,400,6,222
2025-09-05,Friday,4,14,Rainy,0,Low,350,4,197
2025-06-16,Monday,4,8,Cloudy,0,High,350,5,358
2025-08-21,Thursday,4,8,Rainy,0,High,350,6,406
2025-05-10,Saturday,1,18,Sunny,0,High,500,7,436
2025-01-25,Saturday,5,5,Cloudy,0,Low,300,5,57
2025-10-30,Thursday,1,14,Sunny,0,Low,500,10,298
2025-09-07,Sunday,5,19,Cloudy,0,High,300,4,316
2025-07-13,Sunday,2,8,Sunny,0,High,450,7,374
2025-09-28,Sunday,3,7,Rainy,0,High,400,7,348
2025-06-01,Sunday,2,14,Cloudy,0,Low,450,5,162
2025-08-31,Sunday,4,16,Rainy,0,Medium,350,4,341
2025-04-12,Saturday,4,18,Sunny,0,High,350,6,335
2025-03-30,Sunday,2,19,Sunny,0,High,450,6,416
2025-08-06,Wednesday,4,16,Rainy,0,Medium,350,7,411
2025-08-26,Tuesday,2,18,Cloudy,0,High,450,7,457
2025-08-16,Saturday,3,19,Cloudy,0,High,400,8,334
2025-08-29,Friday,2,19,Cloudy,0,High,450,6,487
2025-03-25,Tuesday,3,6,Rainy,0,Medium,400,5,423
2025-11-03,Monday,4,13,Rainy,0,Low,350,7,211
2025-03-05,Wednesday,4,16,Cloudy,0,Medium,350,7,424
2025-02-05,Wednesday,3,7,Rainy,0,High,400,7,466
2025-12-14,Sunday,1,15,Rainy,0,Low,500,8,275
2025-10-20,Monday,2,15,Rainy,0,Low,450,7,299
2025-08-06,Wednesday,3,20,Sunny,0,Medium,400,6,194
2025-11-04,Tuesday,3,12,Sunny,0,Low,400,8,371
2025-02-23,Sunday,5,6,Sunny,0,Medium,300,4,258
2025-05-03,Saturday,4,12,Cloudy,0,Low,350,5,111
2025-08-05,Tuesday,1,15,Rainy,0,Low,500,6,353
2025-05-16,Friday,1,15,Sunny,0,Low,500,9,287
2025-04-21,Monday,4,17,Cloudy,0,High,350,5,419
2025-04-13,Sunday,2,16,Cloudy,0,Medium,450,8,393
2025-04-11,Friday,5,6,Sunny,0,Medium,300,3,337
2025-01-18,Saturday,5,9,Sunny,0,High,300,5,232
2025-03-18,Tuesday,4,17,Cloudy,0,High,350,4,412
2025-01-26,Sunday,5,21,Sunny,0,Low,300,5,292
2025-11-23,Sunday,3,20,Sunny,0,Medium,400,6,378
2025-11-22,Saturday,2,12,Rainy,0,Low,450,9,217
2025-09-09,Tuesday,5,21,Cloudy,0,Low,300,5,130
2025-11-02,Sunday,1,10,Rainy,1,Medium,500,7,135
2025-05-11,Sunday,2,6,Rainy,0,Medium,450,5,382
2025-09-07,Sunday,5,9,Cloudy,0,High,300,3,233
2025-09-03,Wednesday,3,9,Rainy,0,High,400,7,469
2025-11-03,Monday,3,14,Cloudy,0,Low,400,5,383
2025-11-18,Tuesday,3,8,Cloudy,0,High,400,8,372
2025-10-24,Friday,1,6,Cloudy,0,Medium,500,9,481
2025-03-10,Monday,1,15,Sunny,0,Low,500,8,295
2025-08-31,Sunday,3,6,Rainy,0,Medium,400,8,384
2025-08-08,Friday,4,6,Rainy,0,Medium,350,4,389
2025-06-02,Monday,5,20,Rainy,0,Medium,300,3,171
2025-05-27,Tuesday,2,21,Sunny,0,Low,450,8,247
2025-04-05,Saturday,2,10,Cloudy,0,Medium,450,9,179
2025-07-01,Tuesday,3,16,Rainy,0,Medium,400,6,460
2025-12-16,Tuesday,3,21,Sunny,0,Low,400,7,231
2025-04-09,Wednesday,5,7,Cloudy,0,High,300,5,300
2025-11-07,Friday,2,16,Sunny,0,Medium,450,6,495
2025-08-11,Monday,2,13,Sunny,0,Low,450,7,242
2025-10-06,Monday,2,7,Rainy,0,High,450,5,469
2025-01-15,Wednesday,1,7,Sunny,0,High,500,10,493
2025-07-06,Sunday,2,6,Sunny,1,Medium,450,9,238
2025-12-18,Thursday,1,14,Sunny,0,Low,500,10,312
2025-04-23,Wednesday,1,13,Sunny,0,Low,500,10,271
2025-06-24,Tuesday,2,22,Rainy,0,Low,450,6,284
2025-06-06,Friday,3,9,Rainy,0,High,400,8,464
2025-06-21,Saturday,4,21,Rainy,0,Low,350,4,398
2025-06-30,Monday,2,17,Rainy,0,High,450,7,501
2025-10-29,Wednesday,5,11,Cloudy,1,Low,300,4,76
2025-01-04,Saturday,2,16,Cloudy,0,Medium,450,5,396
2025-02-16,Sunday,3,10,Sunny,0,Medium,400,7,155
2025-07-09,Wednesday,4,20,Rainy,0,Medium,350,5,192
2025-08-13,Wednesday,2,14,Rainy,0,Low,450,9,291
2025-02-05,Wednesday,2,9,Cloudy,0,High,450,5,427
2025-10-29,Wednesday,2,6,Sunny,0,Medium,450,7,449
2025-09-02,Tuesday,4,14,Cloudy,0,Low,350,6,200
2025-05-17,Saturday,3,8,Rainy,0,High,400,5,359
2025-04-05,Saturday,3,9,Cloudy,0,High,400,5,322
2025-11-02,Sunday,4,13,Sunny,0,Low,350,5,108
2025-03-05,Wednesday,1,20,Cloudy,0,Medium,500,6,276
2025-07-05,Saturday,2,21,Rainy,0,Low,450,8,198
2025-11-10,Monday,4,19,Sunny,0,High,350,5,424
2025-04-13,Sunday,1,12,Sunny,0,Low,500,7,245
2025-06-22,Sunday,4,19,Sunny,0,High,350,7,332
2025-11-26,Wednesday,1,14,Sunny,0,Low,500,6,273
2025-07-15,Tuesday,4,9,Sunny,0,High,350,6,330
2025-02-13,Thursday,1,9,Sunny,0,High,500,8,471
2025-11-02,Sunday,1,14,Cloudy,0,Low,500,7,208
2025-03-24,Monday,2,19,Rainy,0,High,450,6,537
2025-08-12,Tuesday,4,17,Cloudy,0,High,350,5,554
2025-04-12,Saturday,2,12,Rainy,0,Low,450,6,183
2025-06-03,Tuesday,4,13,Rainy,1,Low,350,4,148
2025-07-14,Monday,2,19,Rainy,0,High,450,9,484
2025-04-21,Monday,2,16,Cloudy,0,Medium,450,9,444
2025-05-24,Saturday,4,16,Cloudy,0,Medium,350,5,291
2025-08-03,Sunday,2,11,Sunny,0,Low,450,7,162
2025-11-14,Friday,2,22,Cloudy,0,Low,450,9,254
2025-03-01,Saturday,4,9,Sunny,0,High,350,7,271
2025-11-22,Saturday,4,18,Cloudy,0,High,350,7,343
2025-10-09,Thursday,1,14,Rainy,0,Low,500,8,359
2025-07-05,Saturday,3,10,Rainy,0,Medium,400,6,160
2025-10-24,Friday,4,18,Cloudy,1,High,350,5,308
2025-05-27,Tuesday,5,9,Sunny,0,High,300,6,312
2025-11-03,Monday,5,6,Sunny,1,Medium,300,3,354
2025-02-14,Friday,1,17,Rainy,0,High,500,7,555
2025-09-15,Monday,4,20,Rainy,0,Medium,350,4,226
2025-01-27,Monday,5,15,Rainy,0,Low,300,5,179
2025-04-07,Monday,3,15,Rainy,0,Low,400,5,287
2025-05-28,Wednesday,1,20,Sunny,0,Medium,500,8,285
2025-08-22,Friday,3,14,Rainy,0,Low,400,7,268
2025-03-12,Wednesday,1,20,Sunny,0,Medium,500,10,310
2025-12-19,Friday,1,16,Rainy,0,Medium,500,8,561
2025-04-15,Tuesday,1,21,Rainy,0,Low,500,10,337
2025-02-02,Sunday,4,7,Cloudy,0,High,350,6,292
2025-09-15,Monday,2,8,Sunny,0,High,450,6,438
2025-11-05,Wednesday,1,17,Cloudy,0,High,500,6,533
2025-09-20,Saturday,1,22,Sunny,0,Low,500,7,197
2025-09-02,Tuesday,2,6,Sunny,0,Medium,450,9,405
2025-06-14,Saturday,2,22,Rainy,0,Low,450,8,240
2025-08-26,Tuesday,5,18,Rainy,0,High,300,4,398
2025-01-09,Thursday,1,22,Cloudy,0,Low,500,8,290
2025-11-02,Sunday,4,10,Sunny,0,Medium,350,5,96
2025-05-23,Friday,3,19,Cloudy,0,High,400,6,649
2025-12-26,Friday,4,18,Rainy,0,High,350,7,452
2025-04-28,Monday,3,22,Sunny,0,Low,400,5,205
2025-08-17,Sunday,4,22,Rainy,0,Low,350,5,126
2025-11-23,Sunday,5,15,Sunny,0,Low,300,5,52
2025-12-04,Thursday,4,6,Cloudy,0,Medium,350,6,363
2025-07-03,Thursday,1,9,Sunny,0,High,500,6,501
2025-04-25,Friday,2,5,Rainy,0,Low,450,7,276
2025-04-20,Sunday,2,6,Sunny,0,Medium,450,7,549
2025-04-23,Wednesday,1,7,Cloudy,0,High,500,8,503
2025-05-07,Wednesday,5,14,Cloudy,0,Low,300,4,120
2025-04-10,Thursday,1,19,Rainy,0,High,500,6,583
2025-10-25,Saturday,4,5,Cloudy,0,Low,350,6,88
2025-06-08,Sunday,2,14,Cloudy,0,Low,450,5,154
2025-12-12,Friday,1,15,Cloudy,0,Low,500,10,273
2025-05-29,Thursday,1,12,Rainy,0,Low,500,9,343
2025-01-02,Thursday,4,12,Cloudy,0,Low,350,4,170
2025-03-14,Friday,2,14,Rainy,0,Low,450,9,290
2025-11-23,Sunday,3,14,Rainy,0,Low,400,8,174
2025-12-03,Wednesday,5,14,Rainy,0,Low,300,3,313
2025-12-26,Friday,2,6,Cloudy,0,Medium,450,6,432
2025-09-24,Wednesday,1,8,Rainy,0,High,500,7,544
2025-08-15,Friday,3,8,Rainy,0,High,400,5,450
2025-10-01,Wednesday,2,16,Cloudy,0,Medium,450,9,462
2025-03-23,Sunday,3,14,Sunny,0,Low,400,7,110
2025-09-20,Saturday,2,10,Rainy,0,Medium,450,9,200
2025-08-10,Sunday,3,9,Rainy,0,High,400,5,359
2025-11-24,Monday,1,22,Cloudy,0,Low,500,7,296
2025-02-19,Wednesday,5,8,Cloudy,0,High,300,4,327
2025-12-14,Sunday,4,21,Cloudy,0,Low,350,6,130
2025-04-07,Monday,1,22,Rainy,0,Low,500,6,322
2025-05-04,Sunday,5,14,Cloudy,0,Low,300,3,50
2025-12-18,Thursday,2,8,Rainy,0,High,450,7,440
2025-12-18,Thursday,2,20,Rainy,1,Medium,450,8,170
2025-09-06,Saturday,4,12,Sunny,0,Low,350,6,88
2025-02-16,Sunday,4,17,Rainy,0,High,350,6,356
2025-10-23,Thursday,1,22,Rainy,0,Low,500,10,453
2025-04-16,Wednesday,2,8,Sunny,0,High,450,6,429
2025-04-18,Friday,2,10,Sunny,0,Medium,450,9,239
2025-01-14,Tuesday,1,19,Sunny,0,High,500,10,528
2025-10-24,Friday,5,11,Cloudy,0,Low,300,5,160
2025-05-03,Saturday,3,9,Rainy,0,High,400,7,390
2025-09-12,Friday,3,21,Cloudy,0,Low,400,6,250
2025-10-23,Thursday,1,8,Sunny,0,High,500,8,502
2025-01-02,Thursday,4,16,Rainy,0,Medium,350,5,423
2025-03-05,Wednesday,5,10,Rainy,0,Medium,300,3,425
2025-06-29,Sunday,5,11,Cloudy,0,Low,300,3,51
2025-11-27,Thursday,1,21,Rainy,0,Low,500,6,326
2025-07-12,Saturday,4,7,Cloudy,0,High,350,6,274
2025-05-13,Tuesday,5,13,Cloudy,0,Low,300,4,177
2025-05-13,Tuesday,1,12,Cloudy,0,Low,500,7,272
2025-07-10,Thursday,1,12,Cloudy,0,Low,500,10,315
2025-09-26,Friday,1,20,Rainy,0,Medium,500,10,326
2025-02-23,Sunday,4,12,Rainy,0,Low,350,6,125
2025-04-06,Sunday,4,6,Cloudy,1,Medium,350,5,203
2025-06-09,Monday,5,5,Sunny,0,Low,300,6,127
2025-09-13,Saturday,4,5,Sunny,0,Low,350,6,71
2025-05-22,Thursday,5,20,Rainy,0,Medium,300,5,180
2025-09-22,Monday,5,5,Sunny,1,Low,300,3,31
2025-11-27,Thursday,5,5,Rainy,0,Low,300,6,184
2025-10-12,Sunday,4,17,Rainy,0,High,350,5,361
2025-08-01,Friday,5,13,Cloudy,0,Low,300,4,160
2025-01-05,Sunday,5,10,Sunny,0,Medium,300,5,82
2025-07-05,Saturday,2,21,Sunny,0,Low,450,7,198
2025-10-14,Tuesday,1,17,Rainy,0,High,500,7,588
2025-05-22,Thursday,1,5,Cloudy,0,Low,500,8,280
2025-12-30,Tuesday,3,19,Sunny,0,High,400,8,469
2025-06-30,Monday,1,7,Sunny,1,High,500,7,352
2025-02-10,Monday,5,18,Sunny,0,High,300,3,349
2025-02-28,Friday,4,5,Cloudy,0,Low,350,7,155
2025-05-26,Monday,1,17,Sunny,0,High,500,6,545
2025-06-14,Saturday,1,10,Rainy,0,Medium,500,7,248
2025-04-19,Saturday,1,7,Sunny,0,High,500,7,405
2025-12-15,Monday,5,7,Sunny,0,High,300,4,300
2025-09-10,Wednesday,2,6,Rainy,0,Medium,450,9,490
2025-02-18,Tuesday,3,14,Sunny,1,Low,400,8,109
2025-06-20,Friday,2,13,Rainy,0,Low,450,9,292
2025-11-12,Wednesday,1,5,Sunny,0,Low,500,10,311
2025-11-09,Sunday,2,10,Sunny,0,Medium,450,8,194
2025-05-27,Tuesday,5,21,Rainy,0,Low,300,5,179
2025-04-12,Saturday,2,15,Rainy,0,Low,450,6,215
2025-10-05,Sunday,4,5,Rainy,0,Low,350,4,152
2025-11-13,Thursday,3,22,Sunny,0,Low,400,8,199
2025-05-25,Sunday,2,21,Cloudy,0,Low,450,9,167
2025-06-15,Sunday,2,12,Rainy,0,Low,450,9,238
2025-09-30,Tuesday,3,18,Rainy,0,High,400,8,465
2025-01-31,Friday,4,5,Cloudy,0,Low,350,4,167
2025-08-15,Friday,4,15,Sunny,0,Low,350,4,167
2025-08-14,Thursday,5,21,Rainy,1,Low,300,3,88
2025-03-02,Sunday,1,13,Rainy,0,Low,500,7,266
2025-03-28,Friday,3,16,Rainy,0,Medium,400,7,478
2025-11-21,Friday,3,11,Rainy,0,Low,400,7,279
2025-02-07,Friday,5,10,Sunny,0,Medium,300,6,162
2025-02-16,Sunday,3,19,Cloudy,1,High,400,5,435
2025-01-18,Saturday,1,13,Cloudy,0,Low,500,9,196
2025-07-23,Wednesday,4,11,Sunny,0,Low,350,7,186
2025-08-14,Thursday,4,11,Sunny,0,Low,350,6,175
2025-08-10,Sunday,4,14,Sunny,0,Low,350,7,116
2025-07-01,Tuesday,3,11,Sunny,0,Low,400,7,249
2025-03-08,Saturday,3,11,Cloudy,0,Low,400,8,145
2025-07-26,Saturday,3,7,Rainy,0,High,400,6,338
2025-03-21,Friday,2,12,Rainy,0,Low,450,5,303
2025-08-08,Friday,5,11,Cloudy,0,Low,300,5,180
2025-12-11,Thursday,2,15,Sunny,0,Low,450,9,255
2025-10-08,Wednesday,4,21,Sunny,0,Low,350,6,167
2025-07-15,Tuesday,2,7,Rainy,0,High,450,5,461
2025-10-16,Thursday,5,9,Rainy,0,High,300,5,485
2025-01-14,Tuesday,4,5,Rainy,1,Low,350,5,211
2025-11-03,Monday,3,6,Cloudy,0,Medium,400,8,425
2025-04-26,Saturday,1,20,Sunny,0,Medium,500,9,244
2025-09-18,Thursday,2,5,Rainy,0,Low,450,7,269
2025-08-07,Thursday,1,22,Cloudy,0,Low,500,7,284
2025-06-27,Friday,1,10,Rainy,0,Medium,500,9,354
2025-02-11,Tuesday,1,10,Sunny,0,Medium,500,10,276
2025-02-11,Tuesday,2,13,Cloudy,0,Low,450,5,251
2025-02-02,Sunday,5,14,Sunny,0,Low,300,4,62
2025-03-01,Saturday,4,18,Sunny,0,High,350,4,305
2025-10-27,Monday,2,15,Cloudy,0,Low,450,8,224
2025-12-27,Saturday,2,18,Rainy,0,High,450,7,433
2025-05-16,Friday,2,10,Rainy,0,Medium,450,8,288
2025-05-08,Thursday,1,20,Rainy,1,Medium,500,7,230
2025-12-18,Thursday,3,11,Cloudy,0,Low,400,8,211
2025-06-09,Monday,4,5,Sunny,0,Low,350,6,174
2025-08-24,Sunday,3,18,Sunny,0,High,400,8,356
2025-02-14,Friday,1,15,Rainy,0,Low,500,9,347
2025-11-16,Sunday,3,14,Rainy,0,Low,400,5,378
2025-03-29,Saturday,5,6,Cloudy,0,Medium,300,3,236
2025-11-19,Wednesday,2,11,Sunny,0,Low,450,9,260
2025-04-04,Friday,3,22,Cloudy,0,Low,400,8,193
2025-11-27,Thursday,1,15,Sunny,0,Low,500,9,308
2025-05-01,Thursday,4,17,Sunny,0,High,350,6,399
2025-05-18,Sunday,2,5,Rainy,0,Low,450,8,188
2025-06-06,Friday,5,19,Rainy,0,High,300,6,387
2025-04-03,Thursday,4,5,Sunny,0,Low,350,7,180
2025-05-24,Saturday,5,13,Sunny,0,Low,300,4,48
2025-08-06,Wednesday,4,20,Rainy,0,Medium,350,5,191
2025-05-13,Tuesday,4,22,Sunny,0,Low,350,7,159
2025-11-15,Saturday,3,16,Rainy,0,Medium,400,8,405
2025-08-29,Friday,5,8,Cloudy,0,High,300,6,320
2025-02-22,Saturday,5,12,Cloudy,0,Low,300,5,99
2025-04-10,Thursday,3,21,Rainy,0,Low,400,5,289
2025-05-01,Thursday,3,17,Sunny,0,High,400,7,453
2025-11-15,Saturday,5,19,Cloudy,0,High,300,6,284
2025-03-21,Friday,1,19,Sunny,0,High,500,6,504
2025-12-03,Wednesday,5,12,Rainy,0,Low,300,5,354
2025-01-18,Saturday,4,22,Sunny,0,Low,350,4,81
2025-01-10,Friday,3,6,Sunny,0,Medium,400,6,423
2025-10-20,Monday,4,13,Rainy,0,Low,350,5,224
2025-11-13,Thursday,5,5,Rainy,1,Low,300,5,231
2025-06-25,Wednesday,1,12,Cloudy,0,Low,500,10,289
2025-11-28,Friday,1,11,Rainy,0,Low,500,10,362
2025-02-14,Friday,2,7,Cloudy,0,High,450,5,436
2025-08-24,Sunday,3,14,Sunny,0,Low,400,5,137
2025-12-29,Monday,5,13,Rainy,0,Low,300,5,204
2025-12-09,Tuesday,3,15,Rainy,1,Low,400,7,187
2025-11-28,Friday,4,21,Rainy,0,Low,350,6,227
2025-03-30,Sunday,4,14,Rainy,0,Low,350,5,149
2025-02-10,Monday,1,6,Rainy,0,Medium,500,7,509
2025-03-23,Sunday,1,19,Sunny,0,High,500,6,464
2025-09-24,Wednesday,2,7,Cloudy,0,High,450,8,655
2025-01-06,Monday,3,13,Cloudy,0,Low,400,8,190
2025-10-21,Tuesday,4,20,Cloudy,0,Medium,350,5,200
2025-09-23,Tuesday,4,17,Sunny,0,High,350,5,419
2025-01-07,Tuesday,2,16,Sunny,0,Medium,450,5,493
2025-07-13,Sunday,2,6,Rainy,0,Medium,450,9,370
2025-05-21,Wednesday,4,11,Sunny,0,Low,350,4,166
2025-11-27,Thursday,1,17,Cloudy,0,High,500,10,546
2025-07-18,Friday,1,15,Sunny,0,Low,500,8,284
2025-12-03,Wednesday,1,21,Cloudy,0,Low,500,9,280
2025-04-30,Wednesday,3,11,Sunny,0,Low,400,6,237
2025-01-29,Wednesday,5,15,Rainy,0,Low,300,4,188
2025-04-29,Tuesday,3,21,Rainy,0,Low,400,6,259
2025-12-16,Tuesday,1,9,Cloudy,0,High,500,8,467
2025-10-22,Wednesday,5,14,Cloudy,0,Low,300,4,162
2025-10-01,Wednesday,3,11,Sunny,0,Low,400,8,215
2025-05-21,Wednesday,5,17,Rainy,0,High,300,5,601
2025-03-20,Thursday,5,10,Cloudy,0,Medium,300,5,402
2025-02-17,Monday,3,13,Cloudy,0,Low,400,7,191
2025-07-03,Thursday,5,16,Rainy,0,Medium,300,6,429
2025-09-02,Tuesday,5,20,Sunny,0,Medium,300,4,163
2025-10-22,Wednesday,2,10,Cloudy,0,Medium,450,5,226
2025-10-22,Wednesday,4,10,Rainy,0,Medium,350,4,240
2025-09-19,Friday,4,12,Rainy,0,Low,350,7,228
2025-03-26,Wednesday,3,17,Rainy,0,High,400,8,485
2025-03-17,Monday,5,11,Sunny,1,Low,300,6,46
2025-03-14,Friday,1,12,Rainy,1,Low,500,10,249
2025-11-26,Wednesday,2,18,Rainy,0,High,450,9,512
2025-01-07,Tuesday,5,10,Rainy,0,Medium,300,3,174
2025-06-15,Sunday,3,8,Rainy,0,High,400,8,348
2025-03-01,Saturday,3,17,Cloudy,0,High,400,7,365
2025-06-08,Sunday,3,20,Cloudy,0,Medium,400,5,128
2025-07-18,Friday,2,21,Cloudy,0,Low,450,5,233
2025-11-10,Monday,4,12,Sunny,0,Low,350,7,181
2025-03-29,Saturday,2,9,Rainy,0,High,450,8,389
2025-11-08,Saturday,4,8,Sunny,0,High,350,4,289
2025-10-17,Friday,4,22,Sunny,0,Low,350,4,175
2025-02-06,Thursday,2,7,Rainy,0,High,450,6,474
2025-10-31,Friday,4,20,Rainy,0,Medium,350,4,235
2025-11-05,Wednesday,4,11,Cloudy,0,Low,350,4,172
2025-03-13,Thursday,1,12,Rainy,0,Low,500,8,557
2025-04-09,Wednesday,1,13,Rainy,0,Low,500,10,566
2025-03-10,Monday,4,8,Rainy,0,High,350,4,411
2025-01-12,Sunday,3,15,Sunny,0,Low,400,7,147
2025-10-08,Wednesday,2,8,Cloudy,0,High,450,6,407
2025-11-07,Friday,2,8,Sunny,0,High,450,7,444
2025-05-02,Friday,4,15,Sunny,0,Low,350,7,192
2025-01-21,Tuesday,2,9,Cloudy,0,High,450,9,435
2025-06-09,Monday,4,21,Cloudy,0,Low,350,7,196
2025-09-09,Tuesday,2,20,Rainy,0,Medium,450,8,283
2025-07-23,Wednesday,3,10,Cloudy,0,Medium,400,7,237
2025-03-07,Friday,5,16,Cloudy,0,Medium,300,6,377
2025-12-23,Tuesday,1,20,Sunny,0,Medium,500,9,272
2025-05-16,Friday,1,6,Sunny,0,Medium,500,7,475
2025-04-22,Tuesday,1,17,Rainy,0,High,500,9,590
2025-07-22,Tuesday,5,21,Rainy,0,Low,300,4,172
2025-12-01,Monday,1,7,Rainy,0,High,500,6,529
2025-11-01,Saturday,5,12,Cloudy,0,Low,300,3,65
2025-04-06,Sunday,3,18,Rainy,0,High,400,5,395
2025-12-24,Wednesday,4,16,Rainy,0,Medium,350,4,464
2025-10-08,Wednesday,1,9,Cloudy,0,High,500,10,496
2025-10-28,Tuesday,5,17,Cloudy,0,High,300,5,396
2025-05-09,Friday,5,18,Rainy,0,High,300,4,433
2025-06-17,Tuesday,5,21,Sunny,0,Low,300,6,163
2025-02-24,Monday,1,14,Cloudy,0,Low,500,10,316
2025-01-10,Friday,2,6,Sunny,0,Medium,450,5,436
2025-09-15,Monday,4,7,Cloudy,1,High,350,5,279
2025-01-09,Thursday,1,5,Cloudy,0,Low,500,8,285
2025-05-13,Tuesday,1,10,Rainy,0,Medium,500,8,310
2025-12-07,Sunday,1,22,Cloudy,0,Low,500,10,231
2025-12-03,Wednesday,5,6,Sunny,1,Medium,300,6,255
2025-06-04,Wednesday,1,21,Rainy,1,Low,500,10,218
2025-12-24,Wednesday,1,11,Sunny,0,Low,500,6,282
2025-09-19,Friday,4,17,Rainy,0,High,350,4,448
2025-02-07,Friday,4,19,Cloudy,0,High,350,5,397
2025-10-31,Friday,3,21,Rainy,0,Low,400,8,233
2025-10-03,Friday,3,15,Rainy,0,Low,400,5,270
2025-05-03,Saturday,3,7,Cloudy,0,High,400,8,339
2025-02-17,Monday,5,22,Sunny,0,Low,300,4,156
2025-07-31,Thursday,1,6,Rainy,0,Medium,500,9,496
2025-06-24,Tuesday,2,21,Cloudy,1,Low,450,7,169
2025-11-13,Thursday,1,18,Cloudy,0,High,500,9,508
2025-09-02,Tuesday,4,21,Sunny,0,Low,350,7,154
2025-05-16,Friday,2,11,Rainy,0,Low,450,7,261
2025-07-02,Wednesday,1,13,Cloudy,0,Low,500,7,278
2025-08-12,Tuesday,2,17,Rainy,0,High,450,9,662
2025-10-26,Sunday,1,19,Cloudy,0,High,500,6,469
2025-05-13,Tuesday,2,9,Sunny,0,High,450,8,441
2025-01-12,Sunday,4,6,Rainy,0,Medium,350,4,319
2025-12-03,Wednesday,3,5,Sunny,0,Low,400,7,218
2025-10-07,Tuesday,2,6,Rainy,0,Medium,450,8,477
2025-11-12,Wednesday,4,5,Sunny,0,Low,350,7,180
2025-02-06,Thursday,5,11,Rainy,0,Low,300,3,190
2025-11-22,Saturday,3,14,Sunny,0,Low,400,8,251
2025-10-23,Thursday,1,22,Cloudy,0,Low,500,9,271
2025-03-15,Saturday,3,13,Cloudy,0,Low,400,5,343
2025-11-26,Wednesday,4,5,Cloudy,0,Low,350,7,169
2025-07-03,Thursday,2,21,Sunny,0,Low,450,7,278
2025-09-19,Friday,5,18,Rainy,0,High,300,3,439
2025-01-07,Tuesday,1,22,Cloudy,0,Low,500,8,321
2025-12-31,Wednesday,3,10,Rainy,1,Medium,400,6,138
2025-04-26,Saturday,4,16,Rainy,0,Medium,350,7,360
2025-06-01,Sunday,1,19,Rainy,0,High,500,8,470
2025-04-01,Tuesday,4,13,Rainy,0,Low,350,6,194
2025-08-15,Friday,3,18,Sunny,0,High,400,7,459
2025-07-19,Saturday,2,13,Rainy,0,Low,450,5,205
2025-07-04,Friday,3,20,Cloudy,0,Medium,400,5,234
2025-10-09,Thursday,4,14,Cloudy,0,Low,350,4,205
2025-04-23,Wednesday,5,21,Rainy,0,Low,300,4,200
2025-11-29,Saturday,1,10,Cloudy,0,Medium,500,10,190
2025-08-16,Saturday,3,9,Rainy,0,High,400,7,336
2025-05-17,Saturday,5,19,Rainy,0,High,300,4,305
2025-09-26,Friday,1,19,Rainy,0,High,500,6,531
2025-12-10,Wednesday,3,14,Cloudy,0,Low,400,6,207
2025-02-19,Wednesday,2,6,Cloudy,0,Medium,450,9,413
2025-11-19,Wednesday,1,7,Rainy,0,High,500,6,521
2025-08-23,Saturday,4,17,Sunny,0,High,350,7,321
2025-05-18,Sunday,5,14,Sunny,0,Low,300,4,45
2025-10-15,Wednesday,5,13,Rainy,0,Low,300,6,192
2025-09-24,Wednesday,4,18,Rainy,0,High,350,7,427
2025-01-28,Tuesday,5,20,Cloudy,0,Medium,300,6,154
2025-04-07,Monday,4,7,Rainy,1,High,350,5,284
2025-04-04,Friday,3,12,Cloudy,0,Low,400,7,200
2025-08-15,Friday,3,17,Cloudy,0,High,400,8,443
2025-09-27,Saturday,5,18,Cloudy,0,High,300,6,296
2025-11-03,Monday,2,6,Cloudy,1,Medium,450,7,352
2025-09-28,Sunday,1,14,Sunny,0,Low,500,7,214
2025-12-26,Friday,2,16,Rainy,1,Medium,450,8,427
2025-05-29,Thursday,5,7,Cloudy,0,High,300,6,356
2025-10-05,Sunday,4,14,Rainy,0,Low,350,7,122
2025-12-09,Tuesday,2,22,Cloudy,0,Low,450,8,242
2025-12-21,Sunday,1,20,Rainy,0,Medium,500,6,239
2025-11-07,Friday,1,11,Cloudy,0,Low,500,9,312
2025-02-22,Saturday,2,14,Cloudy,0,Low,450,5,191
2025-08-15,Friday,4,9,Cloudy,0,High,350,7,379
2025-01-27,Monday,4,7,Sunny,0,High,350,6,351
2025-07-08,Tuesday,1,7,Cloudy,0,High,500,8,508
2025-11-19,Wednesday,5,20,Cloudy,0,Medium,300,5,318
2025-01-26,Sunday,3,10,Rainy,0,Medium,400,6,208
2025-11-09,Sunday,2,15,Rainy,0,Low,450,8,181
2025-11-30,Sunday,5,19,Rainy,0,High,300,5,346
2025-09-17,Wednesday,2,5,Sunny,0,Low,450,5,241
2025-06-22,Sunday,2,15,Cloudy,0,Low,450,5,178
2025-04-07,Monday,4,11,Sunny,0,Low,350,6,209
2025-02-14,Friday,5,12,Rainy,0,Low,300,4,213
2025-09-29,Monday,1,17,Sunny,0,High,500,10,546
2025-03-01,Saturday,5,7,Cloudy,0,High,300,5,279
2025-03-27,Thursday,5,12,Cloudy,0,Low,300,4,147
2025-10-23,Thursday,2,22,Cloudy,0,Low,450,5,272
2025-07-16,Wednesday,5,18,Sunny,0,High,300,3,371
2025-07-19,Saturday,3,12,Rainy,0,Low,400,7,190
2025-12-21,Sunday,1,19,Rainy,0,High,500,10,484
2025-06-14,Saturday,2,14,Sunny,0,Low,450,7,157
2025-12-31,Wednesday,2,20,Rainy,0,Medium,450,6,296
2025-09-30,Tuesday,3,13,Sunny,0,Low,400,5,224
2025-08-05,Tuesday,4,16,Cloudy,0,Medium,350,6,385
2025-11-08,Saturday,1,6,Rainy,0,Medium,500,9,412
2025-03-10,Monday,4,14,Sunny,0,Low,350,6,153
2025-05-29,Thursday,5,17,Cloudy,0,High,300,3,358
2025-03-19,Wednesday,1,10,Sunny,0,Medium,500,9,313
2025-02-02,Sunday,2,7,Cloudy,0,High,450,6,346
2025-05-18,Sunday,4,20,Sunny,0,Medium,350,7,93
2025-02-01,Saturday,4,13,Rainy,0,Low,350,6,346
2025-04-16,Wednesday,5,17,Cloudy,0,High,300,3,345
2025-08-27,Wednesday,5,12,Sunny,0,Low,300,5,152
2025-01-26,Sunday,5,17,Cloudy,0,High,300,6,290
2025-08-22,Friday,5,13,Sunny,0,Low,300,3,140
2025-02-18,Tuesday,2,8,Cloudy,0,High,450,6,443
2025-05-08,Thursday,3,14,Rainy,0,Low,400,5,230
2025-03-21,Friday,3,6,Sunny,0,Medium,400,5,424
2025-06-18,Wednesday,1,6,Rainy,1,Medium,500,10,419
2025-03-20,Thursday,2,16,Rainy,0,Medium,450,6,528
2025-06-05,Thursday,2,18,Sunny,1,High,450,9,380
2025-09-18,Thursday,2,22,Rainy,0,Low,450,9,273
2025-02-14,Friday,3,10,Rainy,0,Medium,400,7,243
2025-10-27,Monday,1,9,Sunny,0,High,500,8,467
2025-10-07,Tuesday,4,17,Sunny,0,High,350,5,408
2025-08-24,Sunday,5,21,Cloudy,0,Low,300,6,73
2025-06-24,Tuesday,3,5,Sunny,0,Low,400,5,249
2025-09-06,Saturday,4,15,Cloudy,0,Low,350,4,116
2025-12-14,Sunday,5,16,Cloudy,0,Medium,300,6,298
2025-07-29,Tuesday,2,14,Sunny,0,Low,450,6,251
2025-11-11,Tuesday,2,16,Cloudy,0,Medium,450,9,456
2025-03-02,Sunday,1,14,Cloudy,0,Low,500,7,244
2025-07-19,Saturday,1,18,Cloudy,0,High,500,10,431
2025-08-13,Wednesday,4,16,Sunny,0,Medium,350,6,401
2025-07-25,Friday,2,11,Cloudy,0,Low,450,5,231
2025-01-03,Friday,2,18,Sunny,0,High,450,7,494
2025-06-18,Wednesday,2,5,Sunny,0,Low,450,9,231
2025-09-08,Monday,3,13,Cloudy,0,Low,400,5,221
2025-01-09,Thursday,3,11,Sunny,0,Low,400,5,225
2025-12-15,Monday,1,16,Rainy,0,Medium,500,10,560
2025-10-12,Sunday,5,8,Rainy,0,High,300,5,314
2025-03-13,Thursday,1,20,Sunny,0,Medium,500,7,330
2025-01-13,Monday,4,15,Sunny,0,Low,350,4,181
2025-02-19,Wednesday,3,5,Cloudy,0,Low,400,7,199
2025-08-02,Saturday,2,5,Cloudy,0,Low,450,5,189
2025-08-06,Wednesday,2,6,Cloudy,0,Medium,450,5,423
2025-10-01,Wednesday,1,16,Rainy,0,Medium,500,10,535
2025-02-02,Sunday,2,13,Rainy,0,Low,450,6,196
2025-10-30,Thursday,5,12,Sunny,0,Low,300,6,170
2025-10-06,Monday,4,21,Rainy,0,Low,350,7,222
2025-05-01,Thursday,5,15,Rainy,0,Low,300,5,198
2025-11-23,Sunday,1,6,Rainy,0,Medium,500,9,412
2025-01-21,Tuesday,3,7,Cloudy,0,High,400,8,420
2025-08-20,Wednesday,1,22,Rainy,0,Low,500,7,343
2025-11-05,Wednesday,4,17,Sunny,0,High,350,7,378
2025-12-29,Monday,4,20,Cloudy,0,Medium,350,5,174
2025-06-22,Sunday,2,21,Sunny,0,Low,450,9,150
2025-05-29,Thursday,5,11,Sunny,0,Low,300,4,140
2025-08-10,Sunday,3,14,Rainy,0,Low,400,6,153
2025-07-09,Wednesday,4,15,Rainy,0,Low,350,6,415
2025-06-10,Tuesday,5,10,Sunny,0,Medium,300,4,149
2025-10-19,Sunday,2,19,Rainy,0,High,450,9,433
2025-03-06,Thursday,5,15,Cloudy,0,Low,300,3,127
2025-07-13,Sunday,5,6,Cloudy,0,Medium,300,6,394
2025-02-04,Tuesday,3,20,Cloudy,0,Medium,400,8,230
2025-09-21,Sunday,3,17,Sunny,0,High,400,5,347
2025-11-23,Sunday,1,10,Rainy,0,Medium,500,10,285
2025-04-29,Tuesday,1,18,Sunny,0,High,500,6,491
2025-03-18,Tuesday,2,9,Rainy,0,High,450,6,459
2025-03-19,Wednesday,4,10,Rainy,0,Medium,350,6,245
2025-12-14,Sunday,5,8,Sunny,0,High,300,6,257
2025-08-30,Saturday,1,9,Sunny,0,High,500,10,381
2025-10-05,Sunday,2,15,Cloudy,0,Low,450,7,172
2025-07-02,Wednesday,5,11,Sunny,0,Low,300,4,134
2025-06-15,Sunday,5,5,Rainy,0,Low,300,4,137
2025-05-14,Wednesday,3,6,Sunny,0,Medium,400,7,375
2025-03-11,Tuesday,3,16,Rainy,0,Medium,400,8,482
2025-07-14,Monday,2,13,Sunny,0,Low,450,9,226
2025-03-13,Thursday,2,18,Rainy,0,High,450,8,510
2025-06-22,Sunday,5,18,Sunny,0,High,300,6,266
2025-06-23,Monday,2,15,Sunny,0,Low,450,7,270
2025-06-30,Monday,5,22,Rainy,0,Low,300,6,196
2025-04-15,Tuesday,2,16,Cloudy,0,Medium,450,5,479
2025-11-19,Wednesday,4,8,Rainy,0,High,350,7,427
2025-10-04,Saturday,3,11,Cloudy,0,Low,400,6,150
2025-06-02,Monday,2,7,Rainy,0,High,450,6,471
2025-05-03,Saturday,4,19,Cloudy,0,High,350,6,303
2025-03-04,Tuesday,5,14,Cloudy,0,Low,300,3,166
2025-03-04,Tuesday,3,17,Cloudy,0,High,400,5,437
2025-11-09,Sunday,2,15,Rainy,0,Low,450,6,208
2025-09-27,Saturday,1,10,Sunny,0,Medium,500,10,246
2025-09-05,Friday,4,16,Rainy,0,Medium,350,5,438
2025-02-05,Wednesday,4,15,Rainy,0,Low,350,6,196
2025-11-29,Saturday,2,5,Cloudy,0,Low,450,8,162
2025-10-07,Tuesday,5,15,Rainy,0,Low,300,6,188
2025-03-13,Thursday,5,16,Sunny,0,Medium,300,5,377
2025-10-26,Sunday,2,8,Rainy,0,High,450,7,382
2025-01-23,Thursday,4,5,Sunny,0,Low,350,4,207
2025-02-26,Wednesday,1,14,Cloudy,0,Low,500,8,327
2025-02-17,Monday,4,18,Cloudy,0,High,350,7,380
2025-02-03,Monday,2,14,Rainy,0,Low,450,7,270
2025-05-09,Friday,4,7,Rainy,0,High,350,4,398
2025-03-24,Monday,3,12,Rainy,0,Low,400,8,275
2025-07-08,Tuesday,1,13,Sunny,0,Low,500,10,321
2025-12-08,Monday,2,17,Sunny,0,High,450,7,480
2025-05-03,Saturday,5,20,Rainy,0,Medium,300,4,140
2025-12-31,Wednesday,2,18,Rainy,0,High,450,8,503
2025-01-21,Tuesday,2,9,Cloudy,0,High,450,9,448
2025-03-21,Friday,3,13,Cloudy,0,Low,400,7,234
2025-10-07,Tuesday,1,9,Cloudy,0,High,500,8,477
2025-07-22,Tuesday,2,22,Sunny,0,Low,450,8,243
2025-08-30,Saturday,5,5,Rainy,0,Low,300,3,116
2025-03-08,Saturday,3,14,Sunny,0,Low,400,8,136
2025-03-01,Saturday,3,19,Cloudy,0,High,400,6,377
2025-11-17,Monday,4,12,Sunny,0,Low,350,5,151
2025-10-30,Thursday,1,6,Sunny,0,Medium,500,10,501
2025-02-06,Thursday,3,8,Sunny,0,High,400,8,408
2025-10-20,Monday,1,15,Sunny,1,Low,500,10,187
2025-02-28,Friday,5,12,Rainy,0,Low,300,6,174
2025-08-17,Sunday,3,12,Sunny,1,Low,400,7,55
2025-02-28,Friday,1,19,Cloudy,0,High,500,7,503
2025-06-06,Friday,2,11,Rainy,0,Low,450,5,307
2025-07-06,Sunday,3,8,Sunny,0,High,400,7,308
2025-06-11,Wednesday,5,6,Rainy,0,Medium,300,6,354
2025-06-07,Saturday,5,22,Rainy,0,Low,300,6,229
2025-07-14,Monday,2,11,Cloudy,0,Low,450,9,247
2025-08-11,Monday,3,16,Sunny,0,Medium,400,6,463
2025-01-12,Sunday,4,17,Sunny,0,High,350,4,319
2025-04-27,Sunday,2,20,Sunny,0,Medium,450,7,187
2025-04-29,Tuesday,4,11,Sunny,0,Low,350,5,180
2025-06-04,Wednesday,4,8,Cloudy,0,High,350,5,364
2025-10-19,Sunday,2,8,Cloudy,0,High,450,6,335
2025-02-04,Tuesday,3,21,Cloudy,0,Low,400,6,194
2025-07-21,Monday,3,6,Sunny,0,Medium,400,6,391
2025-07-30,Wednesday,4,16,Rainy,0,Medium,350,5,425
2025-07-22,Tuesday,4,14,Rainy,0,Low,350,6,207
2025-04-29,Tuesday,5,18,Rainy,0,High,300,3,414
2025-05-05,Monday,5,20,Sunny,0,Medium,300,5,160
2025-06-03,Tuesday,3,11,Sunny,0,Low,400,5,191
2025-03-09,Sunday,1,18,Sunny,0,High,500,8,438
2025-10-01,Wednesday,5,8,Rainy,1,High,300,3,465
2025-09-08,Monday,4,5,Sunny,0,Low,350,7,193
2025-11-15,Saturday,5,9,Cloudy,0,High,300,4,263
2025-07-14,Monday,2,14,Sunny,0,Low,450,9,230
2025-03-12,Wednesday,5,14,Rainy,0,Low,300,5,167
2025-12-22,Monday,4,19,Rainy,0,High,350,7,419
2025-02-02,Sunday,5,9,Rainy,0,High,300,6,275
2025-01-06,Monday,2,21,Rainy,1,Low,450,8,216
2025-03-20,Thursday,1,16,Cloudy,0,Medium,500,10,527
2025-04-04,Friday,1,19,Cloudy,0,High,500,6,545
2025-07-01,Tuesday,5,6,Cloudy,0,Medium,300,3,360
2025-05-22,Thursday,1,15,Sunny,0,Low,500,8,311
2025-04-05,Saturday,2,22,Rainy,0,Low,450,5,232
2025-10-30,Thursday,1,6,Cloudy,0,Medium,500,10,494
2025-08-06,Wednesday,3,10,Cloudy,1,Medium,400,5,122
2025-02-08,Saturday,2,19,Cloudy,0,High,450,7,375
2025-09-03,Wednesday,5,6,Sunny,0,Medium,300,5,354
2025-12-04,Thursday,2,16,Sunny,0,Medium,450,8,500
2025-08-06,Wednesday,2,5,Cloudy,0,Low,450,9,260
2025-08-20,Wednesday,1,21,Rainy,1,Low,500,6,220
2025-08-20,Wednesday,5,16,Sunny,0,Medium,300,6,381
2025-07-25,Friday,4,11,Rainy,0,Low,350,4,240
2025-01-28,Tuesday,2,22,Cloudy,0,Low,450,6,259
2025-10-29,Wednesday,5,21,Sunny,0,Low,300,3,306
2025-09-13,Saturday,3,16,Cloudy,0,Medium,400,5,358
2025-07-05,Saturday,5,21,Sunny,0,Low,300,5,71
2025-04-26,Saturday,3,5,Rainy,0,Low,400,8,171
2025-01-22,Wednesday,2,11,Sunny,0,Low,450,8,244
2025-08-28,Thursday,1,17,Sunny,0,High,500,10,546
2025-03-07,Friday,4,21,Sunny,1,Low,350,5,68
2025-01-27,Monday,2,12,Sunny,0,Low,450,6,235
2025-07-29,Tuesday,5,18,Cloudy,0,High,300,4,399
2025-04-22,Tuesday,5,6,Sunny,0,Medium,300,3,309
2025-03-15,Saturday,1,14,Sunny,0,Low,500,6,195
2025-10-31,Friday,2,21,Rainy,0,Low,450,9,275
2025-12-27,Saturday,2,7,Rainy,0,High,450,6,368
2025-08-26,Tuesday,2,5,Cloudy,0,Low,450,7,222
2025-04-10,Thursday,1,14,Sunny,0,Low,500,8,315
2025-07-08,Tuesday,4,22,Sunny,0,Low,350,4,196
2025-09-24,Wednesday,1,12,Cloudy,0,Low,500,6,313
2025-03-16,Sunday,5,21,Rainy,0,Low,300,4,136
2025-08-21,Thursday,3,10,Rainy,0,Medium,400,7,248
2025-03-07,Friday,3,11,Rainy,0,Low,400,5,246
2025-02-27,Thursday,1,10,Cloudy,0,Medium,500,7,275
2025-10-15,Wednesday,3,16,Cloudy,0,Medium,400,5,426
2025-03-16,Sunday,4,7,Sunny,0,High,350,7,253
2025-03-22,Saturday,1,14,Cloudy,0,Low,500,7,200
2025-04-04,Friday,3,22,Cloudy,0,Low,400,7,242
2025-09-04,Thursday,2,10,Cloudy,0,Medium,450,9,252
2025-10-27,Monday,4,17,Cloudy,0,High,350,5,394
2025-01-12,Sunday,2,22,Cloudy,0,Low,450,5,156
2025-01-19,Sunday,5,18,Cloudy,0,High,300,4,261
2025-09-22,Monday,1,9,Sunny,0,High,500,7,488
2025-07-13,Sunday,5,6,Rainy,0,Medium,300,3,499
2025-07-15,Tuesday,5,11,Cloudy,0,Low,300,3,166
2025-09-22,Monday,4,12,Cloudy,0,Low,350,4,159
2025-02-22,Saturday,5,21,Rainy,0,Low,300,6,99
2025-04-30,Wednesday,1,20,Sunny,0,Medium,500,7,297
2025-10-12,Sunday,1,16,Sunny,0,Medium,500,10,430
2025-07-22,Tuesday,4,13,Cloudy,0,Low,350,4,158
2025-05-11,Sunday,2,11,Rainy,0,Low,450,8,229
2025-09-17,Wednesday,2,20,Cloudy,0,Medium,450,7,254
2025-02-08,Saturday,2,19,Sunny,0,High,450,7,390
2025-04-29,Tuesday,2,13,Cloudy,0,Low,450,5,260
2025-02-12,Wednesday,2,15,Cloudy,0,Low,450,7,250
2025-11-17,Monday,1,18,Cloudy,0,High,500,6,516
2025-01-31,Friday,5,18,Cloudy,0,High,300,6,344
2025-05-11,Sunday,2,8,Cloudy,0,High,450,6,359
2025-09-18,Thursday,4,13,Rainy,0,Low,350,4,191
2025-05-28,Wednesday,5,10,Cloudy,0,Medium,300,5,164
2025-10-07,Tuesday,5,12,Sunny,0,Low,300,5,153
2025-05-28,Wednesday,2,12,Cloudy,0,Low,450,8,252
2025-01-28,Tuesday,1,16,Sunny,0,Medium,500,9,496
2025-08-27,Wednesday,1,16,Cloudy,0,Medium,500,10,534
2025-06-17,Tuesday,1,10,Cloudy,0,Medium,500,7,328
2025-03-24,Monday,1,9,Sunny,0,High,500,8,497
2025-10-05,Sunday,4,5,Cloudy,0,Low,350,5,118
2025-02-08,Saturday,1,22,Sunny,0,Low,500,7,246
2025-06-26,Thursday,4,8,Cloudy,0,High,350,6,357
2025-06-25,Wednesday,2,17,Cloudy,0,High,450,6,473
2025-04-29,Tuesday,3,16,Cloudy,0,Medium,400,7,411
2025-01-05,Sunday,1,13,Rainy,0,Low,500,10,248
2025-08-19,Tuesday,1,14,Rainy,0,Low,500,9,337
2025-08-17,Sunday,1,6,Sunny,0,Medium,500,10,376
2025-03-10,Monday,1,21,Rainy,0,Low,500,10,342
2025-09-15,Monday,3,13,Cloudy,0,Low,400,6,239
2025-08-19,Tuesday,2,7,Rainy,0,High,450,6,482
2025-02-26,Wednesday,3,18,Sunny,0,High,400,5,453
2025-02-26,Wednesday,3,14,Cloudy,0,Low,400,6,232
2025-08-12,Tuesday,5,8,Rainy,0,High,300,6,349
2025-08-24,Sunday,4,14,Sunny,0,Low,350,6,106
2025-10-30,Thursday,5,15,Cloudy,1,Low,300,6,72
2025-03-11,Tuesday,1,6,Cloudy,0,Medium,500,8,477
2025-08-22,Friday,4,21,Cloudy,0,Low,350,4,170
2025-07-16,Wednesday,3,13,Sunny,0,Low,400,8,234
2025-03-22,Saturday,2,18,Rainy,0,High,450,7,408
2025-03-18,Tuesday,3,14,Cloudy,0,Low,400,6,206
2025-10-29,Wednesday,3,16,Sunny,0,Medium,400,8,466
2025-07-05,Saturday,3,13,Cloudy,1,Low,400,8,31
2025-12-02,Tuesday,1,17,Rainy,0,High,500,6,568
2025-04-05,Saturday,5,5,Cloudy,0,Low,300,4,69
2025-12-07,Sunday,2,15,Cloudy,0,Low,450,6,189
2025-01-31,Friday,1,9,Rainy,0,High,500,7,509
2025-11-09,Sunday,2,12,Rainy,0,Low,450,8,187
2025-01-29,Wednesday,4,8,Sunny,0,High,350,6,500
2025-09-11,Thursday,4,16,Rainy,0,Medium,350,6,444
2025-05-25,Sunday,5,16,Cloudy,0,Medium,300,6,276
2025-10-09,Thursday,1,11,Cloudy,0,Low,500,10,292
2025-12-06,Saturday,1,9,Rainy,0,High,500,6,469
2025-05-22,Thursday,5,15,Sunny,0,Low,300,6,262
2025-11-24,Monday,3,18,Sunny,0,High,400,6,466
2025-05-20,Tuesday,4,9,Sunny,0,High,350,5,342
2025-01-08,Wednesday,2,22,Sunny,0,Low,450,9,280
2025-03-14,Friday,4,6,Sunny,0,Medium,350,7,507
2025-11-08,Saturday,2,8,Rainy,0,High,450,7,411
2025-03-31,Monday,2,17,Cloudy,0,High,450,8,487
2025-04-03,Thursday,2,21,Cloudy,1,Low,450,5,121
2025-08-21,Thursday,4,20,Sunny,0,Medium,350,6,192
2025-10-27,Monday,2,6,Sunny,0,Medium,450,6,436
2025-06-28,Saturday,4,10,Cloudy,0,Medium,350,5,109
2025-04-24,Thursday,1,7,Sunny,0,High,500,7,502
2025-02-25,Tuesday,2,16,Cloudy,0,Medium,450,8,472
2025-01-06,Monday,1,18,Sunny,0,High,500,6,542
2025-10-15,Wednesday,3,8,Rainy,0,High,400,8,413
2025-01-09,Thursday,3,12,Sunny,0,Low,400,7,245
2025-05-12,Monday,2,8,Cloudy,0,High,450,9,459
2025-03-21,Friday,4,12,Sunny,0,Low,350,4,180
2025-02-15,Saturday,1,15,Sunny,0,Low,500,6,205
2025-02-12,Wednesday,3,22,Rainy,0,Low,400,7,280
2025-06-16,Monday,1,13,Cloudy,0,Low,500,6,314
2025-01-18,Saturday,4,21,Cloudy,0,Low,350,5,126
2025-03-31,Monday,4,6,Rainy,0,Medium,350,7,393
2025-11-19,Wednesday,2,20,Rainy,0,Medium,450,9,463
2025-04-29,Tuesday,2,19,Cloudy,0,High,450,8,447
2025-07-04,Friday,5,17,Cloudy,0,High,300,5,367
2025-08-18,Monday,4,10,Cloudy,0,Medium,350,7,187
2025-11-21,Friday,2,10,Rainy,0,Medium,450,9,300
2025-09-23,Tuesday,3,9,Rainy,0,High,400,5,451
2025-01-26,Sunday,4,17,Cloudy,0,High,350,5,336
2025-12-18,Thursday,5,21,Sunny,0,Low,300,4,123
2025-07-24,Thursday,4,5,Rainy,0,Low,350,6,239
2025-07-07,Monday,2,19,Cloudy,0,High,450,9,455
2025-02-23,Sunday,2,22,Rainy,0,Low,450,6,215
2025-08-15,Friday,2,11,Rainy,0,Low,450,6,285
2025-07-19,Saturday,3,13,Sunny,0,Low,400,5,122
2025-06-15,Sunday,4,18,Cloudy,0,High,350,6,297
2025-08-24,Sunday,5,22,Rainy,0,Low,300,6,230
2025-05-06,Tuesday,5,20,Rainy,0,Medium,300,3,178
2025-04-16,Wednesday,1,22,Sunny,0,Low,500,8,299
2025-02-26,Wednesday,3,14,Sunny,0,Low,400,5,208
2025-03-03,Monday,4,11,Cloudy,0,Low,350,5,173
2025-11-03,Monday,2,9,Rainy,0,High,450,6,589
2025-11-04,Tuesday,5,17,Cloudy,0,High,300,4,388
2025-02-18,Tuesday,5,12,Rainy,0,Low,300,4,193
2025-10-12,Sunday,5,8,Sunny,0,High,300,6,260
2025-07-27,Sunday,5,14,Rainy,0,Low,300,6,132
2025-09-20,Saturday,2,12,Rainy,0,Low,450,8,216
2025-12-13,Saturday,2,14,Cloudy,0,Low,450,6,194
2025-03-15,Saturday,1,15,Sunny,0,Low,500,6,239
2025-12-15,Monday,1,10,Sunny,0,Medium,500,10,297
2025-12-10,Wednesday,4,13,Sunny,0,Low,350,7,316
2025-03-06,Thursday,2,22,Sunny,0,Low,450,7,386
2025-07-03,Thursday,5,17,Rainy,0,High,300,4,404
2025-02-28,Friday,4,17,Rainy,0,High,350,7,425
2025-12-18,Thursday,3,7,Rainy,1,High,400,5,546
2025-10-14,Tuesday,4,16,Cloudy,0,Medium,350,6,413
2025-02-12,Wednesday,4,11,Rainy,0,Low,350,5,216
2025-08-05,Tuesday,5,16,Rainy,0,Medium,300,3,412
2025-05-11,Sunday,3,19,Cloudy,0,High,400,7,350
2025-05-27,Tuesday,2,21,Sunny,0,Low,450,5,257
2025-10-10,Friday,3,11,Cloudy,0,Low,400,7,194
2025-04-08,Tuesday,1,11,Rainy,0,Low,500,7,362
2025-11-21,Friday,3,9,Sunny,0,High,400,7,423
2025-10-24,Friday,2,16,Rainy,0,Medium,450,5,528
2025-05-09,Friday,2,17,Cloudy,0,High,450,8,493
2025-04-03,Thursday,3,14,Rainy,0,Low,400,8,272
2025-02-27,Thursday,2,12,Sunny,0,Low,450,8,248
2025-05-31,Saturday,2,8,Sunny,0,High,450,6,372
2025-06-10,Tuesday,3,19,Sunny,0,High,400,7,461
2025-09-28,Sunday,2,6,Sunny,0,Medium,450,5,357
2025-02-05,Wednesday,2,17,Cloudy,0,High,450,6,448
2025-09-24,Wednesday,1,19,Sunny,0,High,500,8,511
2025-09-06,Saturday,4,7,Sunny,0,High,350,5,283
2025-06-03,Tuesday,3,12,Rainy,0,Low,400,8,275
2025-04-16,Wednesday,5,22,Sunny,0,Low,300,5,171
2025-05-30,Friday,4,12,Sunny,0,Low,350,7,171
2025-02-20,Thursday,3,20,Rainy,0,Medium,400,8,272
2025-10-14,Tuesday,5,18,Sunny,0,High,300,6,393
2025-03-15,Saturday,3,9,Cloudy,0,High,400,8,321
2025-04-28,Monday,2,18,Sunny,1,High,450,6,370
2025-04-11,Friday,2,13,Rainy,0,Low,450,9,315
2025-09-16,Tuesday,1,16,Rainy,0,Medium,500,10,580
2025-10-08,Wednesday,5,10,Rainy,0,Medium,300,4,217
2025-02-23,Sunday,3,7,Rainy,0,High,400,7,359
2025-03-04,Tuesday,5,11,Cloudy,0,Low,300,5,165
2025-01-23,Thursday,1,6,Sunny,0,Medium,500,6,489
2025-01-28,Tuesday,2,16,Rainy,0,Medium,450,6,501
2025-09-18,Thursday,3,15,Sunny,0,Low,400,7,248
2025-01-29,Wednesday,1,8,Rainy,0,High,500,6,511
2025-01-02,Thursday,3,8,Sunny,0,High,400,5,406
2025-04-01,Tuesday,1,20,Cloudy,0,Medium,500,10,310
2025-11-19,Wednesday,5,9,Rainy,0,High,300,6,368
2025-06-27,Friday,5,16,Rainy,0,Medium,300,4,402
2025-10-15,Wednesday,3,10,Sunny,0,Medium,400,8,238
2025-10-13,Monday,1,14,Cloudy,0,Low,500,8,328
2025-11-04,Tuesday,4,16,Cloudy,1,Medium,350,7,282
2025-10-23,Thursday,2,9,Cloudy,0,High,450,6,450
2025-06-05,Thursday,1,17,Rainy,0,High,500,6,581
2025-07-26,Saturday,2,10,Rainy,0,Medium,450,5,192
2025-11-04,Tuesday,1,16,Sunny,0,Medium,500,9,513
2025-05-31,Saturday,1,17,Rainy,0,High,500,6,473
2025-07-23,Wednesday,3,21,Sunny,0,Low,400,6,241
2025-11-30,Sunday,5,14,Sunny,0,Low,300,6,69
2025-02-07,Friday,1,22,Cloudy,0,Low,500,10,270
2025-10-06,Monday,5,15,Sunny,0,Low,300,5,174
2025-11-26,Wednesday,5,20,Sunny,0,Medium,300,6,162
2025-02-13,Thursday,2,14,Rainy,0,Low,450,7,291
2025-11-08,Saturday,4,21,Rainy,0,Low,350,5,111
2025-05-04,Sunday,4,22,Sunny,0,Low,350,5,94
2025-04-11,Friday,4,7,Cloudy,0,High,350,6,475
2025-12-15,Monday,1,14,Rainy,0,Low,500,6,349
2025-04-19,Saturday,3,21,Sunny,0,Low,400,6,119
2025-05-15,Thursday,3,13,Sunny,0,Low,400,5,223
2025-04-29,Tuesday,1,8,Sunny,0,High,500,6,467
2025-02-16,Sunday,5,18,Rainy,0,High,300,5,356
2025-11-17,Monday,5,11,Rainy,1,Low,300,3,113
2025-01-06,Monday,3,6,Sunny,0,Medium,400,8,409
2025-11-03,Monday,2,10,Sunny,0,Medium,450,6,391
2025-06-15,Sunday,3,14,Rainy,0,Low,400,6,169
2025-04-30,Wednesday,5,9,Rainy,0,High,300,4,369
2025-08-03,Sunday,1,18,Rainy,0,High,500,6,472
2025-12-29,Monday,4,10,Rainy,0,Medium,350,7,227
2025-11-25,Tuesday,3,21,Rainy,0,Low,400,8,272
2025-09-21,Sunday,1,15,Sunny,0,Low,500,8,221
2025-10-28,Tuesday,5,13,Sunny,0,Low,300,4,129
2025-04-03,Thursday,5,16,Rainy,0,Medium,300,5,393
2025-05-07,Wednesday,4,22,Sunny,0,Low,350,7,162
2025-11-02,Sunday,2,19,Rainy,0,High,450,6,451
2025-10-17,Friday,2,8,Cloudy,0,High,450,5,408
2025-06-10,Tuesday,3,19,Cloudy,0,High,400,8,436
2025-02-23,Sunday,1,15,Sunny,0,Low,500,8,214
2025-04-12,Saturday,2,13,Cloudy,0,Low,450,6,152
2025-07-04,Friday,3,18,Sunny,0,High,400,5,411
2025-01-29,Wednesday,2,10,Sunny,0,Medium,450,8,256
2025-04-30,Wednesday,2,18,Rainy,0,High,450,8,501
2025-09-28,Sunday,5,14,Rainy,0,Low,300,3,95
2025-06-21,Saturday,4,11,Sunny,0,Low,350,6,106
2025-03-15,Saturday,4,21,Sunny,0,Low,350,6,106
2025-07-27,Sunday,3,7,Sunny,0,High,400,5,308
2025-10-13,Monday,4,7,Rainy,0,High,350,4,409
2025-09-20,Saturday,5,18,Rainy,0,High,300,6,360
2025-02-04,Tuesday,1,10,Sunny,0,Medium,500,10,318
2025-11-18,Tuesday,1,13,Rainy,0,Low,500,10,353
2025-01-10,Friday,4,15,Cloudy,0,Low,350,4,265
2025-08-14,Thursday,2,8,Cloudy,0,High,450,8,430
2025-11-26,Wednesday,3,10,Rainy,0,Medium,400,8,258
2025-02-12,Wednesday,2,7,Rainy,0,High,450,5,490
2025-06-29,Sunday,2,9,Sunny,0,High,450,6,346
2025-03-12,Wednesday,4,16,Rainy,0,Medium,350,4,440
2025-06-07,Saturday,2,20,Cloudy,0,Medium,450,6,167
2025-09-05,Friday,1,7,Sunny,0,High,500,7,501
2025-09-27,Saturday,2,19,Cloudy,0,High,450,7,420
2025-11-01,Saturday,3,8,Cloudy,0,High,400,7,347
2025-06-03,Tuesday,1,16,Cloudy,0,Medium,500,7,493
2025-06-07,Saturday,2,6,Sunny,0,Medium,450,8,361
2025-08-07,Thursday,3,5,Rainy,0,Low,400,7,421
2025-11-12,Wednesday,4,17,Cloudy,0,High,350,7,421
2025-11-11,Tuesday,4,11,Sunny,0,Low,350,6,170
2025-12-07,Sunday,1,14,Rainy,0,Low,500,10,256
2025-01-01,Wednesday,2,7,Sunny,0,High,450,8,419
2025-06-02,Monday,1,18,Sunny,0,High,500,6,491
2025-02-09,Sunday,1,8,Cloudy,0,High,500,8,429
2025-10-02,Thursday,1,8,Sunny,0,High,500,6,501
2025-10-12,Sunday,1,16,Rainy,0,Medium,500,9,452
2025-12-23,Tuesday,4,21,Sunny,0,Low,350,7,164
2025-07-14,Monday,2,9,Rainy,0,High,450,8,441
2025-06-08,Sunday,1,16,Rainy,0,Medium,500,10,498
2025-07-02,Wednesday,3,19,Sunny,0,High,400,5,422
2025-06-30,Monday,4,17,Sunny,0,High,350,4,427
2025-07-05,Saturday,3,11,Sunny,0,Low,400,8,144
2025-10-16,Thursday,5,21,Rainy,0,Low,300,6,212
2025-02-10,Monday,4,11,Rainy,0,Low,350,5,209
2025-03-31,Monday,3,11,Rainy,1,Low,400,5,165
2025-11-10,Monday,5,7,Rainy,0,High,300,4,359
2025-12-26,Friday,3,9,Cloudy,0,High,400,6,416
2025-11-28,Friday,3,17,Cloudy,0,High,400,8,416
2025-06-23,Monday,5,19,Rainy,0,High,300,6,413
2025-10-05,Sunday,4,16,Rainy,0,Medium,350,6,379
2025-08-21,Thursday,4,6,Sunny,0,Medium,350,5,491
2025-04-25,Friday,1,13,Rainy,0,Low,500,8,565
2025-04-26,Saturday,4,8,Sunny,0,High,350,6,282
2025-07-11,Friday,2,16,Cloudy,0,Medium,450,8,449
2025-09-10,Wednesday,2,12,Rainy,0,Low,450,6,278
2025-11-06,Thursday,4,14,Rainy,0,Low,350,5,246
2025-05-01,Thursday,3,8,Sunny,0,High,400,6,372
2025-03-01,Saturday,1,9,Sunny,0,High,500,9,371
2025-12-03,Wednesday,3,9,Sunny,0,High,400,6,417
2025-03-07,Friday,3,22,Sunny,0,Low,400,7,204
2025-09-25,Thursday,1,9,Rainy,0,High,500,8,496
2025-06-16,Monday,2,5,Sunny,0,Low,450,6,268
2025-08-31,Sunday,3,21,Cloudy,0,Low,400,5,406
2025-06-17,Tuesday,1,15,Rainy,0,Low,500,10,336
2025-06-24,Tuesday,3,11,Sunny,0,Low,400,7,215
2025-11-02,Sunday,5,8,Sunny,0,High,300,4,227
2025-08-01,Friday,5,7,Cloudy,0,High,300,6,305
2025-12-19,Friday,2,15,Rainy,1,Low,450,5,170
2025-05-13,Tuesday,3,20,Sunny,0,Medium,400,5,250
2025-05-09,Friday,3,19,Sunny,0,High,400,8,569
2025-05-25,Sunday,1,8,Cloudy,0,High,500,7,393
2025-01-21,Tuesday,1,9,Sunny,0,High,500,7,497
2025-09-23,Tuesday,5,20,Cloudy,0,Medium,300,5,152
2025-07-08,Tuesday,2,18,Rainy,0,High,450,5,495
2025-03-20,Thursday,3,5,Rainy,1,Low,400,8,150
2025-12-12,Friday,1,15,Rainy,0,Low,500,8,360
2025-05-19,Monday,3,5,Rainy,0,Low,400,5,244
2025-06-10,Tuesday,5,13,Cloudy,1,Low,300,6,70
2025-10-16,Thursday,4,22,Sunny,0,Low,350,5,192
2025-12-09,Tuesday,2,16,Rainy,0,Medium,450,5,497
2025-08-13,Wednesday,3,5,Rainy,0,Low,400,7,253
2025-10-06,Monday,2,11,Cloudy,0,Low,450,6,266
2025-09-22,Monday,4,18,Sunny,0,High,350,7,422
2025-02-21,Friday,5,18,Sunny,0,High,300,4,343
2025-02-13,Thursday,4,13,Rainy,0,Low,350,5,207
2025-05-02,Friday,3,16,Cloudy,0,Medium,400,5,417
2025-10-19,Sunday,5,20,Rainy,0,Medium,300,4,105
2025-05-29,Thursday,4,18,Cloudy,0,High,350,7,376
2025-03-03,Monday,5,14,Cloudy,0,Low,300,3,158
2025-11-22,Saturday,1,21,Rainy,0,Low,500,6,289
2025-03-07,Friday,2,21,Rainy,0,Low,450,9,261
2025-04-12,Saturday,2,15,Sunny,0,Low,450,7,199
2025-05-29,Thursday,1,15,Sunny,0,Low,500,10,287
2025-08-23,Saturday,1,10,Sunny,1,Medium,500,9,139
2025-11-05,Wednesday,3,13,Cloudy,0,Low,400,5,194
2025-07-15,Tuesday,4,6,Cloudy,0,Medium,350,5,357
2025-02-20,Thursday,5,10,Rainy,0,Medium,300,6,166
2025-09-14,Sunday,1,13,Sunny,0,Low,500,7,245
2025-10-25,Saturday,1,12,Sunny,0,Low,500,6,243
2025-07-08,Tuesday,3,6,Cloudy,0,Medium,400,6,406
2025-06-18,Wednesday,3,14,Rainy,0,Low,400,8,231
2025-05-04,Sunday,2,15,Rainy,0,Low,450,5,182
2025-08-27,Wednesday,2,14,Sunny,0,Low,450,8,268
2025-12-24,Wednesday,3,9,Sunny,0,High,400,7,418
2025-08-22,Friday,4,12,Rainy,0,Low,350,5,239
2025-11-01,Saturday,2,11,Cloudy,0,Low,450,5,185
2025-06-25,Wednesday,5,5,Sunny,0,Low,300,5,166
2025-11-04,Tuesday,5,6,Cloudy,0,Medium,300,5,352
2025-11-04,Tuesday,4,20,Sunny,0,Medium,350,6,176
2025-10-11,Saturday,4,16,Cloudy,0,Medium,350,6,322
2025-02-23,Sunday,2,6,Cloudy,0,Medium,450,8,370
2025-05-26,Monday,1,5,Rainy,0,Low,500,6,315
2025-04-10,Thursday,3,11,Sunny,0,Low,400,5,225
2025-07-24,Thursday,4,7,Rainy,0,High,350,6,370
2025-09-07,Sunday,1,14,Rainy,0,Low,500,9,267
2025-09-03,Wednesday,1,13,Sunny,1,Low,500,9,213
2025-04-24,Thursday,1,7,Sunny,0,High,500,7,505
2025-01-08,Wednesday,2,13,Sunny,1,Low,450,8,177
2025-03-14,Friday,3,18,Sunny,0,High,400,8,427
2025-09-14,Sunday,5,18,Sunny,0,High,300,5,275
2025-07-11,Friday,4,16,Rainy,1,Medium,350,4,370
2025-08-09,Saturday,5,19,Sunny,0,High,300,5,299
2025-01-09,Thursday,3,5,Cloudy,0,Low,400,8,220
2025-12-23,Tuesday,4,16,Cloudy,0,Medium,350,6,386
2025-04-14,Monday,3,20,Sunny,0,Medium,400,8,229
2025-06-07,Saturday,3,19,Sunny,0,High,400,6,330
2025-05-15,Thursday,2,20,Rainy,1,Medium,450,8,354
2025-03-15,Saturday,3,21,Sunny,0,Low,400,6,129
2025-02-14,Friday,3,14,Sunny,0,Low,400,7,214
2025-09-30,Tuesday,1,6,Sunny,0,Medium,500,9,504
2025-10-05,Sunday,1,20,Cloudy,0,Medium,500,6,240
2025-01-05,Sunday,1,6,Rainy,0,Medium,500,10,433
2025-08-21,Thursday,5,13,Cloudy,0,Low,300,4,155
2025-09-14,Sunday,5,17,Rainy,1,High,300,4,228
2025-02-12,Wednesday,5,21,Rainy,0,Low,300,3,211
2025-10-25,Saturday,4,12,Rainy,0,Low,350,5,111
2025-04-20,Sunday,3,18,Cloudy,0,High,400,5,355
2025-01-20,Monday,2,15,Sunny,0,Low,450,6,262
2025-12-09,Tuesday,1,8,Cloudy,0,High,500,9,458
2025-10-11,Saturday,2,14,Sunny,0,Low,450,8,142
2025-02-01,Saturday,5,16,Cloudy,0,Medium,300,4,274
2025-11-10,Monday,3,8,Rainy,0,High,400,5,439
2025-07-09,Wednesday,1,14,Sunny,0,Low,500,7,276
2025-03-25,Tuesday,4,16,Sunny,0,Medium,350,6,404
2025-02-09,Sunday,3,18,Sunny,0,High,400,7,370
2025-06-18,Wednesday,4,15,Sunny,0,Low,350,7,206
2025-07-15,Tuesday,1,6,Cloudy,0,Medium,500,8,500
2025-10-18,Saturday,4,8,Sunny,0,High,350,4,272
2025-06-10,Tuesday,2,9,Sunny,0,High,450,7,455
2025-07-09,Wednesday,5,21,Rainy,0,Low,300,6,167
2025-10-20,Monday,2,10,Rainy,0,Medium,450,9,289
2025-09-07,Sunday,4,12,Cloudy,0,Low,350,4,98
2025-07-09,Wednesday,4,19,Sunny,0,High,350,4,399
2025-07-03,Thursday,3,15,Sunny,0,Low,400,7,242
2025-07-16,Wednesday,3,17,Cloudy,0,High,400,7,438
2025-05-10,Saturday,3,21,Cloudy,0,Low,400,7,113
2025-07-25,Friday,5,8,Sunny,0,High,300,5,329
2025-12-09,Tuesday,1,13,Sunny,0,Low,500,10,318
2025-10-18,Saturday,5,20,Sunny,1,Medium,300,5,20
2025-09-21,Sunday,1,11,Cloudy,0,Low,500,9,243
2025-07-01,Tuesday,2,21,Sunny,0,Low,450,5,270
2025-10-08,Wednesday,2,16,Rainy,0,Medium,450,9,644
2025-01-15,Wednesday,5,5,Sunny,0,Low,300,5,143
2025-07-04,Friday,4,16,Rainy,0,Medium,350,5,457
2025-02-12,Wednesday,1,7,Rainy,0,High,500,7,508
2025-11-02,Sunday,4,14,Rainy,0,Low,350,5,220
2025-06-15,Sunday,4,18,Sunny,0,High,350,7,345
2025-11-24,Monday,2,7,Cloudy,0,High,450,7,458
2025-03-10,Monday,5,6,Cloudy,0,Medium,300,3,353
2025-06-18,Wednesday,1,12,Sunny,0,Low,500,7,272
2025-01-29,Wednesday,2,16,Sunny,0,Medium,450,8,454
2025-09-15,Monday,4,11,Sunny,0,Low,350,5,187
2025-07-21,Monday,1,10,Cloudy,0,Medium,500,9,324
2025-12-04,Thursday,4,16,Cloudy,0,Medium,350,6,390
2025-06-11,Wednesday,5,16,Rainy,0,Medium,300,3,385
2025-01-03,Friday,2,22,Cloudy,0,Low,450,9,260
2025-07-07,Monday,4,17,Cloudy,1,High,350,7,284
2025-06-14,Saturday,4,17,Cloudy,0,High,350,5,343
2025-08-24,Sunday,5,8,Rainy,0,High,300,3,504
2025-02-19,Wednesday,4,20,Rainy,0,Medium,350,7,204
2025-04-05,Saturday,1,5,Sunny,0,Low,500,9,217
2025-07-03,Thursday,4,10,Sunny,0,Medium,350,7,182
2025-06-12,Thursday,4,21,Rainy,0,Low,350,5,201
2025-05-23,Friday,5,10,Sunny,0,Medium,300,3,130
2025-12-29,Monday,4,7,Cloudy,0,High,350,7,342
2025-08-07,Thursday,5,13,Rainy,0,Low,300,4,178
2025-07-13,Sunday,5,13,Sunny,0,Low,300,6,85
2025-02-06,Thursday,2,10,Rainy,0,Medium,450,6,307
2025-10-13,Monday,1,19,Rainy,0,High,500,8,552
2025-06-19,Thursday,5,7,Sunny,1,High,300,6,215
2025-10-29,Wednesday,2,19,Cloudy,0,High,450,5,475
2025-01-07,Tuesday,4,19,Cloudy,0,High,350,6,637
2025-03-07,Friday,5,22,Sunny,0,Low,300,6,151
2025-11-06,Thursday,4,11,Rainy,0,Low,350,4,218
2025-02-21,Friday,5,7,Cloudy,0,High,300,4,314
2025-03-22,Saturday,4,5,Sunny,0,Low,350,4,102
2025-07-08,Tuesday,4,18,Rainy,0,High,350,6,454
2025-01-22,Wednesday,2,21,Rainy,0,Low,450,9,273
2025-11-17,Monday,1,16,Cloudy,0,Medium,500,6,515
2025-03-27,Thursday,2,16,Cloudy,0,Medium,450,9,474
2025-02-10,Monday,2,19,Cloudy,0,High,450,6,494
2025-11-23,Sunday,2,6,Rainy,0,Medium,450,7,388
2025-04-17,Thursday,3,13,Sunny,0,Low,400,5,209
2025-01-10,Friday,2,13,Cloudy,0,Low,450,7,220
2025-04-25,Friday,1,8,Rainy,0,High,500,10,526
2025-12-29,Monday,3,17,Cloudy,0,High,400,7,459
2025-07-15,Tuesday,1,12,Rainy,0,Low,500,9,360
2025-08-21,Thursday,5,13,Rainy,0,Low,300,3,185
2025-06-27,Friday,5,20,Rainy,0,Medium,300,6,212
2025-05-21,Wednesday,4,9,Rainy,0,High,350,5,404
2025-09-16,Tuesday,5,10,Sunny,0,Medium,300,5,160
2025-05-18,Sunday,4,13,Sunny,0,Low,350,6,123
2025-11-05,Wednesday,5,8,Rainy,0,High,300,5,392
2025-02-28,Friday,4,20,Cloudy,0,Medium,350,7,195
2025-05-24,Saturday,4,15,Cloudy,0,Low,350,4,91
2025-01-20,Monday,5,14,Sunny,0,Low,300,3,123
2025-09-08,Monday,2,7,Rainy,0,High,450,7,470
2025-03-19,Wednesday,3,8,Sunny,0,High,400,5,418
2025-12-19,Friday,4,7,Rainy,0,High,350,7,382
2025-06-25,Wednesday,5,16,Sunny,0,Medium,300,4,386
2025-01-12,Sunday,5,9,Sunny,0,High,300,3,244
2025-06-27,Friday,1,9,Cloudy,0,High,500,7,507
2025-08-03,Sunday,4,18,Cloudy,0,High,350,7,307
2025-06-27,Friday,5,11,Rainy,0,Low,300,3,175
2025-10-05,Sunday,5,21,Sunny,0,Low,300,5,44
2025-12-26,Friday,3,18,Cloudy,0,High,400,8,470
2025-05-09,Friday,5,17,Cloudy,0,High,300,5,345
2025-12-24,Wednesday,4,18,Rainy,0,High,350,6,460
2025-11-24,Monday,4,6,Rainy,0,Medium,350,7,380
2025-07-11,Friday,1,20,Cloudy,0,Medium,500,6,303
2025-06-25,Wednesday,3,20,Rainy,0,Medium,400,8,245
2025-07-31,Thursday,3,8,Rainy,0,High,400,7,428
2025-12-09,Tuesday,4,5,Sunny,0,Low,350,7,209
2025-08-28,Thursday,1,7,Rainy,0,High,500,9,513
2025-02-06,Thursday,2,8,Sunny,0,High,450,6,433
2025-02-04,Tuesday,5,20,Rainy,0,Medium,300,5,162
2025-08-17,Sunday,4,5,Rainy,0,Low,350,7,153
2025-12-07,Sunday,4,17,Cloudy,0,High,350,6,304
2025-12-26,Friday,2,11,Cloudy,0,Low,450,7,256
2025-02-10,Monday,2,19,Cloudy,0,High,450,9,455
2025-09-05,Friday,2,12,Rainy,0,Low,450,7,286
2025-02-06,Thursday,3,10,Rainy,0,Medium,400,8,240
2025-07-19,Saturday,4,20,Rainy,0,Medium,350,7,157
2025-11-19,Wednesday,3,16,Sunny,0,Medium,400,6,450
2025-01-28,Tuesday,4,9,Cloudy,0,High,350,7,340
2025-02-14,Friday,2,18,Sunny,0,High,450,6,442
2025-02-12,Wednesday,5,13,Sunny,0,Low,300,3,180
2025-01-06,Monday,4,12,Sunny,0,Low,350,5,178
2025-07-30,Wednesday,2,6,Sunny,0,Medium,450,6,430
2025-05-08,Thursday,1,5,Rainy,0,Low,500,9,327
2025-04-28,Monday,1,8,Cloudy,0,High,500,6,505
2025-12-16,Tuesday,4,5,Cloudy,0,Low,350,4,164
2025-03-20,Thursday,5,11,Rainy,0,Low,300,3,220
2025-11-23,Sunday,1,14,Sunny,0,Low,500,10,246
2025-01-29,Wednesday,3,13,Sunny,0,Low,400,7,200
2025-04-24,Thursday,4,16,Sunny,0,Medium,350,5,400
2025-06-18,Wednesday,3,8,Rainy,0,High,400,8,441
2025-07-02,Wednesday,2,9,Cloudy,0,High,450,6,403
2025-02-15,Saturday,2,7,Cloudy,0,High,450,9,562
2025-07-09,Wednesday,3,22,Cloudy,0,Low,400,8,250
2025-08-16,Saturday,5,20,Rainy,0,Medium,300,4,101
2025-03-18,Tuesday,4,11,Sunny,0,Low,350,5,152
2025-07-12,Saturday,5,10,Rainy,0,Medium,300,4,132
2025-01-28,Tuesday,2,9,Cloudy,0,High,450,8,437
2025-01-05,Sunday,4,6,Rainy,0,Medium,350,5,311
2025-07-15,Tuesday,4,7,Rainy,0,High,350,5,408
2025-05-31,Saturday,3,8,Rainy,0,High,400,6,343
2025-06-24,Tuesday,4,16,Sunny,0,Medium,350,4,374
2025-05-07,Wednesday,3,13,Sunny,0,Low,400,7,226
2025-12-31,Wednesday,1,7,Sunny,0,High,500,9,457
2025-03-30,Sunday,1,22,Rainy,0,Low,500,6,241
2025-08-26,Tuesday,3,5,Sunny,1,Low,400,7,109
2025-06-10,Tuesday,1,17,Rainy,0,High,500,8,569
2025-11-18,Tuesday,4,5,Rainy,0,Low,350,7,215
2025-09-04,Thursday,5,12,Sunny,0,Low,300,5,381
2025-03-01,Saturday,3,22,Cloudy,0,Low,400,6,116
2025-11-28,Friday,2,15,Cloudy,0,Low,450,9,274
2025-01-13,Monday,3,9,Cloudy,0,High,400,6,421
2025-08-14,Thursday,3,13,Sunny,0,Low,400,5,192
2025-07-31,Thursday,3,21,Rainy,0,Low,400,8,275
2025-03-06,Thursday,1,14,Rainy,1,Low,500,10,269
2025-08-20,Wednesday,3,20,Cloudy,0,Medium,400,7,209
2025-12-16,Tuesday,2,13,Rainy,0,Low,450,5,305
2025-01-22,Wednesday,3,7,Sunny,0,High,400,8,395
2025-05-23,Friday,4,22,Sunny,0,Low,350,4,196
2025-08-21,Thursday,3,8,Sunny,0,High,400,6,421
2025-11-24,Monday,3,22,Cloudy,0,Low,400,7,248
2025-10-16,Thursday,2,10,Cloudy,0,Medium,450,9,448
2025-07-20,Sunday,4,20,Rainy,0,Medium,350,7,121
2025-09-17,Wednesday,3,22,Rainy,0,Low,400,5,259
2025-02-10,Monday,1,21,Cloudy,0,Low,500,8,281
2025-01-24,Friday,5,11,Cloudy,0,Low,300,3,149
2025-11-13,Thursday,3,9,Rainy,0,High,400,8,411
2025-03-15,Saturday,4,7,Sunny,0,High,350,7,270
2025-10-26,Sunday,2,19,Sunny,0,High,450,5,401
2025-07-07,Monday,5,20,Sunny,0,Medium,300,5,128
2025-06-23,Monday,3,21,Cloudy,0,Low,400,7,236
2025-06-20,Friday,5,14,Cloudy,0,Low,300,4,174
2025-03-03,Monday,3,18,Cloudy,0,High,400,7,451
2025-11-30,Sunday,5,11,Sunny,0,Low,300,5,264
2025-07-28,Monday,5,17,Cloudy,0,High,300,4,360
2025-03-07,Friday,2,8,Rainy,0,High,450,5,467
2025-01-19,Sunday,5,19,Rainy,0,High,300,6,333
2025-12-19,Friday,4,21,Rainy,0,Low,350,6,218
2025-11-18,Tuesday,5,11,Cloudy,0,Low,300,3,140
2025-06-23,Monday,1,6,Cloudy,0,Medium,500,7,468
2025-09-13,Saturday,2,7,Sunny,0,High,450,8,325
2025-09-10,Wednesday,3,9,Cloudy,0,High,400,6,415
2025-10-27,Monday,1,6,Cloudy,0,Medium,500,6,485
2025-01-26,Sunday,5,15,Rainy,0,Low,300,3,107
2025-11-05,Wednesday,4,21,Sunny,0,Low,350,5,197
2025-08-06,Wednesday,3,11,Cloudy,0,Low,400,5,231
2025-07-31,Thursday,4,5,Cloudy,0,Low,350,5,339
2025-04-20,Sunday,4,19,Rainy,0,High,350,5,386
2025-10-09,Thursday,1,19,Sunny,0,High,500,6,513
2025-05-09,Friday,4,15,Sunny,0,Low,350,6,168
2025-09-29,Monday,3,8,Cloudy,0,High,400,8,376
2025-10-08,Wednesday,5,5,Cloudy,0,Low,300,4,156
2025-11-10,Monday,5,21,Cloudy,0,Low,300,3,153
2025-10-08,Wednesday,4,20,Cloudy,0,Medium,350,6,162
2025-01-22,Wednesday,2,17,Sunny,0,High,450,7,451
2025-06-27,Friday,4,13,Cloudy,1,Low,350,6,77
2025-01-21,Tuesday,1,14,Rainy,1,Low,500,9,240
2025-09-12,Friday,1,5,Rainy,0,Low,500,6,329
2025-11-03,Monday,1,11,Rainy,0,Low,500,8,361
2025-11-07,Friday,4,12,Cloudy,0,Low,350,6,192
2025-06-26,Thursday,4,5,Rainy,0,Low,350,4,244
2025-06-10,Tuesday,1,22,Sunny,0,Low,500,6,282
2025-01-10,Friday,5,13,Rainy,0,Low,300,3,179
2025-03-05,Wednesday,5,7,Rainy,0,High,300,4,378
2025-01-15,Wednesday,5,18,Sunny,0,High,300,3,353
2025-12-02,Tuesday,5,13,Rainy,0,Low,300,5,170
2025-06-22,Sunday,3,11,Sunny,0,Low,400,5,150
2025-03-15,Saturday,4,8,Rainy,0,High,350,7,328
2025-02-18,Tuesday,1,7,Sunny,0,High,500,7,495
2025-12-07,Sunday,5,5,Rainy,0,Low,300,6,118
2025-06-02,Monday,4,15,Cloudy,0,Low,350,7,180
2025-07-23,Wednesday,5,14,Rainy,0,Low,300,4,203
2025-08-18,Monday,2,19,Rainy,0,High,450,7,500
2025-04-23,Wednesday,5,16,Sunny,0,Medium,300,6,342
2025-03-15,Saturday,2,9,Rainy,0,High,450,6,368
2025-06-13,Friday,4,21,Cloudy,0,Low,350,6,189
2025-01-09,Thursday,2,21,Rainy,0,Low,450,8,284
2025-01-13,Monday,5,10,Cloudy,0,Medium,300,3,132
2025-06-26,Thursday,2,18,Cloudy,0,High,450,6,446
2025-04-29,Tuesday,1,17,Rainy,0,High,500,6,555
2025-08-14,Thursday,1,20,Sunny,0,Medium,500,8,328
2025-01-20,Monday,4,21,Sunny,0,Low,350,6,196
2025-11-29,Saturday,3,8,Rainy,0,High,400,6,365
2025-05-03,Saturday,1,22,Cloudy,0,Low,500,8,204
2025-07-08,Tuesday,3,17,Cloudy,0,High,400,7,448
2025-05-19,Monday,3,20,Sunny,0,Medium,400,7,226
2025-11-28,Friday,2,17,Sunny,0,High,450,5,485
2025-07-30,Wednesday,5,22,Sunny,0,Low,300,5,168
2025-01-18,Saturday,4,17,Rainy,0,High,350,4,358
2025-08-28,Thursday,4,9,Rainy,0,High,350,5,389
2025-06-16,Monday,1,6,Cloudy,0,Medium,500,10,482
2025-04-17,Thursday,3,15,Sunny,0,Low,400,6,231
2025-06-07,Saturday,1,15,Rainy,0,Low,500,10,264
2025-07-20,Sunday,4,6,Rainy,0,Medium,350,4,300
2025-10-09,Thursday,5,7,Cloudy,0,High,300,5,324
2025-05-17,Saturday,5,9,Cloudy,0,High,300,4,228
2025-03-23,Sunday,1,19,Rainy,0,High,500,8,470
2025-03-30,Sunday,4,8,Cloudy,0,High,350,7,289
2025-03-26,Wednesday,2,18,Rainy,0,High,450,8,485
2025-06-09,Monday,4,6,Cloudy,0,Medium,350,5,376
2025-06-14,Saturday,4,18,Sunny,0,High,350,7,320
2025-09-09,Tuesday,2,18,Sunny,0,High,450,5,455
2025-04-02,Wednesday,4,12,Cloudy,0,Low,350,7,179
2025-09-20,Saturday,4,21,Cloudy,0,Low,350,6,318
2025-07-18,Friday,1,9,Rainy,0,High,500,8,498
2025-08-23,Saturday,4,8,Cloudy,0,High,350,7,271
2025-10-09,Thursday,1,19,Sunny,0,High,500,8,526
2025-10-17,Friday,3,13,Sunny,0,Low,400,8,249
2025-02-18,Tuesday,1,11,Cloudy,0,Low,500,9,307
2025-02-14,Friday,5,14,Rainy,0,Low,300,5,204
2025-11-15,Saturday,5,16,Cloudy,0,Medium,300,5,319
2025-05-17,Saturday,3,15,Rainy,0,Low,400,8,153
2025-10-09,Thursday,1,12,Cloudy,0,Low,500,9,287
2025-09-09,Tuesday,5,19,Sunny,0,High,300,6,341
2025-05-18,Sunday,1,15,Sunny,1,Low,500,6,148
2025-03-27,Thursday,5,12,Rainy,0,Low,300,6,160
2025-11-01,Saturday,1,9,Cloudy,0,High,500,10,391
2025-09-10,Wednesday,3,8,Cloudy,0,High,400,7,423
2025-11-11,Tuesday,3,20,Cloudy,0,Medium,400,6,229
2025-06-07,Saturday,4,12,Sunny,0,Low,350,5,85
2025-10-15,Wednesday,4,6,Sunny,1,Medium,350,6,286
2025-04-07,Monday,3,5,Rainy,0,Low,400,6,283
2025-11-04,Tuesday,4,8,Cloudy,0,High,350,4,354
2025-02-04,Tuesday,5,10,Cloudy,1,Medium,300,5,36
2025-11-25,Tuesday,2,10,Sunny,0,Medium,450,5,223
2025-04-15,Tuesday,5,6,Cloudy,1,Medium,300,6,228
2025-07-22,Tuesday,4,19,Rainy,0,High,350,4,466
2025-09-28,Sunday,3,13,Rainy,0,Low,400,7,205
2025-01-12,Sunday,4,21,Cloudy,0,Low,350,4,117
2025-06-09,Monday,3,19,Cloudy,0,High,400,5,411
2025-04-27,Sunday,1,19,Sunny,0,High,500,10,423
2025-11-25,Tuesday,1,5,Rainy,0,Low,500,6,346
2025-06-14,Saturday,5,11,Cloudy,1,Low,300,5,20
2025-06-14,Saturday,2,20,Sunny,0,Medium,450,8,169
2025-04-02,Wednesday,3,9,Cloudy,0,High,400,6,411
2025-12-03,Wednesday,4,15,Sunny,0,Low,350,6,185
2025-07-11,Friday,3,16,Rainy,0,Medium,400,5,455
2025-09-08,Monday,2,13,Rainy,0,Low,450,7,291
2025-09-07,Sunday,2,22,Rainy,0,Low,450,6,240
2025-07-21,Monday,3,6,Rainy,0,Medium,400,8,441
2025-01-02,Thursday,3,21,Rainy,1,Low,400,7,141
2025-12-04,Thursday,3,17,Sunny,0,High,400,8,608
2025-10-15,Wednesday,1,5,Sunny,0,Low,500,10,280
2025-04-10,Thursday,4,12,Sunny,0,Low,350,7,161
2025-05-01,Thursday,4,8,Sunny,0,High,350,7,357
2025-12-12,Friday,2,22,Cloudy,0,Low,450,7,263
2025-03-27,Thursday,1,10,Sunny,0,Medium,500,7,299
2025-12-21,Sunday,3,20,Cloudy,0,Medium,400,5,168
2025-09-17,Wednesday,2,5,Sunny,0,Low,450,5,228
2025-01-21,Tuesday,2,13,Cloudy,0,Low,450,5,223
2025-12-10,Wednesday,1,10,Rainy,0,Medium,500,6,326
2025-10-21,Tuesday,5,16,Rainy,0,Medium,300,5,408
2025-03-09,Sunday,1,20,Sunny,0,Medium,500,10,218
2025-11-26,Wednesday,2,10,Sunny,0,Medium,450,9,249
2025-08-05,Tuesday,2,12,Cloudy,0,Low,450,6,224
2025-11-03,Monday,2,15,Rainy,0,Low,450,7,511
2025-12-09,Tuesday,1,9,Sunny,0,High,500,7,481
2025-09-29,Monday,4,17,Sunny,0,High,350,4,412
2025-06-15,Sunday,1,10,Cloudy,0,Medium,500,6,238
2025-01-16,Thursday,1,12,Sunny,0,Low,500,10,276
2025-08-19,Tuesday,1,18,Rainy,0,High,500,10,581
2025-10-06,Monday,5,9,Cloudy,0,High,300,4,302
2025-06-04,Wednesday,4,13,Sunny,0,Low,350,5,170
2025-11-20,Thursday,5,12,Cloudy,0,Low,300,4,135
2025-07-06,Sunday,3,6,Sunny,0,Medium,400,7,331
2025-10-21,Tuesday,4,13,Sunny,0,Low,350,4,161
2025-07-17,Thursday,2,15,Rainy,0,Low,450,9,266
2025-12-08,Monday,2,15,Rainy,0,Low,450,9,300
2025-12-07,Sunday,4,13,Rainy,0,Low,350,6,130
2025-06-18,Wednesday,1,17,Rainy,0,High,500,6,583
2025-01-28,Tuesday,2,20,Sunny,0,Medium,450,7,233
2025-10-02,Thursday,2,16,Sunny,0,Medium,450,6,469
2025-03-26,Wednesday,5,21,Cloudy,0,Low,300,6,179
2025-10-18,Saturday,2,22,Sunny,0,Low,450,5,177
2025-09-25,Thursday,5,18,Rainy,0,High,300,3,392
2025-12-24,Wednesday,5,7,Rainy,0,High,300,6,345
2025-11-13,Thursday,5,8,Rainy,0,High,300,3,397
2025-03-26,Wednesday,2,16,Cloudy,1,Medium,450,9,345
2025-03-26,Wednesday,5,21,Sunny,0,Low,300,5,172
2025-07-22,Tuesday,3,21,Sunny,0,Low,400,5,203
2025-05-26,Monday,2,15,Sunny,0,Low,450,8,256
2025-05-12,Monday,5,11,Cloudy,0,Low,300,3,144
2025-04-02,Wednesday,5,16,Rainy,0,Medium,300,3,423
2025-04-30,Wednesday,5,7,Sunny,0,High,300,6,335
2025-04-15,Tuesday,4,14,Cloudy,0,Low,350,5,324
2025-01-21,Tuesday,4,21,Sunny,0,Low,350,5,179
2025-08-07,Thursday,4,14,Cloudy,0,Low,350,5,189
2025-10-07,Tuesday,1,12,Sunny,0,Low,500,9,283
2025-08-06,Wednesday,3,12,Sunny,0,Low,400,6,237
2025-06-23,Monday,4,12,Cloudy,0,Low,350,4,173
2025-06-23,Monday,4,14,Rainy,0,Low,350,6,191
2025-12-05,Friday,5,9,Rainy,0,High,300,5,572
2025-09-18,Thursday,4,15,Sunny,0,Low,350,4,176
2025-07-05,Saturday,4,12,Sunny,0,Low,350,7,92
2025-05-24,Saturday,1,9,Rainy,0,High,500,7,429
2025-02-16,Sunday,2,13,Cloudy,0,Low,450,8,175
2025-09-03,Wednesday,3,6,Cloudy,0,Medium,400,7,402
2025-08-21,Thursday,2,21,Sunny,0,Low,450,6,220
2025-08-19,Tuesday,1,17,Sunny,0,High,500,10,494
2025-10-31,Friday,2,14,Cloudy,0,Low,450,8,243
2025-10-17,Friday,5,11,Cloudy,0,Low,300,4,138
2025-01-17,Friday,4,5,Rainy,0,Low,350,4,233
2025-07-05,Saturday,1,10,Sunny,0,Medium,500,10,205
2025-01-25,Saturday,1,17,Sunny,0,High,500,10,455
2025-10-03,Friday,3,16,Cloudy,0,Medium,400,6,464
2025-10-08,Wednesday,5,20,Cloudy,0,Medium,300,6,175
2025-02-08,Saturday,2,12,Cloudy,0,Low,450,7,162
2025-01-07,Tuesday,3,12,Cloudy,0,Low,400,8,211
2025-12-02,Tuesday,1,19,Cloudy,0,High,500,10,508
2025-01-23,Thursday,5,8,Rainy,0,High,300,5,379
2025-02-27,Thursday,5,10,Rainy,0,Medium,300,6,197
2025-03-03,Monday,2,14,Cloudy,0,Low,450,9,276
2025-12-02,Tuesday,4,21,Sunny,0,Low,350,5,194
2025-03-30,Sunday,2,20,Sunny,0,Medium,450,5,150
2025-02-24,Monday,4,6,Cloudy,0,Medium,350,5,375
2025-09-20,Saturday,3,7,Sunny,0,High,400,5,297
2025-05-20,Tuesday,3,19,Cloudy,0,High,400,5,433
2025-10-30,Thursday,4,10,Rainy,0,Medium,350,4,244
2025-10-04,Saturday,5,11,Rainy,0,Low,300,3,140
2025-10-17,Friday,3,13,Rainy,0,Low,400,8,233
2025-05-31,Saturday,1,11,Sunny,0,Low,500,8,239
2025-02-01,Saturday,5,22,Rainy,0,Low,300,4,82
2025-11-07,Friday,4,16,Cloudy,1,Medium,350,6,329
2025-03-25,Tuesday,4,12,Cloudy,0,Low,350,7,173
2025-01-04,Saturday,2,7,Sunny,0,High,450,6,362
2025-05-28,Wednesday,3,12,Cloudy,0,Low,400,6,200
2025-10-30,Thursday,4,15,Cloudy,0,Low,350,7,172
2025-08-23,Saturday,4,16,Cloudy,0,Medium,350,4,317
2025-12-01,Monday,3,21,Rainy,0,Low,400,6,269
2025-04-18,Friday,4,15,Rainy,1,Low,350,5,121
2025-02-24,Monday,4,21,Rainy,0,Low,350,7,204
2025-02-11,Tuesday,3,9,Cloudy,0,High,400,6,392
2025-05-01,Thursday,1,22,Sunny,0,Low,500,10,328
2025-12-31,Wednesday,1,17,Rainy,0,High,500,6,561
2025-11-22,Saturday,2,14,Sunny,0,Low,450,7,196
2025-08-06,Wednesday,5,19,Rainy,1,High,300,5,318
2025-03-15,Saturday,4,11,Cloudy,0,Low,350,4,121
2025-05-16,Friday,3,9,Rainy,0,High,400,5,438
2025-01-31,Friday,1,9,Cloudy,0,High,500,10,472
2025-02-06,Thursday,2,6,Rainy,0,Medium,450,5,487
2025-09-04,Thursday,4,5,Sunny,0,Low,350,4,151
2025-03-24,Monday,4,22,Cloudy,0,Low,350,5,181
2025-12-15,Monday,3,5,Cloudy,0,Low,400,8,213
2025-06-21,Saturday,1,21,Cloudy,1,Low,500,9,125
2025-03-18,Tuesday,2,8,Rainy,0,High,450,9,480
2025-03-08,Saturday,4,10,Cloudy,0,Medium,350,5,113
2025-03-20,Thursday,5,19,Rainy,0,High,300,3,419
2025-12-27,Saturday,3,15,Cloudy,0,Low,400,5,141
2025-11-18,Tuesday,4,8,Cloudy,0,High,350,5,343
2025-04-19,Saturday,5,10,Cloudy,0,Medium,300,6,75
2025-02-03,Monday,2,19,Rainy,0,High,450,7,521
2025-02-13,Thursday,3,14,Sunny,0,Low,400,8,191
2025-08-27,Wednesday,4,7,Cloudy,0,High,350,6,367
2025-10-08,Wednesday,2,11,Sunny,0,Low,450,8,220
2025-08-11,Monday,2,7,Sunny,0,High,450,5,450
2025-08-30,Saturday,3,10,Sunny,0,Medium,400,7,159
2025-12-13,Saturday,2,22,Sunny,0,Low,450,9,173
2025-05-20,Tuesday,2,14,Cloudy,1,Low,450,6,130
2025-04-14,Monday,4,5,Cloudy,0,Low,350,4,154
2025-02-12,Wednesday,3,5,Rainy,0,Low,400,8,246
2025-06-03,Tuesday,4,12,Rainy,0,Low,350,7,242
2025-05-26,Monday,3,12,Rainy,0,Low,400,5,234
2025-12-25,Thursday,1,20,Cloudy,0,Medium,500,10,285
2025-08-14,Thursday,1,16,Cloudy,0,Medium,500,6,493
2025-04-02,Wednesday,3,6,Sunny,0,Medium,400,5,379
2025-04-06,Sunday,5,15,Sunny,0,Low,300,3,66
2025-02-17,Monday,5,18,Rainy,0,High,300,5,410
2025-10-11,Saturday,5,19,Sunny,0,High,300,5,279
2025-08-05,Tuesday,4,22,Cloudy,0,Low,350,4,159
2025-02-25,Tuesday,4,22,Sunny,0,Low,350,7,290
2025-11-08,Saturday,5,22,Rainy,0,Low,300,6,100
2025-08-27,Wednesday,1,13,Rainy,0,Low,500,7,351
2025-02-20,Thursday,4,14,Cloudy,0,Low,350,6,206
2025-02-05,Wednesday,1,9,Cloudy,0,High,500,8,499
2025-02-14,Friday,4,9,Cloudy,0,High,350,5,352
2025-02-18,Tuesday,1,15,Cloudy,0,Low,500,10,316
2025-07-30,Wednesday,2,21,Sunny,0,Low,450,6,240
2025-04-03,Thursday,3,11,Rainy,0,Low,400,7,254
2025-01-22,Wednesday,2,11,Rainy,0,Low,450,8,315
2025-05-19,Monday,3,18,Sunny,0,High,400,6,443
2025-07-20,Sunday,2,21,Sunny,0,Low,450,5,143
2025-03-17,Monday,5,10,Rainy,0,Medium,300,3,209
2025-11-25,Tuesday,4,20,Cloudy,0,Medium,350,4,367
2025-09-15,Monday,3,7,Sunny,0,High,400,5,428
2025-08-18,Monday,3,8,Rainy,0,High,400,5,417
2025-04-22,Tuesday,4,9,Cloudy,0,High,350,6,387
2025-04-14,Monday,3,9,Rainy,0,High,400,8,436
2025-09-24,Wednesday,3,6,Cloudy,0,Medium,400,8,380
2025-02-16,Sunday,4,9,Rainy,0,High,350,4,303
2025-04-24,Thursday,1,21,Sunny,0,Low,500,7,304
2025-02-05,Wednesday,1,15,Sunny,0,Low,500,7,324
2025-12-15,Monday,3,22,Sunny,0,Low,400,5,223
2025-12-19,Friday,2,19,Cloudy,0,High,450,9,471
2025-09-16,Tuesday,2,16,Cloudy,0,Medium,450,7,450
2025-03-02,Sunday,4,5,Rainy,0,Low,350,4,144
2025-10-25,Saturday,5,14,Sunny,0,Low,300,5,59
2025-11-22,Saturday,4,17,Rainy,0,High,350,4,368
2025-05-08,Thursday,4,12,Cloudy,0,Low,350,4,197
2025-10-17,Friday,5,9,Cloudy,0,High,300,6,343
2025-11-01,Saturday,4,17,Rainy,0,High,350,5,366
2025-10-27,Monday,3,7,Cloudy,0,High,400,6,370
2025-01-12,Sunday,5,20,Cloudy,0,Medium,300,5,73
2025-08-01,Friday,4,21,Sunny,0,Low,350,6,184
2025-11-01,Saturday,3,19,Rainy,0,High,400,6,381
2025-10-26,Sunday,5,10,Rainy,0,Medium,300,6,104
2025-01-11,Saturday,5,10,Sunny,0,Medium,300,5,80
2025-01-18,Saturday,3,20,Cloudy,0,Medium,400,6,163
2025-04-23,Wednesday,2,14,Rainy,0,Low,450,6,270
2025-07-02,Wednesday,2,16,Cloudy,0,Medium,450,7,493
2025-12-04,Thursday,5,22,Sunny,0,Low,300,5,125
2025-04-19,Saturday,5,21,Cloudy,0,Low,300,5,63
2025-02-19,Wednesday,1,18,Cloudy,0,High,500,10,524
2025-12-27,Saturday,1,5,Sunny,0,Low,500,7,203
2025-01-19,Sunday,2,5,Rainy,0,Low,450,5,193
2025-02-21,Friday,5,5,Cloudy,0,Low,300,6,163
2025-11-24,Monday,4,9,Rainy,0,High,350,6,383
2025-05-15,Thursday,5,19,Sunny,0,High,300,4,360
2025-01-18,Saturday,2,17,Sunny,0,High,450,6,409
2025-07-08,Tuesday,4,13,Cloudy,0,Low,350,6,194
2025-06-16,Monday,1,13,Rainy,0,Low,500,7,327
2025-04-20,Sunday,2,14,Sunny,0,Low,450,7,150
2025-03-06,Thursday,4,21,Sunny,0,Low,350,6,177
2025-11-24,Monday,5,19,Rainy,0,High,300,6,406
2025-01-01,Wednesday,3,16,Rainy,0,Medium,400,7,467
2025-04-19,Saturday,1,7,Cloudy,0,High,500,8,422
2025-12-06,Saturday,2,5,Rainy,0,Low,450,8,184
2025-08-30,Saturday,4,14,Sunny,0,Low,350,7,128
2025-05-29,Thursday,4,11,Rainy,0,Low,350,5,213
2025-11-11,Tuesday,1,18,Cloudy,0,High,500,8,537
2025-11-27,Thursday,5,14,Sunny,0,Low,300,6,180
2025-11-13,Thursday,3,6,Sunny,0,Medium,400,6,412
2025-05-14,Wednesday,3,15,Sunny,0,Low,400,6,231
2025-11-18,Tuesday,4,14,Rainy,0,Low,350,7,197
2025-10-14,Tuesday,1,12,Rainy,0,Low,500,9,323
2025-08-16,Saturday,3,10,Cloudy,0,Medium,400,6,142
2025-12-24,Wednesday,3,21,Cloudy,0,Low,400,5,206
2025-06-09,Monday,3,7,Rainy,0,High,400,6,429
2025-02-11,Tuesday,1,9,Rainy,0,High,500,7,504
2025-08-24,Sunday,1,10,Cloudy,0,Medium,500,6,224
2025-05-28,Wednesday,1,18,Cloudy,0,High,500,10,502
2025-08-02,Saturday,3,21,Cloudy,0,Low,400,7,350
2025-09-09,Tuesday,3,17,Cloudy,0,High,400,6,430
2025-02-23,Sunday,4,7,Sunny,0,High,350,7,287
2025-09-22,Monday,4,15,Sunny,1,Low,350,6,87
2025-10-08,Wednesday,4,18,Cloudy,0,High,350,7,414
2025-09-05,Friday,1,11,Cloudy,0,Low,500,6,318
2025-09-04,Thursday,4,21,Rainy,0,Low,350,4,235
2025-01-01,Wednesday,4,21,Rainy,0,Low,350,4,208
2025-12-26,Friday,4,20,Sunny,0,Medium,350,4,176
2025-08-24,Sunday,5,7,Rainy,0,High,300,5,315
2025-12-13,Saturday,5,18,Rainy,0,High,300,6,360
2025-06-08,Sunday,5,9,Rainy,0,High,300,3,267
2025-04-28,Monday,5,21,Sunny,0,Low,300,3,149
2025-06-11,Wednesday,1,20,Cloudy,0,Medium,500,7,279
2025-02-09,Sunday,1,7,Cloudy,0,High,500,7,407
2025-08-23,Saturday,5,13,Rainy,0,Low,300,6,132
2025-05-12,Monday,2,14,Rainy,0,Low,450,8,261
2025-01-26,Sunday,4,17,Sunny,0,High,350,6,319
2025-07-31,Thursday,2,6,Rainy,0,Medium,450,8,495
2025-04-10,Thursday,5,9,Sunny,0,High,300,4,301
2025-10-04,Saturday,1,6,Sunny,1,Medium,500,6,276
2025-03-17,Monday,1,14,Cloudy,0,Low,500,10,286
2025-05-12,Monday,3,20,Rainy,0,Medium,400,6,261
2025-02-13,Thursday,3,22,Cloudy,0,Low,400,5,206
2025-02-06,Thursday,1,22,Sunny,0,Low,500,6,310
2025-01-28,Tuesday,3,10,Rainy,0,Medium,400,6,252
2025-04-11,Friday,4,14,Rainy,0,Low,350,4,215
2025-08-26,Tuesday,1,12,Rainy,0,Low,500,7,320
2025-01-21,Tuesday,5,15,Sunny,0,Low,300,6,145
2025-11-06,Thursday,4,8,Cloudy,0,High,350,5,372
2025-03-26,Wednesday,3,7,Cloudy,0,High,400,7,383
2025-02-11,Tuesday,3,8,Cloudy,0,High,400,6,385
2025-12-11,Thursday,1,9,Cloudy,0,High,500,8,489
2025-10-16,Thursday,1,7,Rainy,0,High,500,9,525
2025-11-13,Thursday,3,16,Rainy,0,Medium,400,5,500
2025-07-29,Tuesday,4,19,Rainy,0,High,350,5,443
2025-08-07,Thursday,3,22,Cloudy,1,Low,400,8,104
2025-09-05,Friday,1,8,Rainy,0,High,500,10,507
2025-04-30,Wednesday,4,11,Sunny,0,Low,350,7,182
2025-07-17,Thursday,3,8,Rainy,0,High,400,5,435
2025-09-24,Wednesday,1,5,Sunny,0,Low,500,8,286
2025-05-14,Wednesday,4,5,Sunny,0,Low,350,6,187
2025-08-21,Thursday,5,18,Cloudy,0,High,300,5,378
2025-07-13,Sunday,5,15,Cloudy,0,Low,300,3,45
2025-09-10,Wednesday,3,10,Rainy,1,Medium,400,5,160
2025-10-06,Monday,3,14,Sunny,0,Low,400,8,234
2025-11-13,Thursday,4,19,Rainy,0,High,350,5,412
2025-01-28,Tuesday,5,22,Cloudy,0,Low,300,4,179
2025-12-07,Sunday,3,15,Cloudy,0,Low,400,8,116
2025-09-07,Sunday,5,8,Rainy,0,High,300,5,289
2025-01-06,Monday,4,16,Sunny,0,Medium,350,5,410
2025-09-15,Monday,4,21,Sunny,0,Low,350,7,206
2025-10-10,Friday,1,5,Cloudy,0,Low,500,9,308
2025-04-08,Tuesday,4,14,Rainy,1,Low,350,6,146
2025-08-21,Thursday,2,22,Cloudy,0,Low,450,7,256
2025-02-24,Monday,5,18,Cloudy,1,High,300,3,279
2025-08-11,Monday,2,13,Sunny,0,Low,450,8,236
2025-07-01,Tuesday,2,21,Cloudy,0,Low,450,9,257
2025-03-10,Monday,1,9,Sunny,0,High,500,6,510
2025-04-27,Sunday,1,14,Sunny,0,Low,500,7,249
2025-05-16,Friday,3,19,Sunny,0,High,400,6,465
2025-12-31,Wednesday,5,20,Sunny,0,Medium,300,5,177
2025-06-11,Wednesday,5,22,Rainy,0,Low,300,4,178
2025-01-23,Thursday,4,15,Rainy,0,Low,350,5,195
2025-09-27,Saturday,4,16,Sunny,0,Medium,350,6,348
2025-02-27,Thursday,5,21,Rainy,1,Low,300,6,192
2025-05-24,Saturday,1,17,Rainy,0,High,500,8,454
2025-10-03,Friday,1,5,Sunny,0,Low,500,9,273
2025-05-02,Friday,4,13,Rainy,0,Low,350,6,198
2025-10-08,Wednesday,1,22,Cloudy,0,Low,500,8,330
2025-10-23,Thursday,4,21,Cloudy,0,Low,350,5,194
2025-11-12,Wednesday,5,9,Cloudy,0,High,300,6,329
2025-02-08,Saturday,1,11,Cloudy,0,Low,500,8,195
2025-02-02,Sunday,1,7,Sunny,1,High,500,6,316
2025-06-02,Monday,5,17,Sunny,0,High,300,5,363
2025-06-27,Friday,2,10,Sunny,0,Medium,450,7,263
2025-05-17,Saturday,4,11,Rainy,0,Low,350,5,146
2025-03-13,Thursday,4,14,Sunny,0,Low,350,4,196
2025-10-09,Thursday,2,19,Rainy,0,High,450,9,525
2025-07-05,Saturday,1,18,Sunny,0,High,500,6,457
2025-06-18,Wednesday,5,11,Cloudy,0,Low,300,6,139
2025-05-22,Thursday,4,5,Rainy,0,Low,350,4,247
2025-06-16,Monday,1,19,Rainy,0,High,500,8,558
2025-07-27,Sunday,3,13,Sunny,0,Low,400,8,125
2025-11-03,Monday,5,15,Rainy,0,Low,300,3,202
2025-03-10,Monday,1,12,Rainy,0,Low,500,7,335
2025-12-30,Tuesday,3,9,Rainy,0,High,400,6,437
2025-12-14,Sunday,3,9,Rainy,0,High,400,7,331
2025-05-31,Saturday,2,8,Sunny,0,High,450,8,337
2025-02-20,Thursday,2,7,Rainy,0,High,450,5,442
2025-04-26,Saturday,3,22,Rainy,0,Low,400,8,197
2025-03-03,Monday,1,19,Rainy,0,High,500,8,556
2025-02-26,Wednesday,3,16,Sunny,1,Medium,400,5,312
2025-03-31,Monday,4,18,Rainy,0,High,350,6,432
2025-07-08,Tuesday,2,16,Cloudy,0,Medium,450,6,460
2025-09-07,Sunday,4,11,Rainy,0,Low,350,6,146
2025-08-05,Tuesday,2,11,Cloudy,0,Low,450,5,241
2025-04-20,Sunday,3,20,Cloudy,0,Medium,400,6,167
2025-05-26,Monday,5,10,Rainy,0,Medium,300,4,178
2025-02-20,Thursday,1,20,Cloudy,0,Medium,500,8,330
2025-05-21,Wednesday,5,8,Sunny,0,High,300,3,307
2025-12-29,Monday,2,13,Sunny,0,Low,450,9,279
2025-08-28,Thursday,4,18,Cloudy,0,High,350,7,414
2025-10-24,Friday,2,5,Cloudy,0,Low,450,9,266
2025-06-22,Sunday,2,19,Sunny,0,High,450,9,376
2025-11-16,Sunday,3,12,Sunny,0,Low,400,8,162
2025-06-02,Monday,5,18,Sunny,0,High,300,6,359
2025-01-26,Sunday,1,22,Cloudy,0,Low,500,9,312
2025-03-28,Friday,4,22,Sunny,0,Low,350,7,177
2025-06-13,Friday,5,21,Sunny,0,Low,300,4,168
2025-11-12,Wednesday,4,14,Rainy,0,Low,350,4,226
2025-08-06,Wednesday,4,6,Cloudy,0,Medium,350,6,367
2025-07-13,Sunday,4,5,Rainy,0,Low,350,5,144
2025-05-11,Sunday,5,8,Sunny,0,High,300,5,257
2025-09-26,Friday,3,7,Cloudy,0,High,400,5,415
2025-03-28,Friday,1,13,Sunny,0,Low,500,7,304
2025-07-22,Tuesday,5,11,Sunny,0,Low,300,6,148
2025-08-03,Sunday,1,18,Rainy,0,High,500,9,453
2025-10-14,Tuesday,5,17,Rainy,0,High,300,6,432
2025-04-17,Thursday,5,13,Rainy,0,Low,300,5,187
2025-06-27,Friday,5,16,Cloudy,0,Medium,300,6,372
2025-04-17,Thursday,5,12,Cloudy,0,Low,300,6,127
2025-05-23,Friday,2,11,Cloudy,0,Low,450,5,280
2025-03-05,Wednesday,2,5,Sunny,0,Low,450,9,257
2025-03-29,Saturday,3,11,Cloudy,0,Low,400,8,157
2025-04-11,Friday,1,5,Cloudy,0,Low,500,9,312
2025-02-01,Saturday,5,19,Rainy,0,High,300,6,352
2025-06-05,Thursday,1,5,Sunny,0,Low,500,9,330
2025-11-29,Saturday,4,7,Rainy,0,High,350,5,331
2025-11-30,Sunday,4,12,Sunny,0,Low,350,7,78
2025-08-05,Tuesday,4,22,Cloudy,0,Low,350,7,354
2025-10-25,Saturday,1,9,Rainy,0,High,500,8,429
2025-07-01,Tuesday,1,22,Sunny,0,Low,500,10,318
2025-03-26,Wednesday,1,6,Cloudy,0,Medium,500,7,507
2025-09-11,Thursday,1,7,Rainy,0,High,500,6,522
2025-09-13,Saturday,5,17,Rainy,0,High,300,5,512
2025-11-04,Tuesday,5,14,Rainy,0,Low,300,6,207
2025-04-29,Tuesday,2,19,Cloudy,0,High,450,9,451
2025-09-03,Wednesday,1,12,Rainy,0,Low,500,8,366
2025-09-03,Wednesday,4,21,Cloudy,0,Low,350,7,167
2025-04-09,Wednesday,3,14,Rainy,1,Low,400,7,133
2025-11-24,Monday,3,13,Cloudy,0,Low,400,8,218
2025-10-02,Thursday,5,15,Cloudy,0,Low,300,5,160
2025-05-29,Thursday,1,20,Rainy,0,Medium,500,9,323
2025-08-09,Saturday,1,14,Rainy,0,Low,500,8,230
2025-08-02,Saturday,2,9,Cloudy,0,High,450,5,378
2025-09-26,Friday,4,14,Cloudy,0,Low,350,5,164
2025-04-11,Friday,2,21,Sunny,0,Low,450,5,224
2025-10-07,Tuesday,5,20,Sunny,0,Medium,300,6,167
2025-08-01,Friday,2,15,Sunny,0,Low,450,9,280
2025-12-10,Wednesday,1,7,Cloudy,0,High,500,8,456
2025-05-20,Tuesday,5,8,Rainy,0,High,300,4,399
2025-04-21,Monday,4,5,Rainy,0,Low,350,6,356
2025-07-05,Saturday,5,22,Sunny,0,Low,300,6,44
2025-09-21,Sunday,2,6,Rainy,0,Medium,450,5,372
2025-03-29,Saturday,4,18,Rainy,0,High,350,6,355
2025-07-22,Tuesday,1,12,Cloudy,0,Low,500,6,295
2025-12-11,Thursday,5,6,Sunny,0,Medium,300,3,336
2025-10-14,Tuesday,1,9,Cloudy,0,High,500,9,479
2025-05-18,Sunday,2,9,Sunny,0,High,450,5,363
2025-10-20,Monday,5,6,Cloudy,0,Medium,300,6,319
2025-04-24,Thursday,1,11,Rainy,0,Low,500,6,352
2025-09-18,Thursday,2,7,Sunny,0,High,450,9,451
2025-11-15,Saturday,5,8,Rainy,0,High,300,6,304
2025-10-23,Thursday,2,20,Rainy,0,Medium,450,7,287
2025-02-10,Monday,1,11,Sunny,0,Low,500,9,282
2025-01-10,Friday,5,15,Sunny,0,Low,300,3,122
2025-02-25,Tuesday,3,18,Sunny,0,High,400,7,455
2025-12-29,Monday,3,22,Cloudy,0,Low,400,6,245
2025-02-06,Thursday,1,9,Sunny,0,High,500,7,494
2025-10-20,Monday,1,13,Cloudy,0,Low,500,7,300
2025-04-03,Thursday,3,16,Cloudy,0,Medium,400,5,442
2025-06-26,Thursday,5,8,Sunny,0,High,300,6,349
2025-03-15,Saturday,3,13,Rainy,0,Low,400,8,154
2025-07-01,Tuesday,2,22,Cloudy,0,Low,450,8,247
2025-02-02,Sunday,3,9,Rainy,0,High,400,6,369
2025-07-07,Monday,1,18,Cloudy,0,High,500,9,491
2025-11-17,Monday,1,21,Cloudy,1,Low,500,8,175
2025-09-11,Thursday,4,21,Sunny,0,Low,350,7,158
2025-12-30,Tuesday,1,15,Sunny,0,Low,500,10,293
2025-04-24,Thursday,3,19,Cloudy,1,High,400,8,327
2025-11-08,Saturday,2,13,Cloudy,0,Low,450,8,188
2025-12-21,Sunday,2,19,Sunny,0,High,450,6,369
2025-07-14,Monday,3,20,Sunny,0,Medium,400,7,247
2025-02-27,Thursday,5,21,Sunny,0,Low,300,4,178
2025-01-17,Friday,2,18,Sunny,0,High,450,9,470
2025-03-29,Saturday,2,18,Cloudy,0,High,450,9,392
2025-10-30,Thursday,1,20,Rainy,0,Medium,500,6,358
2025-09-28,Sunday,2,21,Rainy,0,Low,450,9,183
2025-10-17,Friday,5,15,Rainy,0,Low,300,3,207
2025-06-29,Sunday,5,16,Cloudy,0,Medium,300,6,316
2025-08-25,Monday,3,19,Sunny,0,High,400,5,432
2025-09-10,Wednesday,5,5,Rainy,0,Low,300,5,168
2025-06-09,Monday,4,18,Rainy,0,High,350,7,464
2025-03-23,Sunday,2,14,Cloudy,0,Low,450,5,141
2025-03-04,Tuesday,1,20,Sunny,0,Medium,500,6,311
2025-11-12,Wednesday,2,10,Cloudy,1,Medium,450,5,159
2025-11-11,Tuesday,4,17,Rainy,0,High,350,4,533
2025-03-05,Wednesday,1,13,Cloudy,0,Low,500,9,311
2025-09-20,Saturday,3,15,Sunny,0,Low,400,8,166
2025-06-19,Thursday,4,7,Cloudy,0,High,350,4,349
2025-07-30,Wednesday,2,14,Cloudy,0,Low,450,9,227
2025-06-21,Saturday,1,6,Sunny,0,Medium,500,6,413
2025-06-22,Sunday,3,14,Cloudy,0,Low,400,8,146
2025-11-29,Saturday,3,12,Cloudy,0,Low,400,7,293
2025-08-01,Friday,2,15,Rainy,0,Low,450,7,304
2025-02-16,Sunday,3,15,Cloudy,0,Low,400,5,141
2025-08-24,Sunday,3,15,Rainy,0,Low,400,8,152
2025-10-11,Saturday,2,8,Sunny,0,High,450,7,320
2025-07-20,Sunday,5,11,Cloudy,1,Low,300,3,20
2025-02-04,Tuesday,1,22,Sunny,0,Low,500,9,328
2025-07-22,Tuesday,2,20,Sunny,0,Medium,450,6,233
2025-12-04,Thursday,5,10,Rainy,0,Medium,300,5,219
2025-12-11,Thursday,4,10,Rainy,1,Medium,350,7,108
2025-04-04,Friday,4,11,Cloudy,0,Low,350,4,204
2025-02-08,Saturday,2,10,Rainy,0,Medium,450,7,293
2025-04-07,Monday,2,7,Rainy,0,High,450,5,470
2025-05-18,Sunday,3,6,Sunny,0,Medium,400,7,345
2025-07-09,Wednesday,5,18,Cloudy,0,High,300,4,353
2025-05-22,Thursday,5,20,Sunny,0,Medium,300,6,155
2025-08-22,Friday,3,16,Cloudy,0,Medium,400,6,465
2025-01-11,Saturday,2,21,Sunny,0,Low,450,5,200
2025-07-09,Wednesday,5,20,Rainy,0,Medium,300,3,214
2025-03-23,Sunday,1,8,Cloudy,0,High,500,8,402
2025-10-02,Thursday,1,13,Cloudy,0,Low,500,6,295
2025-01-09,Thursday,1,7,Rainy,0,High,500,8,513
2025-05-23,Friday,1,21,Rainy,0,Low,500,8,323
2025-01-04,Saturday,5,5,Rainy,0,Low,300,3,100
2025-05-29,Thursday,3,10,Sunny,0,Medium,400,8,200
2025-06-18,Wednesday,2,9,Rainy,0,High,450,5,484
2025-06-20,Friday,3,16,Cloudy,1,Medium,400,5,310
2025-05-07,Wednesday,2,20,Sunny,0,Medium,450,8,238
2025-03-09,Sunday,2,10,Sunny,0,Medium,450,8,157
2025-03-14,Friday,4,11,Cloudy,0,Low,350,5,171
2025-12-20,Saturday,1,8,Sunny,0,High,500,10,425
2025-06-14,Saturday,5,19,Cloudy,0,High,300,4,269
2025-11-29,Saturday,4,15,Cloudy,0,Low,350,5,86
2025-09-12,Friday,3,5,Sunny,0,Low,400,5,220
2025-07-15,Tuesday,1,9,Rainy,0,High,500,7,550
2025-05-27,Tuesday,1,8,Sunny,0,High,500,10,509
2025-02-16,Sunday,4,21,Cloudy,0,Low,350,5,108
2025-05-20,Tuesday,5,13,Sunny,0,Low,300,4,121
2025-03-10,Monday,2,22,Sunny,0,Low,450,9,272
2025-06-19,Thursday,4,15,Cloudy,0,Low,350,7,194
2025-07-30,Wednesday,4,13,Sunny,0,Low,350,4,167
2025-01-18,Saturday,2,14,Sunny,0,Low,450,5,175
2025-06-08,Sunday,3,8,Rainy,0,High,400,8,388
2025-10-22,Wednesday,3,5,Rainy,0,Low,400,8,269
2025-04-25,Friday,1,11,Cloudy,0,Low,500,8,295
2025-05-14,Wednesday,4,7,Sunny,0,High,350,5,330
2025-11-08,Saturday,4,14,Cloudy,0,Low,350,7,77
2025-09-24,Wednesday,3,10,Cloudy,0,Medium,400,5,214
2025-06-29,Sunday,3,17,Rainy,0,High,400,8,424
2025-01-04,Saturday,5,9,Rainy,0,High,300,5,301
2025-04-02,Wednesday,2,7,Rainy,0,High,450,9,466
2025-01-28,Tuesday,1,7,Cloudy,0,High,500,9,465
2025-02-25,Tuesday,4,11,Cloudy,0,Low,350,5,202
2025-02-02,Sunday,3,12,Cloudy,0,Low,400,8,125
2025-06-27,Friday,5,11,Sunny,1,Low,300,5,27
2025-06-09,Monday,3,22,Rainy,0,Low,400,6,255
2025-03-12,Wednesday,1,17,Cloudy,0,High,500,9,519
2025-08-10,Sunday,3,8,Cloudy,0,High,400,6,338
2025-11-26,Wednesday,3,22,Cloudy,0,Low,400,8,211
2025-12-21,Sunday,2,21,Cloudy,0,Low,450,5,161
2025-10-26,Sunday,3,19,Rainy,0,High,400,8,382
2025-08-30,Saturday,5,5,Cloudy,0,Low,300,4,89
2025-05-30,Friday,3,6,Sunny,0,Medium,400,8,377
2025-01-11,Saturday,1,20,Cloudy,1,Medium,500,7,115
2025-12-02,Tuesday,1,15,Rainy,0,Low,500,7,365
2025-04-15,Tuesday,2,21,Sunny,0,Low,450,5,249
2025-12-08,Monday,4,15,Rainy,0,Low,350,7,230
2025-10-31,Friday,5,17,Sunny,0,High,300,6,341
2025-07-17,Thursday,2,13,Cloudy,0,Low,450,7,254
2025-05-20,Tuesday,1,10,Cloudy,0,Medium,500,9,328
2025-04-13,Sunday,2,14,Sunny,0,Low,450,6,148
2025-03-12,Wednesday,1,9,Cloudy,0,High,500,7,487
2025-02-20,Thursday,3,20,Cloudy,0,Medium,400,6,190
2025-01-18,Saturday,1,20,Sunny,0,Medium,500,7,238
2025-08-02,Saturday,2,17,Sunny,0,High,450,6,395
2025-03-20,Thursday,5,9,Rainy,0,High,300,4,343
2025-06-23,Monday,1,15,Sunny,0,Low,500,8,324
2025-04-30,Wednesday,5,7,Cloudy,0,High,300,3,338
2025-06-08,Sunday,5,7,Sunny,0,High,300,6,238
2025-07-20,Sunday,3,21,Cloudy,0,Low,400,8,114
2025-08-03,Sunday,1,12,Sunny,0,Low,500,6,236
2025-02-21,Friday,4,19,Sunny,0,High,350,4,395
2025-01-31,Friday,1,8,Cloudy,0,High,500,7,505
2025-01-19,Sunday,5,9,Sunny,0,High,300,3,220
2025-12-28,Sunday,2,19,Rainy,0,High,450,6,451
2025-06-24,Tuesday,2,5,Sunny,0,Low,450,5,263
2025-01-11,Saturday,5,13,Sunny,0,Low,300,4,91
2025-01-09,Thursday,5,21,Sunny,0,Low,300,5,137
2025-04-22,Tuesday,1,14,Cloudy,0,Low,500,10,273
2025-01-03,Friday,4,13,Sunny,0,Low,350,7,207
2025-04-20,Sunday,5,10,Rainy,0,Medium,300,4,106
2025-08-09,Saturday,2,15,Rainy,0,Low,450,8,222
2025-02-19,Wednesday,2,21,Cloudy,0,Low,450,6,264
2025-07-17,Thursday,3,10,Rainy,0,Medium,400,6,234
2025-02-20,Thursday,2,8,Rainy,0,High,450,6,493
2025-11-04,Tuesday,5,11,Sunny,0,Low,300,3,166
2025-09-03,Wednesday,5,10,Rainy,0,Medium,300,4,179
2025-09-02,Tuesday,2,13,Sunny,0,Low,450,8,240
2025-01-25,Saturday,2,8,Cloudy,0,High,450,7,351
2025-03-07,Friday,5,21,Sunny,0,Low,300,3,150
2025-06-30,Monday,2,17,Rainy,0,High,450,7,526
2025-06-15,Sunday,1,7,Sunny,0,High,500,8,378
2025-11-08,Saturday,1,7,Rainy,0,High,500,6,444
2025-03-16,Sunday,3,9,Sunny,0,High,400,5,304
2025-04-12,Saturday,5,12,Sunny,0,Low,300,5,93
2025-02-14,Friday,1,5,Rainy,0,Low,500,10,355
2025-06-09,Monday,4,22,Cloudy,0,Low,350,6,155
2025-03-29,Saturday,2,11,Sunny,0,Low,450,8,160
2025-03-07,Friday,2,7,Sunny,0,High,450,9,445
2025-01-26,Sunday,1,13,Rainy,0,Low,500,6,238
2025-06-27,Friday,3,19,Rainy,0,High,400,5,474
2025-02-28,Friday,1,21,Sunny,0,Low,500,8,325
2025-07-09,Wednesday,1,21,Cloudy,0,Low,500,10,291
2025-12-14,Sunday,4,7,Sunny,0,High,350,7,267
2025-02-09,Sunday,1,21,Cloudy,0,Low,500,8,248
2025-10-11,Saturday,2,19,Rainy,0,High,450,9,443
2025-12-28,Sunday,3,21,Cloudy,0,Low,400,6,158
2025-08-13,Wednesday,3,9,Sunny,0,High,400,6,420
2025-05-22,Thursday,2,9,Rainy,0,High,450,9,491
2025-12-26,Friday,4,13,Cloudy,0,Low,350,7,182
2025-10-08,Wednesday,2,9,Sunny,0,High,450,8,456
2025-03-18,Tuesday,5,21,Sunny,0,Low,300,4,131
2025-09-04,Thursday,5,6,Rainy,0,Medium,300,6,396
2025-03-29,Saturday,2,14,Cloudy,0,Low,450,8,159
2025-10-18,Saturday,1,20,Cloudy,0,Medium,500,6,360
2025-06-22,Sunday,4,17,Cloudy,0,High,350,6,311
2025-06-11,Wednesday,4,14,Sunny,0,Low,350,6,209
2025-04-04,Friday,5,21,Sunny,0,Low,300,6,122
2025-08-29,Friday,2,15,Sunny,0,Low,450,8,275
2025-06-15,Sunday,1,6,Rainy,0,Medium,500,9,453
2025-08-07,Thursday,1,8,Sunny,0,High,500,9,484
2025-09-21,Sunday,3,15,Sunny,0,Low,400,6,132
2025-07-18,Friday,1,16,Rainy,0,Medium,500,6,570
2025-12-13,Saturday,3,6,Cloudy,0,Medium,400,5,317
2025-05-03,Saturday,5,16,Rainy,0,Medium,300,5,304
2025-11-08,Saturday,1,9,Cloudy,0,High,500,6,410
2025-07-10,Thursday,3,11,Cloudy,0,Low,400,8,241
2025-12-12,Friday,1,6,Rainy,0,Medium,500,9,519
2025-09-17,Wednesday,4,12,Sunny,0,Low,350,5,159
2025-01-12,Sunday,3,17,Sunny,0,High,400,7,352
2025-08-30,Saturday,2,15,Rainy,0,Low,450,6,221
2025-12-13,Saturday,4,8,Cloudy,0,High,350,4,368
2025-12-06,Saturday,1,5,Sunny,0,Low,500,7,219
2025-09-03,Wednesday,3,22,Sunny,0,Low,400,8,210
2025-02-20,Thursday,3,11,Cloudy,0,Low,400,7,208
2025-05-07,Wednesday,3,19,Rainy,0,High,400,5,451
2025-04-23,Wednesday,3,18,Sunny,0,High,400,8,453
2025-05-29,Thursday,1,21,Sunny,0,Low,500,6,288
2025-05-23,Friday,3,16,Rainy,0,Medium,400,8,503
2025-05-17,Saturday,5,5,Rainy,0,Low,300,6,101
2025-01-31,Friday,4,11,Cloudy,0,Low,350,7,200
2025-04-22,Tuesday,4,19,Rainy,0,High,350,7,432
2025-03-07,Friday,5,22,Sunny,0,Low,300,5,166
2025-07-16,Wednesday,4,20,Cloudy,0,Medium,350,6,180
2025-12-05,Friday,5,16,Sunny,0,Medium,300,3,341
2025-09-16,Tuesday,1,21,Sunny,0,Low,500,8,324
2025-01-29,Wednesday,2,13,Sunny,0,Low,450,9,261
2025-10-29,Wednesday,1,6,Cloudy,0,Medium,500,7,454
2025-04-11,Friday,5,12,Cloudy,0,Low,300,6,132
2025-09-13,Saturday,4,5,Cloudy,1,Low,350,6,20
2025-09-03,Wednesday,1,17,Rainy,1,High,500,6,443
2025-11-16,Sunday,2,10,Sunny,0,Medium,450,5,156
2025-04-16,Wednesday,1,7,Rainy,0,High,500,8,547
2025-06-11,Wednesday,4,17,Rainy,0,High,350,7,447
2025-06-07,Saturday,3,18,Cloudy,0,High,400,7,340
2025-03-05,Wednesday,3,9,Sunny,0,High,400,7,386
2025-07-26,Saturday,4,20,Rainy,0,Medium,350,6,113
2025-06-20,Friday,1,6,Rainy,0,Medium,500,9,549
2025-12-20,Saturday,4,14,Rainy,0,Low,350,5,154
2025-03-13,Thursday,1,10,Cloudy,1,Medium,500,7,177
2025-04-30,Wednesday,5,10,Sunny,0,Medium,300,4,174
2025-08-27,Wednesday,2,6,Rainy,0,Medium,450,6,476
2025-12-31,Wednesday,4,14,Cloudy,0,Low,350,5,199
2025-04-19,Saturday,3,7,Rainy,0,High,400,6,334
2025-02-09,Sunday,5,20,Rainy,0,Medium,300,3,277
2025-09-14,Sunday,1,16,Cloudy,0,Medium,500,9,546
2025-09-01,Monday,5,17,Cloudy,0,High,300,6,399
2025-10-08,Wednesday,2,13,Cloudy,0,Low,450,9,379
2025-02-11,Tuesday,1,19,Sunny,0,High,500,8,501
2025-08-15,Friday,5,16,Sunny,0,Medium,300,5,376
2025-10-25,Saturday,1,17,Rainy,0,High,500,10,578
2025-06-19,Thursday,3,6,Cloudy,0,Medium,400,6,420
2025-06-01,Sunday,5,9,Sunny,0,High,300,5,276
2025-02-11,Tuesday,5,8,Cloudy,1,High,300,4,229
2025-04-24,Thursday,2,6,Rainy,0,Medium,450,7,456
2025-11-05,Wednesday,4,12,Rainy,0,Low,350,4,196
2025-03-10,Monday,5,19,Rainy,0,High,300,5,415
2025-03-14,Friday,1,20,Rainy,0,Medium,500,10,321
2025-11-07,Friday,4,12,Sunny,0,Low,350,6,153
2025-09-07,Sunday,1,18,Cloudy,1,High,500,8,317
2025-12-18,Thursday,5,7,Cloudy,0,High,300,6,345
2025-04-07,Monday,5,10,Rainy,0,Medium,300,6,178
2025-07-15,Tuesday,1,9,Cloudy,0,High,500,9,478
2025-03-05,Wednesday,5,19,Cloudy,0,High,300,3,398
2025-07-09,Wednesday,1,21,Sunny,0,Low,500,8,317
2025-03-29,Saturday,5,8,Rainy,0,High,300,4,269
2025-04-25,Friday,2,5,Rainy,0,Low,450,8,296
2025-11-04,Tuesday,3,7,Rainy,0,High,400,7,451
2025-06-14,Saturday,4,18,Rainy,0,High,350,5,352
2025-09-25,Thursday,2,8,Sunny,0,High,450,9,421
2025-11-08,Saturday,4,7,Rainy,1,High,350,4,220
2025-01-29,Wednesday,1,11,Cloudy,0,Low,500,8,299
2025-06-20,Friday,1,12,Rainy,0,Low,500,6,344
2025-04-06,Sunday,2,21,Sunny,0,Low,450,7,187
2025-08-27,Wednesday,1,12,Cloudy,0,Low,500,9,296
2025-01-15,Wednesday,1,14,Cloudy,0,Low,500,10,306
2025-05-14,Wednesday,3,13,Cloudy,0,Low,400,5,227
2025-10-04,Saturday,4,20,Rainy,0,Medium,350,4,169
2025-06-11,Wednesday,5,19,Cloudy,0,High,300,6,389
2025-04-02,Wednesday,3,14,Rainy,0,Low,400,8,285
2025-10-30,Thursday,5,15,Sunny,0,Low,300,3,177
2025-12-14,Sunday,5,15,Rainy,0,Low,300,3,140
2025-08-03,Sunday,3,10,Sunny,0,Medium,400,5,119
2025-01-07,Tuesday,3,20,Cloudy,0,Medium,400,7,219
2025-06-27,Friday,3,19,Rainy,0,High,400,5,462
2025-12-20,Saturday,1,7,Rainy,0,High,500,8,453
2025-02-04,Tuesday,4,14,Sunny,0,Low,350,7,156
2025-06-11,Wednesday,2,17,Cloudy,0,High,450,6,470
2025-07-20,Sunday,1,12,Cloudy,0,Low,500,7,199
2025-07-15,Tuesday,5,15,Sunny,0,Low,300,5,128
2025-08-25,Monday,5,7,Rainy,0,High,300,4,377
2025-07-04,Friday,2,18,Sunny,0,High,450,7,445
2025-10-10,Friday,5,17,Sunny,0,High,300,6,363
2025-01-11,Saturday,1,9,Cloudy,0,High,500,9,401
2025-06-28,Saturday,4,11,Sunny,1,Low,350,7,21
2025-11-24,Monday,3,11,Rainy,0,Low,400,6,272
2025-11-19,Wednesday,3,5,Cloudy,0,Low,400,6,334
2025-04-07,Monday,1,10,Rainy,0,Medium,500,10,332
2025-01-20,Monday,1,12,Cloudy,0,Low,500,10,308
2025-04-25,Friday,5,10,Sunny,0,Medium,300,4,176
2025-08-22,Friday,1,9,Sunny,0,High,500,8,496
2025-05-25,Sunday,4,6,Sunny,0,Medium,350,5,261
2025-11-23,Sunday,4,19,Cloudy,0,High,350,4,344
2025-04-01,Tuesday,4,15,Rainy,0,Low,350,5,205
2025-10-21,Tuesday,2,17,Rainy,0,High,450,6,532
2025-01-01,Wednesday,4,13,Rainy,0,Low,350,5,207
2025-07-05,Saturday,4,8,Cloudy,0,High,350,7,276
2025-12-22,Monday,4,8,Cloudy,0,High,350,7,356
2025-07-06,Sunday,3,7,Rainy,0,High,400,8,336
2025-12-08,Monday,2,5,Cloudy,0,Low,450,5,230
2025-09-27,Saturday,4,20,Cloudy,0,Medium,350,7,110
2025-03-03,Monday,4,16,Cloudy,0,Medium,350,5,428
2025-02-23,Sunday,2,14,Rainy,0,Low,450,8,180
2025-12-15,Monday,1,13,Cloudy,0,Low,500,8,274
2025-09-11,Thursday,5,22,Sunny,0,Low,300,4,146
2025-11-14,Friday,1,6,Rainy,0,Medium,500,7,495
2025-02-26,Wednesday,2,12,Cloudy,0,Low,450,6,236
2025-06-21,Saturday,5,7,Cloudy,0,High,300,3,264
2025-03-06,Thursday,3,8,Rainy,0,High,400,6,459
2025-01-27,Monday,3,14,Sunny,0,Low,400,5,201
2025-07-28,Monday,2,12,Sunny,0,Low,450,7,236
2025-03-30,Sunday,3,17,Sunny,1,High,400,8,242
2025-05-04,Sunday,1,22,Cloudy,1,Low,500,7,114
2025-09-04,Thursday,3,5,Sunny,0,Low,400,8,493
2025-08-11,Monday,5,7,Rainy,0,High,300,6,376
2025-11-14,Friday,2,8,Sunny,0,High,450,7,428
2025-07-27,Sunday,5,11,Sunny,0,Low,300,4,68
2025-04-19,Saturday,5,8,Cloudy,0,High,300,4,363
2025-02-23,Sunday,2,17,Sunny,0,High,450,7,516
2025-02-17,Monday,3,16,Cloudy,1,Medium,400,5,326
2025-07-13,Sunday,1,15,Cloudy,0,Low,500,9,245
2025-01-26,Sunday,2,9,Sunny,0,High,450,7,342
2025-05-14,Wednesday,4,10,Cloudy,0,Medium,350,5,193
2025-09-15,Monday,2,8,Rainy,0,High,450,8,471
2025-09-18,Thursday,1,12,Sunny,0,Low,500,8,310
2025-06-03,Tuesday,1,20,Cloudy,0,Medium,500,10,284
2025-02-25,Tuesday,3,8,Rainy,0,High,400,5,465
2025-10-25,Saturday,1,11,Sunny,0,Low,500,6,200
2025-08-26,Tuesday,2,21,Cloudy,0,Low,450,5,222
2025-02-04,Tuesday,5,7,Rainy,0,High,300,6,369
2025-12-15,Monday,3,19,Rainy,0,High,400,7,451
2025-10-05,Sunday,2,17,Sunny,0,High,450,7,397
2025-11-28,Friday,1,18,Sunny,0,High,500,7,692
2025-06-18,Wednesday,1,11,Sunny,0,Low,500,7,321
2025-03-06,Thursday,4,16,Rainy,0,Medium,350,7,468
2025-04-24,Thursday,4,21,Rainy,0,Low,350,6,210
2025-07-12,Saturday,2,7,Cloudy,0,High,450,5,338
2025-08-30,Saturday,5,5,Sunny,0,Low,300,3,55
2025-12-06,Saturday,1,21,Rainy,0,Low,500,6,278
2025-11-20,Thursday,5,9,Rainy,0,High,300,6,377
2025-07-21,Monday,2,7,Rainy,0,High,450,7,469
2025-04-04,Friday,2,16,Cloudy,0,Medium,450,8,598
2025-02-13,Thursday,5,13,Rainy,0,Low,300,3,184
2025-10-01,Wednesday,5,10,Rainy,0,Medium,300,5,204
2025-08-27,Wednesday,3,10,Cloudy,0,Medium,400,6,239
2025-06-28,Saturday,2,14,Sunny,0,Low,450,7,151
2025-05-25,Sunday,1,13,Cloudy,1,Low,500,8,109
2025-06-22,Sunday,3,15,Sunny,0,Low,400,5,111
2025-09-02,Tuesday,3,17,Sunny,0,High,400,5,413
2025-04-25,Friday,3,9,Sunny,0,High,400,8,422
2025-12-30,Tuesday,4,15,Rainy,0,Low,350,4,198
2025-05-25,Sunday,4,14,Sunny,0,Low,350,5,71
2025-11-01,Saturday,3,16,Rainy,0,Medium,400,6,388
2025-02-05,Wednesday,5,5,Rainy,0,Low,300,6,201
2025-10-11,Saturday,2,7,Cloudy,0,High,450,6,523
2025-04-18,Friday,2,12,Cloudy,0,Low,450,7,229
2025-04-12,Saturday,2,7,Sunny,0,High,450,5,356
2025-09-23,Tuesday,1,21,Cloudy,0,Low,500,8,318
2025-08-26,Tuesday,4,13,Cloudy,0,Low,350,6,161
2025-02-20,Thursday,1,19,Cloudy,0,High,500,9,533
2025-01-11,Saturday,3,9,Sunny,0,High,400,6,337
2025-01-12,Sunday,5,20,Cloudy,0,Medium,300,5,68
2025-08-12,Tuesday,2,17,Cloudy,0,High,450,8,704
2025-11-21,Friday,2,10,Sunny,0,Medium,450,5,221
2025-08-27,Wednesday,3,7,Sunny,0,High,400,7,404
2025-10-31,Friday,4,13,Rainy,0,Low,350,4,354
2025-02-15,Saturday,2,21,Sunny,0,Low,450,9,185
2025-09-16,Tuesday,4,19,Sunny,0,High,350,6,393
2025-07-22,Tuesday,3,18,Cloudy,0,High,400,5,464
2025-02-04,Tuesday,4,8,Cloudy,0,High,350,5,376
2025-06-26,Thursday,2,19,Rainy,0,High,450,7,508
2025-11-07,Friday,2,5,Sunny,0,Low,450,9,247
2025-02-09,Sunday,3,7,Sunny,0,High,400,8,326
2025-06-12,Thursday,3,12,Cloudy,0,Low,400,8,227
2025-01-14,Tuesday,4,19,Sunny,0,High,350,5,378
2025-07-20,Sunday,1,15,Rainy,0,Low,500,10,262
2025-10-17,Friday,5,20,Sunny,0,Medium,300,6,177
2025-11-27,Thursday,4,20,Cloudy,0,Medium,350,7,191
2025-05-04,Sunday,3,14,Rainy,0,Low,400,6,152
2025-01-15,Wednesday,1,19,Rainy,0,High,500,6,565
2025-12-31,Wednesday,4,9,Cloudy,0,High,350,5,342
2025-09-16,Tuesday,1,6,Cloudy,0,Medium,500,6,496
2025-06-08,Sunday,5,21,Sunny,0,Low,300,3,50
2025-07-19,Saturday,3,22,Sunny,0,Low,400,8,165
2025-09-29,Monday,4,9,Cloudy,0,High,350,5,378
2025-03-03,Monday,2,6,Sunny,0,Medium,450,5,455
2025-07-11,Friday,2,18,Sunny,0,High,450,5,452
2025-07-03,Thursday,2,18,Cloudy,1,High,450,5,365
2025-12-23,Tuesday,2,7,Rainy,0,High,450,8,478
2025-10-05,Sunday,2,6,Sunny,0,Medium,450,8,360
2025-01-08,Wednesday,4,12,Sunny,0,Low,350,5,184
2025-11-05,Wednesday,2,19,Cloudy,0,High,450,8,490
2025-06-09,Monday,4,8,Rainy,0,High,350,4,371
2025-03-04,Tuesday,4,21,Rainy,0,Low,350,6,229
2025-10-27,Monday,1,19,Cloudy,0,High,500,10,521
2025-08-23,Saturday,4,8,Rainy,0,High,350,4,296
2025-02-03,Monday,1,22,Sunny,0,Low,500,7,283
2025-01-11,Saturday,4,5,Rainy,0,Low,350,4,110
2025-11-12,Wednesday,5,6,Sunny,0,Medium,300,4,305
2025-03-09,Sunday,5,16,Rainy,0,Medium,300,3,321
2025-12-21,Sunday,4,15,Rainy,0,Low,350,7,115
2025-07-26,Saturday,2,6,Cloudy,0,Medium,450,6,333
2025-08-21,Thursday,4,9,Sunny,0,High,350,6,347
2025-01-07,Tuesday,5,13,Rainy,1,Low,300,3,61
2025-11-23,Sunday,5,20,Sunny,0,Medium,300,5,81
2025-05-09,Friday,1,21,Sunny,0,Low,500,7,303
2025-06-20,Friday,2,16,Sunny,0,Medium,450,6,442
2025-10-20,Monday,2,6,Rainy,0,Medium,450,8,479
2025-03-28,Friday,5,10,Sunny,0,Medium,300,5,170
2025-07-21,Monday,1,9,Sunny,0,High,500,7,507
2025-04-23,Wednesday,1,13,Rainy,0,Low,500,7,334
2025-03-08,Saturday,1,16,Rainy,0,Medium,500,7,460
2025-07-22,Tuesday,2,18,Sunny,0,High,450,7,465
2025-09-28,Sunday,1,16,Rainy,0,Medium,500,7,462
2025-09-27,Saturday,1,13,Rainy,0,Low,500,9,252
2025-03-24,Monday,2,15,Sunny,0,Low,450,5,377
2025-11-07,Friday,4,6,Rainy,0,Medium,350,5,380
2025-08-13,Wednesday,3,13,Rainy,0,Low,400,7,261
2025-12-03,Wednesday,2,9,Rainy,0,High,450,9,440
2025-07-23,Wednesday,2,8,Rainy,0,High,450,8,441
2025-05-06,Tuesday,5,19,Rainy,0,High,300,4,382
2025-04-15,Tuesday,3,8,Sunny,0,High,400,6,383
2025-11-04,Tuesday,1,5,Sunny,0,Low,500,10,300
2025-02-17,Monday,2,19,Cloudy,0,High,450,7,462
2025-09-06,Saturday,1,20,Rainy,0,Medium,500,10,270
2025-05-01,Thursday,2,10,Sunny,0,Medium,450,9,278
2025-08-25,Monday,4,22,Sunny,0,Low,350,5,165
2025-12-19,Friday,2,9,Sunny,0,High,450,9,401
2025-08-08,Friday,4,10,Rainy,0,Medium,350,5,210
2025-05-23,Friday,2,10,Rainy,0,Medium,450,6,271
2025-05-03,Saturday,3,22,Cloudy,0,Low,400,6,139
2025-05-05,Monday,4,5,Cloudy,0,Low,350,4,205
2025-01-27,Monday,1,15,Rainy,0,Low,500,8,330
2025-05-03,Saturday,4,9,Sunny,0,High,350,4,502
2025-12-14,Sunday,5,7,Rainy,0,High,300,5,260
2025-10-24,Friday,5,21,Cloudy,0,Low,300,4,167
2025-07-24,Thursday,4,9,Cloudy,0,High,350,5,355
2025-07-01,Tuesday,1,14,Cloudy,0,Low,500,10,313
2025-05-30,Friday,2,21,Sunny,0,Low,450,7,233
2025-09-05,Friday,1,18,Rainy,0,High,500,10,580
2025-08-30,Saturday,1,5,Cloudy,0,Low,500,6,248
2025-12-08,Monday,1,22,Sunny,0,Low,500,10,300
2025-03-04,Tuesday,3,6,Rainy,0,Medium,400,8,412
2025-09-27,Saturday,4,21,Cloudy,0,Low,350,6,86
2025-03-11,Tuesday,3,10,Sunny,1,Medium,400,6,128
2025-10-06,Monday,2,8,Cloudy,0,High,450,7,421
2025-07-03,Thursday,2,17,Cloudy,0,High,450,8,472
2025-01-06,Monday,1,12,Sunny,0,Low,500,8,326
2025-10-16,Thursday,4,13,Rainy,0,Low,350,6,227
2025-08-13,Wednesday,1,20,Rainy,0,Medium,500,8,359
2025-07-08,Tuesday,2,15,Cloudy,0,Low,450,7,264
2025-11-30,Sunday,5,8,Cloudy,0,High,300,6,241
2025-03-11,Tuesday,4,21,Cloudy,0,Low,350,7,192
2025-03-15,Saturday,3,8,Sunny,0,High,400,8,346
2025-02-02,Sunday,4,8,Sunny,0,High,350,7,253
2025-06-10,Tuesday,2,5,Sunny,0,Low,450,8,259
2025-08-13,Wednesday,4,9,Rainy,1,High,350,4,461
2025-10-03,Friday,2,6,Cloudy,0,Medium,450,6,438
2025-12-29,Monday,5,17,Cloudy,0,High,300,5,368
2025-10-05,Sunday,1,11,Rainy,0,Low,500,10,264
2025-02-07,Friday,5,6,Rainy,0,Medium,300,6,383
2025-06-20,Friday,2,20,Cloudy,0,Medium,450,6,241
2025-08-19,Tuesday,1,6,Sunny,0,Medium,500,8,464
2025-07-24,Thursday,3,21,Sunny,0,Low,400,8,202
2025-11-19,Wednesday,5,20,Sunny,0,Medium,300,3,146
2025-04-13,Sunday,4,17,Rainy,0,High,350,4,352
2025-04-16,Wednesday,3,13,Cloudy,0,Low,400,8,239
2025-08-16,Saturday,1,21,Cloudy,1,Low,500,9,104
2025-02-23,Sunday,3,6,Cloudy,0,Medium,400,8,330
2025-05-10,Saturday,1,14,Sunny,0,Low,500,9,213
2025-06-14,Saturday,3,10,Cloudy,0,Medium,400,5,145
2025-10-28,Tuesday,2,22,Rainy,0,Low,450,6,262
2025-07-06,Sunday,5,9,Sunny,0,High,300,6,234
2025-07-01,Tuesday,1,7,Rainy,0,High,500,9,738
2025-07-27,Sunday,5,15,Rainy,0,Low,300,4,85
2025-06-01,Sunday,1,10,Sunny,0,Medium,500,6,241
2025-05-09,Friday,2,13,Cloudy,0,Low,450,9,272
2025-07-18,Friday,4,18,Sunny,0,High,350,5,413
2025-01-15,Wednesday,4,16,Sunny,0,Medium,350,6,397
2025-03-16,Sunday,4,15,Sunny,0,Low,350,4,85
2025-08-12,Tuesday,1,13,Sunny,0,Low,500,10,273
2025-01-15,Wednesday,1,14,Rainy,0,Low,500,6,320
2025-11-25,Tuesday,4,11,Sunny,0,Low,350,7,304
2025-08-10,Sunday,5,5,Rainy,0,Low,300,6,123
2025-04-13,Sunday,3,22,Rainy,0,Low,400,5,187
2025-01-27,Monday,5,22,Sunny,0,Low,300,3,130
2025-08-13,Wednesday,5,5,Rainy,0,Low,300,4,219
2025-03-21,Friday,2,19,Rainy,0,High,450,6,538
2025-11-27,Thursday,1,16,Cloudy,1,Medium,500,8,406
2025-03-28,Friday,2,21,Cloudy,1,Low,450,6,172
2025-12-20,Saturday,2,19,Sunny,0,High,450,9,491
2025-08-09,Saturday,3,14,Sunny,0,Low,400,7,113
2025-08-08,Friday,5,12,Sunny,0,Low,300,6,155
2025-12-04,Thursday,5,13,Cloudy,0,Low,300,4,135
2025-09-17,Wednesday,3,14,Sunny,0,Low,400,5,195
2025-01-26,Sunday,4,9,Rainy,0,High,350,6,307
2025-02-15,Saturday,5,22,Sunny,0,Low,300,4,85
2025-11-29,Saturday,5,17,Sunny,0,High,300,4,286
2025-12-03,Wednesday,4,22,Sunny,0,Low,350,6,151
2025-03-03,Monday,5,14,Rainy,1,Low,300,6,119
2025-03-28,Friday,4,16,Rainy,0,Medium,350,7,436
2025-07-16,Wednesday,1,16,Cloudy,0,Medium,500,6,497
2025-05-15,Thursday,5,15,Rainy,0,Low,300,4,180
2025-03-15,Saturday,4,8,Rainy,1,High,350,5,240
2025-05-05,Monday,3,21,Cloudy,0,Low,400,6,192
2025-02-18,Tuesday,3,11,Rainy,0,Low,400,7,258
2025-09-07,Sunday,5,5,Rainy,0,Low,300,3,113
2025-03-25,Tuesday,3,14,Sunny,0,Low,400,5,223
2025-02-06,Thursday,3,11,Rainy,0,Low,400,8,278
2025-08-27,Wednesday,4,9,Sunny,0,High,350,5,334
2025-03-09,Sunday,1,6,Rainy,0,Medium,500,10,462
2025-12-27,Saturday,1,15,Rainy,0,Low,500,9,230
2025-02-16,Sunday,4,15,Sunny,0,Low,350,7,113
2025-07-04,Friday,3,7,Sunny,0,High,400,8,407
2025-01-03,Friday,4,20,Sunny,0,Medium,350,4,159
2025-08-04,Monday,2,7,Sunny,0,High,450,7,441
2025-07-07,Monday,4,20,Cloudy,0,Medium,350,6,189
2025-11-08,Saturday,2,18,Rainy,0,High,450,8,449
2025-05-18,Sunday,3,5,Rainy,0,Low,400,7,158
2025-10-10,Friday,5,7,Rainy,0,High,300,3,382
2025-04-04,Friday,1,17,Rainy,0,High,500,6,577
2025-05-13,Tuesday,4,18,Rainy,0,High,350,5,461
2025-07-25,Friday,2,18,Cloudy,0,High,450,5,465
2025-04-23,Wednesday,1,22,Rainy,0,Low,500,9,320
2025-03-23,Sunday,5,11,Rainy,0,Low,300,4,106
2025-04-17,Thursday,3,6,Rainy,0,Medium,400,7,446
2025-04-28,Monday,2,19,Cloudy,0,High,450,7,470
2025-02-20,Thursday,4,5,Cloudy,0,Low,350,6,195
2025-09-16,Tuesday,1,22,Cloudy,0,Low,500,10,303
2025-08-22,Friday,2,8,Cloudy,0,High,450,8,444
2025-12-02,Tuesday,4,13,Cloudy,0,Low,350,4,196
2025-01-25,Saturday,4,7,Cloudy,0,High,350,7,310
2025-08-29,Friday,2,12,Rainy,0,Low,450,7,302
2025-01-20,Monday,4,5,Sunny,0,Low,350,4,185
2025-06-24,Tuesday,1,17,Rainy,0,High,500,9,568
2025-07-01,Tuesday,4,13,Rainy,0,Low,350,5,245
2025-12-28,Sunday,2,10,Rainy,0,Medium,450,9,437
2025-12-01,Monday,4,7,Sunny,0,High,350,6,387
2025-05-25,Sunday,5,17,Sunny,0,High,300,4,262
2025-03-21,Friday,2,19,Rainy,0,High,450,8,491
2025-08-22,Friday,5,20,Cloudy,0,Medium,300,6,129
2025-04-01,Tuesday,4,6,Cloudy,0,Medium,350,4,332
2025-03-05,Wednesday,4,7,Sunny,0,High,350,5,357
2025-02-05,Wednesday,4,11,Cloudy,0,Low,350,4,185
2025-07-12,Saturday,5,18,Rainy,0,High,300,5,338
2025-04-25,Friday,3,20,Sunny,0,Medium,400,6,190
2025-05-15,Thursday,3,10,Cloudy,0,Medium,400,7,227
2025-06-02,Monday,3,20,Sunny,0,Medium,400,7,229
2025-01-22,Wednesday,2,20,Cloudy,0,Medium,450,6,235
2025-11-04,Tuesday,5,21,Cloudy,0,Low,300,5,151
2025-07-10,Thursday,5,13,Cloudy,0,Low,300,4,154
2025-03-10,Monday,5,10,Cloudy,0,Medium,300,6,151
2025-12-27,Saturday,4,19,Sunny,0,High,350,5,346
2025-06-13,Friday,2,20,Sunny,0,Medium,450,6,272
2025-07-29,Tuesday,2,7,Rainy,0,High,450,5,463
2025-07-12,Saturday,5,19,Cloudy,0,High,300,5,277
2025-11-12,Wednesday,5,8,Rainy,0,High,300,6,354
2025-05-22,Thursday,4,15,Rainy,0,Low,350,7,207
2025-12-03,Wednesday,3,13,Rainy,0,Low,400,7,271
2025-05-29,Thursday,3,22,Rainy,1,Low,400,7,150
2025-05-04,Sunday,3,13,Rainy,0,Low,400,6,200
2025-01-06,Monday,2,10,Sunny,0,Medium,450,7,267
2025-11-09,Sunday,4,16,Sunny,0,Medium,350,6,322
2025-07-15,Tuesday,3,16,Cloudy,0,Medium,400,8,454
2025-11-05,Wednesday,2,8,Cloudy,0,High,450,9,418
2025-09-09,Tuesday,5,7,Cloudy,0,High,300,5,303
2025-05-10,Saturday,1,12,Cloudy,0,Low,500,9,215
2025-10-10,Friday,2,18,Sunny,0,High,450,9,482
2025-04-01,Tuesday,2,19,Rainy,0,High,450,9,501
2025-01-30,Thursday,1,18,Sunny,0,High,500,7,522
2025-10-20,Monday,5,8,Sunny,0,High,300,4,316
2025-04-11,Friday,2,13,Cloudy,0,Low,450,9,226
2025-03-30,Sunday,3,22,Rainy,0,Low,400,8,201
2025-05-12,Monday,1,12,Sunny,0,Low,500,10,323
2025-07-10,Thursday,5,5,Sunny,0,Low,300,3,134
2025-01-14,Tuesday,3,10,Cloudy,0,Medium,400,5,215
2025-10-27,Monday,3,21,Cloudy,0,Low,400,7,246
2025-07-14,Monday,4,20,Sunny,0,Medium,350,4,170
2025-09-16,Tuesday,2,14,Cloudy,0,Low,450,8,221
2025-02-05,Wednesday,3,10,Rainy,0,Medium,400,5,238
2025-09-29,Monday,1,13,Cloudy,0,Low,500,6,325
2025-02-20,Thursday,3,11,Sunny,0,Low,400,8,239
2025-02-07,Friday,3,7,Rainy,0,High,400,6,447
2025-03-30,Sunday,5,19,Sunny,0,High,300,3,278
2025-02-07,Friday,1,18,Sunny,0,High,500,7,746
2025-12-27,Saturday,2,5,Rainy,0,Low,450,7,190
2025-02-15,Saturday,2,8,Cloudy,0,High,450,5,348
2025-04-12,Saturday,5,10,Cloudy,0,Medium,300,5,43
2025-08-02,Saturday,5,5,Rainy,0,Low,300,4,105
2025-07-16,Wednesday,5,13,Cloudy,0,Low,300,5,167
2025-12-12,Friday,4,6,Cloudy,0,Medium,350,4,341
2025-03-14,Friday,1,19,Cloudy,0,High,500,6,502
2025-07-09,Wednesday,1,16,Sunny,0,Medium,500,8,508
2025-08-30,Saturday,3,13,Sunny,0,Low,400,6,139
2025-12-15,Monday,5,9,Sunny,0,High,300,5,304
2025-08-01,Friday,4,12,Sunny,0,Low,350,6,415
2025-01-30,Thursday,4,15,Sunny,0,Low,350,4,186
2025-10-26,Sunday,2,17,Cloudy,0,High,450,9,386
2025-11-14,Friday,2,6,Cloudy,0,Medium,450,8,406
2025-11-30,Sunday,1,13,Rainy,0,Low,500,7,285
2025-05-07,Wednesday,3,7,Sunny,0,High,400,5,415
2025-11-10,Monday,4,22,Rainy,0,Low,350,7,195
2025-10-11,Saturday,5,20,Sunny,0,Medium,300,3,82
2025-11-06,Thursday,2,5,Rainy,0,Low,450,5,311
2025-09-15,Monday,3,9,Sunny,0,High,400,5,371
2025-09-08,Monday,2,7,Cloudy,0,High,450,8,404
2025-08-01,Friday,3,10,Rainy,1,Medium,400,7,144
2025-08-05,Tuesday,1,19,Sunny,0,High,500,6,491
2025-03-24,Monday,3,17,Cloudy,0,High,400,5,426
2025-01-30,Thursday,5,10,Sunny,0,Medium,300,4,180
2025-11-17,Monday,2,6,Sunny,0,Medium,450,8,422
2025-04-07,Monday,2,21,Rainy,0,Low,450,5,308
2025-05-24,Saturday,4,11,Sunny,0,Low,350,5,118
2025-07-16,Wednesday,2,15,Cloudy,0,Low,450,9,266
2025-04-16,Wednesday,1,9,Sunny,0,High,500,6,462
2025-09-11,Thursday,1,9,Sunny,0,High,500,10,470
2025-07-02,Wednesday,4,17,Rainy,0,High,350,6,460
2025-02-08,Saturday,5,17,Rainy,0,High,300,6,328
2025-06-16,Monday,2,20,Cloudy,0,Medium,450,7,229
2025-08-03,Sunday,5,22,Sunny,0,Low,300,6,96
2025-03-25,Tuesday,1,18,Cloudy,0,High,500,9,525
2025-04-13,Sunday,5,7,Rainy,0,High,300,6,275
2025-12-30,Tuesday,5,9,Cloudy,0,High,300,6,300
2025-02-28,Friday,5,6,Cloudy,0,Medium,300,5,313
2025-12-07,Sunday,2,20,Sunny,0,Medium,450,9,178
2025-09-01,Monday,2,21,Cloudy,0,Low,450,7,268
2025-05-02,Friday,2,5,Cloudy,0,Low,450,7,253
2025-04-15,Tuesday,2,7,Rainy,0,High,450,5,496
2025-08-02,Saturday,5,21,Rainy,0,Low,300,3,106
2025-08-09,Saturday,2,16,Cloudy,0,Medium,450,5,406
2025-02-01,Saturday,2,19,Sunny,0,High,450,5,389
2025-11-18,Tuesday,2,7,Cloudy,1,High,450,9,510
2025-07-26,Saturday,1,9,Rainy,0,High,500,10,433
2025-05-05,Monday,4,9,Cloudy,0,High,350,4,342
2025-03-17,Monday,2,9,Cloudy,0,High,450,7,449
2025-10-27,Monday,3,6,Sunny,0,Medium,400,5,390
2025-03-01,Saturday,4,16,Sunny,0,Medium,350,6,344
2025-04-02,Wednesday,4,20,Rainy,0,Medium,350,6,227
2025-07-15,Tuesday,2,9,Rainy,0,High,450,5,469
2025-07-22,Tuesday,2,14,Rainy,0,Low,450,6,266
2025-12-27,Saturday,3,15,Sunny,1,Low,400,6,59
2025-01-06,Monday,5,17,Sunny,0,High,300,4,376
2025-05-05,Monday,4,18,Rainy,0,High,350,7,457
2025-03-09,Sunday,3,19,Rainy,0,High,400,6,618
2025-07-11,Friday,4,5,Sunny,0,Low,350,4,162
2025-12-14,Sunday,1,19,Rainy,0,High,500,7,509
2025-11-05,Wednesday,1,5,Rainy,0,Low,500,7,349
2025-12-09,Tuesday,2,11,Rainy,0,Low,450,5,317
2025-08-06,Wednesday,3,21,Cloudy,0,Low,400,6,219
2025-06-15,Sunday,2,5,Sunny,0,Low,450,8,169
2025-06-27,Friday,1,15,Rainy,0,Low,500,6,329
2025-10-17,Friday,5,21,Sunny,0,Low,300,3,180
2025-08-26,Tuesday,1,15,Rainy,0,Low,500,8,352
2025-08-19,Tuesday,3,16,Rainy,0,Medium,400,5,504
2025-09-07,Sunday,5,22,Rainy,0,Low,300,3,113
2025-03-05,Wednesday,2,6,Sunny,0,Medium,450,6,450
2025-03-19,Wednesday,3,14,Sunny,0,Low,400,7,226
2025-10-18,Saturday,1,18,Cloudy,0,High,500,7,458
2025-05-01,Thursday,2,19,Sunny,0,High,450,9,459
2025-12-31,Wednesday,2,10,Rainy,0,Medium,450,6,277
2025-10-18,Saturday,3,15,Rainy,0,Low,400,7,159
2025-10-26,Sunday,1,9,Rainy,0,High,500,9,418
2025-10-25,Saturday,5,20,Rainy,0,Medium,300,5,133
2025-12-18,Thursday,5,21,Cloudy,0,Low,300,5,164
2025-11-25,Tuesday,5,9,Cloudy,0,High,300,3,350
2025-07-17,Thursday,4,7,Cloudy,0,High,350,5,352
2025-06-01,Sunday,1,16,Sunny,0,Medium,500,6,434
2025-10-03,Friday,2,14,Rainy,0,Low,450,6,286
2025-12-16,Tuesday,4,11,Sunny,0,Low,350,7,367
2025-06-26,Thursday,1,21,Sunny,1,Low,500,8,213
2025-11-24,Monday,5,19,Cloudy,0,High,300,4,376
2025-08-15,Friday,2,11,Cloudy,0,Low,450,6,272
2025-08-03,Sunday,5,12,Cloudy,0,Low,300,3,328
2025-01-02,Thursday,4,22,Sunny,0,Low,350,7,197
2025-08-29,Friday,2,11,Rainy,0,Low,450,8,317
2025-09-05,Friday,5,6,Rainy,0,Medium,300,6,388
2025-07-16,Wednesday,4,5,Cloudy,0,Low,350,5,179
2025-02-16,Sunday,2,13,Cloudy,1,Low,450,6,52
2025-09-22,Monday,3,22,Sunny,0,Low,400,8,224
2025-06-01,Sunday,5,9,Cloudy,0,High,300,6,273
2025-10-26,Sunday,3,17,Sunny,0,High,400,7,364
2025-08-28,Thursday,2,16,Rainy,0,Medium,450,7,536
2025-10-27,Monday,5,21,Cloudy,0,Low,300,5,173
2025-02-02,Sunday,3,8,Rainy,0,High,400,5,389
2025-11-17,Monday,1,21,Sunny,0,Low,500,9,315
2025-10-05,Sunday,4,6,Cloudy,0,Medium,350,7,258
2025-04-30,Wednesday,3,17,Sunny,0,High,400,6,411
2025-06-22,Sunday,1,11,Sunny,0,Low,500,8,238
2025-07-11,Friday,1,16,Rainy,0,Medium,500,7,550
2025-10-30,Thursday,2,19,Rainy,0,High,450,8,533
2025-05-18,Sunday,1,11,Sunny,0,Low,500,9,208
2025-08-20,Wednesday,5,21,Sunny,0,Low,300,4,129
2025-10-07,Tuesday,5,9,Rainy,0,High,300,6,360
2025-06-22,Sunday,4,18,Cloudy,0,High,350,4,338
2025-08-09,Saturday,5,16,Sunny,0,Medium,300,5,317
2025-03-31,Monday,2,21,Cloudy,0,Low,450,5,245
2025-02-18,Tuesday,2,12,Sunny,0,Low,450,5,263
2025-02-18,Tuesday,4,15,Sunny,0,Low,350,7,192
2025-04-16,Wednesday,3,21,Cloudy,0,Low,400,5,246
2025-11-19,Wednesday,3,21,Sunny,0,Low,400,5,243
2025-02-21,Friday,3,8,Cloudy,0,High,400,7,408
2025-01-11,Saturday,5,12,Rainy,0,Low,300,6,126
2025-08-07,Thursday,2,11,Rainy,0,Low,450,9,299
2025-09-28,Sunday,2,8,Cloudy,0,High,450,8,363
2025-09-18,Thursday,4,9,Cloudy,0,High,350,7,376
2025-12-26,Friday,4,11,Sunny,0,Low,350,7,200
2025-01-21,Tuesday,2,7,Rainy,0,High,450,7,462
2025-02-22,Saturday,4,12,Cloudy,0,Low,350,6,102
2025-07-29,Tuesday,1,5,Sunny,0,Low,500,7,288
2025-11-24,Monday,5,6,Cloudy,0,Medium,300,3,336
2025-04-06,Sunday,2,8,Rainy,0,High,450,8,360
2025-12-13,Saturday,3,8,Sunny,0,High,400,5,294
2025-03-30,Sunday,5,19,Rainy,0,High,300,5,307
2025-11-19,Wednesday,4,10,Cloudy,0,Medium,350,6,188
2025-11-10,Monday,4,22,Rainy,0,Low,350,7,190
2025-04-13,Sunday,2,17,Cloudy,0,High,450,6,369
2025-07-05,Saturday,4,22,Sunny,0,Low,350,5,115
2025-10-25,Saturday,3,13,Sunny,0,Low,400,5,158
2025-06-03,Tuesday,5,20,Sunny,0,Medium,300,4,164
2025-05-10,Saturday,3,21,Rainy,0,Low,400,5,195
2025-12-18,Thursday,1,6,Rainy,0,Medium,500,10,513
2025-01-19,Sunday,5,22,Cloudy,0,Low,300,6,70
2025-06-28,Saturday,2,18,Sunny,0,High,450,8,407
2025-04-01,Tuesday,1,20,Sunny,0,Medium,500,10,273
2025-06-04,Wednesday,1,21,Cloudy,0,Low,500,10,314
2025-08-19,Tuesday,5,17,Rainy,0,High,300,6,391
2025-04-30,Wednesday,5,18,Sunny,0,High,300,6,360
2025-04-05,Saturday,2,16,Sunny,0,Medium,450,7,385
2025-10-13,Monday,1,15,Cloudy,0,Low,500,8,301
2025-06-21,Saturday,2,12,Cloudy,0,Low,450,6,169
2025-04-12,Saturday,4,13,Sunny,0,Low,350,5,130
2025-09-01,Monday,2,14,Cloudy,0,Low,450,5,252
2025-09-26,Friday,3,7,Sunny,1,High,400,5,290
2025-09-03,Wednesday,2,20,Cloudy,0,Medium,450,6,256
2025-08-17,Sunday,1,16,Cloudy,0,Medium,500,9,437
2025-01-26,Sunday,4,19,Cloudy,0,High,350,4,313
2025-05-26,Monday,5,20,Rainy,0,Medium,300,3,210
2025-11-17,Monday,3,10,Cloudy,0,Medium,400,6,204
2025-03-30,Sunday,4,20,Sunny,0,Medium,350,4,77
2025-03-20,Thursday,3,22,Cloudy,0,Low,400,5,235
2025-07-31,Thursday,4,11,Cloudy,0,Low,350,5,188
2025-08-11,Monday,3,15,Rainy,0,Low,400,6,260
2025-11-14,Friday,3,12,Sunny,0,Low,400,5,236
2025-11-22,Saturday,5,22,Rainy,0,Low,300,5,130
2025-09-23,Tuesday,2,6,Sunny,1,Medium,450,6,310
2025-02-16,Sunday,3,22,Rainy,0,Low,400,8,187
2025-05-20,Tuesday,5,9,Sunny,0,High,300,6,336
2025-04-01,Tuesday,2,5,Rainy,0,Low,450,6,305
2025-10-18,Saturday,5,10,Cloudy,0,Medium,300,4,98
2025-11-05,Wednesday,3,17,Sunny,0,High,400,7,470
2025-10-20,Monday,1,13,Cloudy,0,Low,500,8,286
2025-01-06,Monday,5,14,Rainy,0,Low,300,4,165
2025-06-10,Tuesday,5,14,Sunny,0,Low,300,4,138
2025-05-23,Friday,4,16,Cloudy,0,Medium,350,5,424
2025-11-13,Thursday,1,10,Rainy,0,Medium,500,7,352
2025-01-09,Thursday,3,12,Rainy,0,Low,400,7,245
2025-04-30,Wednesday,2,8,Rainy,0,High,450,5,450
2025-11-27,Thursday,3,13,Rainy,0,Low,400,8,272
2025-11-09,Sunday,1,11,Cloudy,0,Low,500,10,232
2025-02-20,Thursday,3,10,Rainy,0,Medium,400,8,286
2025-08-02,Saturday,1,12,Sunny,0,Low,500,10,353
2025-02-22,Saturday,3,9,Rainy,1,High,400,7,259
2025-04-29,Tuesday,3,9,Rainy,0,High,400,6,431
2025-11-18,Tuesday,4,16,Sunny,0,Medium,350,5,386
2025-10-21,Tuesday,2,20,Cloudy,0,Medium,450,6,244
2025-05-28,Wednesday,2,20,Cloudy,0,Medium,450,6,389
2025-05-12,Monday,4,20,Rainy,0,Medium,350,7,199
2025-09-15,Monday,2,14,Cloudy,0,Low,450,9,243
2025-05-02,Friday,1,7,Sunny,0,High,500,7,492
2025-03-24,Monday,5,20,Cloudy,0,Medium,300,5,143
2025-06-29,Sunday,5,7,Sunny,0,High,300,5,230
2025-11-20,Thursday,2,14,Rainy,0,Low,450,5,272
2025-01-25,Saturday,5,7,Rainy,0,High,300,3,511
2025-05-05,Monday,5,7,Cloudy,0,High,300,3,318
2025-05-01,Thursday,3,12,Cloudy,0,Low,400,8,226
2025-08-18,Monday,2,8,Sunny,0,High,450,7,413
2025-09-19,Friday,3,13,Cloudy,0,Low,400,7,200
2025-02-03,Monday,3,7,Cloudy,0,High,400,7,380
2025-01-11,Saturday,4,19,Sunny,0,High,350,5,340
2025-02-25,Tuesday,3,22,Cloudy,0,Low,400,8,207
2025-12-09,Tuesday,5,20,Rainy,0,Medium,300,4,161
2025-10-15,Wednesday,4,14,Cloudy,0,Low,350,5,206
2025-05-11,Sunday,5,5,Cloudy,0,Low,300,4,52
2025-03-11,Tuesday,4,6,Cloudy,0,Medium,350,4,481
2025-07-04,Friday,5,20,Sunny,0,Medium,300,6,321
2025-11-13,Thursday,3,20,Rainy,0,Medium,400,5,258
2025-04-12,Saturday,1,13,Rainy,0,Low,500,8,280
2025-08-16,Saturday,4,17,Cloudy,0,High,350,4,295
2025-08-15,Friday,5,22,Cloudy,0,Low,300,6,164
2025-05-28,Wednesday,1,17,Sunny,0,High,500,9,718
2025-01-03,Friday,1,18,Rainy,0,High,500,6,533
2025-04-28,Monday,1,18,Sunny,0,High,500,8,506
2025-02-02,Sunday,4,17,Rainy,0,High,350,4,349
2025-05-08,Thursday,3,17,Sunny,0,High,400,8,644
2025-02-23,Sunday,2,14,Cloudy,0,Low,450,8,180
2025-08-21,Thursday,5,16,Rainy,0,Medium,300,3,394
2025-05-31,Saturday,2,9,Cloudy,0,High,450,6,376
2025-10-14,Tuesday,4,8,Rainy,0,High,350,5,424
2025-05-21,Wednesday,1,15,Cloudy,0,Low,500,6,313
2025-04-28,Monday,5,13,Sunny,0,Low,300,3,128
2025-08-06,Wednesday,2,18,Sunny,0,High,450,5,482
2025-08-18,Monday,3,10,Rainy,0,Medium,400,7,243
2025-06-05,Thursday,4,5,Cloudy,0,Low,350,7,353
2025-06-01,Sunday,4,17,Rainy,0,High,350,4,372
2025-01-27,Monday,2,7,Cloudy,0,High,450,6,446
2025-01-05,Sunday,4,5,Rainy,0,Low,350,6,167
2025-02-23,Sunday,4,5,Sunny,0,Low,350,4,78
2025-03-13,Thursday,2,8,Sunny,0,High,450,7,425
2025-05-27,Tuesday,4,12,Rainy,0,Low,350,5,216
2025-04-02,Wednesday,1,9,Rainy,0,High,500,9,536
2025-12-16,Tuesday,2,20,Cloudy,0,Medium,450,6,266
2025-05-08,Thursday,2,19,Sunny,0,High,450,8,469
2025-02-23,Sunday,1,17,Rainy,0,High,500,10,470
2025-04-20,Sunday,1,22,Cloudy,0,Low,500,10,220
2025-11-20,Thursday,1,8,Cloudy,0,High,500,6,464
2025-04-10,Thursday,5,20,Cloudy,1,Medium,300,4,69
2025-12-22,Monday,5,11,Cloudy,0,Low,300,6,374
2025-11-13,Thursday,5,12,Rainy,1,Low,300,5,104
2025-09-20,Saturday,2,10,Rainy,0,Medium,450,5,200
2025-02-05,Wednesday,1,19,Cloudy,0,High,500,9,537
2025-02-13,Thursday,3,14,Cloudy,0,Low,400,8,237
2025-06-02,Monday,1,13,Sunny,0,Low,500,7,311
2025-05-14,Wednesday,3,22,Cloudy,0,Low,400,5,190
2025-02-15,Saturday,2,10,Rainy,0,Medium,450,9,200
2025-03-05,Wednesday,2,18,Sunny,0,High,450,5,496
2025-10-26,Sunday,2,20,Rainy,0,Medium,450,6,206
2025-03-27,Thursday,4,17,Rainy,0,High,350,4,411
2025-06-14,Saturday,3,22,Sunny,0,Low,400,7,146
2025-12-30,Tuesday,3,16,Sunny,0,Medium,400,8,466
2025-03-01,Saturday,2,22,Sunny,0,Low,450,6,174
2025-12-27,Saturday,3,14,Cloudy,0,Low,400,7,145
2025-07-04,Friday,3,13,Sunny,0,Low,400,7,228
2025-07-25,Friday,1,15,Sunny,0,Low,500,8,271
2025-05-15,Thursday,5,12,Sunny,0,Low,300,6,380
2025-07-19,Saturday,3,9,Cloudy,0,High,400,8,328
2025-01-19,Sunday,1,15,Sunny,0,Low,500,9,215
2025-04-24,Thursday,1,8,Rainy,0,High,500,7,518
2025-04-10,Thursday,5,7,Cloudy,0,High,300,6,313
2025-09-02,Tuesday,2,10,Cloudy,0,Medium,450,6,268
2025-07-05,Saturday,3,9,Rainy,0,High,400,5,380
2025-08-12,Tuesday,1,13,Rainy,0,Low,500,6,310
2025-06-04,Wednesday,5,9,Cloudy,0,High,300,5,350
2025-04-10,Thursday,4,22,Sunny,0,Low,350,7,206
2025-05-27,Tuesday,2,15,Rainy,0,Low,450,9,301
2025-04-25,Friday,5,12,Rainy,0,Low,300,5,214
2025-04-12,Saturday,4,19,Cloudy,0,High,350,5,345
2025-08-04,Monday,2,11,Rainy,0,Low,450,7,308
2025-02-02,Sunday,2,19,Sunny,0,High,450,8,368
2025-04-22,Tuesday,3,12,Cloudy,0,Low,400,8,208
2025-03-20,Thursday,3,5,Rainy,0,Low,400,6,240
2025-05-26,Monday,5,16,Sunny,0,Medium,300,4,371
2025-07-31,Thursday,1,15,Cloudy,0,Low,500,10,276
2025-12-17,Wednesday,1,16,Sunny,0,Medium,500,6,535
2025-10-17,Friday,4,10,Rainy,0,Medium,350,5,233
2025-08-05,Tuesday,5,7,Cloudy,0,High,300,3,319
2025-12-18,Thursday,3,9,Rainy,0,High,400,5,469
2025-08-05,Tuesday,5,16,Cloudy,0,Medium,300,6,365
2025-10-07,Tuesday,2,5,Sunny,0,Low,450,6,269
2025-05-26,Monday,4,6,Sunny,0,Medium,350,4,376
2025-12-18,Thursday,3,14,Sunny,0,Low,400,8,445
2025-03-25,Tuesday,2,13,Sunny,0,Low,450,8,251
2025-08-30,Saturday,4,22,Rainy,0,Low,350,7,111
2025-07-31,Thursday,5,20,Rainy,0,Medium,300,5,198
2025-03-08,Saturday,2,11,Rainy,0,Low,450,6,200
2025-01-12,Sunday,3,17,Sunny,0,High,400,6,353
2025-07-29,Tuesday,1,22,Sunny,0,Low,500,9,555
2025-09-26,Friday,3,16,Rainy,0,Medium,400,5,483
2025-02-13,Thursday,1,15,Sunny,0,Low,500,7,329
2025-07-06,Sunday,5,12,Rainy,0,Low,300,4,121
2025-08-05,Tuesday,2,15,Rainy,0,Low,450,7,317
2025-04-24,Thursday,1,19,Rainy,0,High,500,7,550
2025-06-18,Wednesday,2,12,Cloudy,0,Low,450,9,245
2025-10-20,Monday,4,8,Sunny,0,High,350,4,360
2025-03-29,Saturday,1,18,Sunny,0,High,500,8,461
2025-02-01,Saturday,1,15,Rainy,0,Low,500,9,248
2025-05-31,Saturday,4,11,Sunny,0,Low,350,6,76
2025-02-06,Thursday,4,8,Rainy,0,High,350,4,425
2025-07-06,Sunday,3,19,Rainy,0,High,400,6,393
2025-10-06,Monday,4,17,Cloudy,0,High,350,4,418
2025-01-08,Wednesday,2,18,Rainy,0,High,450,5,517
2025-03-29,Saturday,3,12,Rainy,1,Low,400,6,77
2025-08-01,Friday,1,8,Sunny,0,High,500,10,471
2025-12-15,Monday,2,17,Sunny,0,High,450,7,468
2025-01-08,Wednesday,3,21,Sunny,0,Low,400,6,206
2025-08-05,Tuesday,4,10,Cloudy,0,Medium,350,5,156
2025-08-26,Tuesday,3,14,Rainy,0,Low,400,7,249
2025-06-22,Sunday,2,14,Rainy,0,Low,450,6,187
2025-04-16,Wednesday,1,14,Rainy,0,Low,500,6,343
2025-08-08,Friday,2,14,Sunny,0,Low,450,9,221
2025-04-16,Wednesday,1,8,Sunny,0,High,500,9,491
2025-02-07,Friday,5,9,Cloudy,0,High,300,3,343
2025-08-15,Friday,1,21,Rainy,0,Low,500,6,317
2025-07-28,Monday,1,20,Rainy,0,Medium,500,10,318
2025-04-30,Wednesday,4,21,Sunny,0,Low,350,6,196
2025-03-07,Friday,2,5,Rainy,0,Low,450,9,265
2025-11-11,Tuesday,2,6,Rainy,0,Medium,450,8,470
2025-09-04,Thursday,2,10,Sunny,0,Medium,450,7,239
2025-02-18,Tuesday,3,17,Rainy,0,High,400,5,462
2025-02-09,Sunday,5,13,Sunny,0,Low,300,6,69
2025-08-13,Wednesday,3,8,Rainy,0,High,400,8,424
2025-03-14,Friday,4,15,Rainy,1,Low,350,4,129
2025-11-10,Monday,5,9,Sunny,0,High,300,3,348
2025-01-15,Wednesday,2,7,Cloudy,0,High,450,6,425
2025-09-22,Monday,4,7,Rainy,0,High,350,7,388
2025-01-09,Thursday,3,8,Rainy,0,High,400,7,643
2025-05-06,Tuesday,1,18,Sunny,0,High,500,7,494
2025-02-13,Thursday,3,17,Cloudy,0,High,400,6,411
2025-06-19,Thursday,3,11,Rainy,0,Low,400,8,274
2025-03-17,Monday,2,7,Sunny,0,High,450,8,449
2025-05-24,Saturday,5,21,Rainy,0,Low,300,6,97
2025-06-07,Saturday,3,14,Cloudy,0,Low,400,6,139
2025-10-31,Friday,3,8,Rainy,0,High,400,6,425
2025-04-09,Wednesday,2,19,Rainy,0,High,450,7,496
2025-08-28,Thursday,3,14,Rainy,0,Low,400,7,261
2025-04-26,Saturday,2,20,Sunny,0,Medium,450,7,158
2025-02-15,Saturday,2,21,Sunny,0,Low,450,7,180
2025-02-20,Thursday,3,12,Sunny,0,Low,400,8,223
2025-11-29,Saturday,1,7,Rainy,0,High,500,9,418
2025-08-21,Thursday,3,13,Cloudy,0,Low,400,5,238
2025-12-12,Friday,2,10,Cloudy,0,Medium,450,6,227
2025-04-07,Monday,2,12,Sunny,0,Low,450,5,273
2025-10-06,Monday,4,19,Sunny,1,High,350,7,328
2025-12-09,Tuesday,1,22,Cloudy,0,Low,500,8,289
2025-06-19,Thursday,4,5,Cloudy,0,Low,350,7,192
2025-01-09,Thursday,2,19,Rainy,0,High,450,7,524
2025-10-17,Friday,5,20,Sunny,0,Medium,300,5,165
2025-03-17,Monday,1,8,Cloudy,0,High,500,6,498
2025-05-01,Thursday,1,9,Rainy,0,High,500,6,540
2025-08-03,Sunday,4,13,Rainy,0,Low,350,4,124
2025-03-29,Saturday,5,5,Sunny,0,Low,300,4,73
2025-04-29,Tuesday,4,22,Rainy,0,Low,350,5,249
2025-06-18,Wednesday,4,16,Rainy,0,Medium,350,6,435
2025-06-17,Tuesday,5,11,Cloudy,1,Low,300,4,77
2025-02-20,Thursday,4,6,Rainy,0,Medium,350,5,427
2025-02-01,Saturday,5,10,Sunny,0,Medium,300,6,64
2025-10-28,Tuesday,4,9,Rainy,0,High,350,4,412
2025-03-01,Saturday,4,13,Sunny,0,Low,350,7,105
2025-12-31,Wednesday,5,12,Rainy,0,Low,300,4,385
2025-07-02,Wednesday,5,21,Cloudy,0,Low,300,4,148
2025-11-06,Thursday,3,11,Cloudy,0,Low,400,5,211
2025-02-17,Monday,1,5,Rainy,0,Low,500,8,314
2025-02-27,Thursday,3,6,Cloudy,0,Medium,400,8,397
2025-01-29,Wednesday,5,5,Sunny,0,Low,300,6,157
2025-03-01,Saturday,1,11,Sunny,0,Low,500,9,198
2025-10-26,Sunday,1,13,Sunny,0,Low,500,6,194
2025-02-28,Friday,2,10,Sunny,0,Medium,450,6,259
2025-11-29,Saturday,4,19,Sunny,0,High,350,4,315
2025-03-31,Monday,1,8,Rainy,0,High,500,10,546
2025-10-18,Saturday,2,18,Rainy,0,High,450,9,434
2025-05-04,Sunday,2,6,Cloudy,0,Medium,450,7,331
2025-08-16,Saturday,4,9,Rainy,1,High,350,6,203
2025-05-10,Saturday,1,9,Cloudy,0,High,500,10,421
2025-01-08,Wednesday,1,20,Cloudy,0,Medium,500,10,556
2025-05-09,Friday,1,10,Sunny,0,Medium,500,9,325
2025-12-01,Monday,2,17,Rainy,0,High,450,9,515
2025-01-05,Sunday,1,5,Sunny,0,Low,500,8,229
2025-05-03,Saturday,2,11,Rainy,0,Low,450,7,237
2025-02-23,Sunday,1,5,Cloudy,0,Low,500,7,197
2025-07-14,Monday,2,13,Rainy,0,Low,450,6,281
2025-08-28,Thursday,3,15,Cloudy,0,Low,400,5,223
2025-08-16,Saturday,4,8,Cloudy,0,High,350,5,251
2025-02-24,Monday,4,7,Sunny,0,High,350,5,389
2025-02-14,Friday,2,8,Rainy,0,High,450,5,450
2025-10-15,Wednesday,5,7,Rainy,0,High,300,3,583
2025-09-03,Wednesday,2,19,Cloudy,0,High,450,6,483
2025-10-08,Wednesday,5,20,Cloudy,0,Medium,300,6,122
2025-06-24,Tuesday,1,15,Rainy,0,Low,500,10,316
2025-07-29,Tuesday,3,20,Rainy,0,Medium,400,8,276
2025-08-29,Friday,5,6,Rainy,0,Medium,300,6,354
2025-12-26,Friday,5,15,Rainy,0,Low,300,3,191
2025-08-29,Friday,5,15,Cloudy,0,Low,300,5,144
2025-07-04,Friday,3,6,Sunny,0,Medium,400,8,406
2025-02-10,Monday,3,15,Cloudy,0,Low,400,6,217
2025-02-10,Monday,3,16,Cloudy,0,Medium,400,7,468
2025-06-03,Tuesday,1,9,Cloudy,0,High,500,10,490
2025-04-25,Friday,5,18,Rainy,0,High,300,4,435
2025-03-09,Sunday,3,19,Sunny,0,High,400,7,349
2025-07-10,Thursday,5,18,Rainy,0,High,300,6,392
2025-10-02,Thursday,4,6,Cloudy,0,Medium,350,6,337
2025-05-12,Monday,2,9,Cloudy,0,High,450,9,435
2025-08-19,Tuesday,3,8,Cloudy,0,High,400,6,410
2025-08-18,Monday,4,19,Cloudy,0,High,350,5,378
2025-05-07,Wednesday,1,22,Sunny,0,Low,500,8,319
2025-11-09,Sunday,5,14,Sunny,0,Low,300,5,97
2025-05-26,Monday,1,22,Sunny,0,Low,500,6,280
2025-05-02,Friday,3,17,Cloudy,0,High,400,6,427
2025-08-02,Saturday,4,15,Rainy,0,Low,350,6,139
2025-01-13,Monday,4,19,Cloudy,0,High,350,7,650
2025-11-19,Wednesday,3,15,Rainy,0,Low,400,6,275
2025-04-06,Sunday,1,18,Rainy,0,High,500,7,485
2025-01-03,Friday,3,13,Rainy,0,Low,400,8,275
2025-10-19,Sunday,4,9,Cloudy,0,High,350,6,276
2025-07-26,Saturday,5,15,Cloudy,0,Low,300,5,46
2025-08-30,Saturday,1,7,Rainy,0,High,500,8,411
2025-07-24,Thursday,5,9,Sunny,0,High,300,6,331
2025-11-07,Friday,3,16,Sunny,0,Medium,400,5,440
2025-08-28,Thursday,5,16,Rainy,0,Medium,300,4,415
2025-04-18,Friday,1,19,Sunny,0,High,500,9,507
2025-12-11,Thursday,3,6,Rainy,0,Medium,400,8,456
2025-08-30,Saturday,4,20,Cloudy,0,Medium,350,7,112
2025-10-02,Thursday,4,6,Rainy,0,Medium,350,7,374
2025-11-25,Tuesday,5,10,Rainy,0,Medium,300,6,185
2025-07-24,Thursday,3,17,Sunny,0,High,400,7,421
2025-05-28,Wednesday,4,19,Sunny,0,High,350,7,428
2025-07-15,Tuesday,2,5,Rainy,0,Low,450,5,308
2025-10-30,Thursday,3,21,Sunny,0,Low,400,5,223
2025-05-14,Wednesday,2,6,Cloudy,0,Medium,450,9,442
2025-09-07,Sunday,3,9,Cloudy,0,High,400,7,315
2025-10-13,Monday,5,21,Cloudy,0,Low,300,4,158
2025-03-02,Sunday,3,5,Cloudy,0,Low,400,8,111
2025-02-11,Tuesday,3,16,Cloudy,0,Medium,400,6,424
2025-05-07,Wednesday,1,10,Cloudy,0,Medium,500,8,286
2025-12-12,Friday,3,14,Cloudy,0,Low,400,8,224
2025-06-27,Friday,1,7,Sunny,0,High,500,6,470
2025-09-11,Thursday,3,20,Cloudy,1,Medium,400,7,93
2025-04-22,Tuesday,4,22,Rainy,0,Low,350,4,248
2025-12-16,Tuesday,2,8,Rainy,0,High,450,8,668
2025-12-18,Thursday,5,5,Sunny,0,Low,300,4,180
2025-05-27,Tuesday,1,8,Rainy,0,High,500,7,528
2025-06-15,Sunday,4,12,Rainy,0,Low,350,5,110
2025-10-20,Monday,5,9,Cloudy,0,High,300,5,340
2025-08-06,Wednesday,2,20,Sunny,0,Medium,450,8,254
2025-09-29,Monday,5,12,Sunny,0,Low,300,6,134
2025-11-04,Tuesday,1,5,Rainy,0,Low,500,9,314
2025-01-30,Thursday,4,12,Sunny,1,Low,350,5,84
2025-02-06,Thursday,2,6,Rainy,0,Medium,450,8,445
2025-06-28,Saturday,5,10,Rainy,0,Medium,300,6,98
2025-10-04,Saturday,2,11,Cloudy,0,Low,450,7,183
2025-01-02,Thursday,1,21,Sunny,0,Low,500,7,272
2025-12-13,Saturday,3,16,Sunny,0,Medium,400,8,336
2025-11-24,Monday,3,18,Cloudy,0,High,400,8,458
2025-01-09,Thursday,2,5,Cloudy,0,Low,450,6,248
2025-06-02,Monday,2,18,Rainy,0,High,450,5,676
2025-09-06,Saturday,1,14,Rainy,0,Low,500,10,243
2025-02-25,Tuesday,2,5,Cloudy,0,Low,450,8,259
2025-09-02,Tuesday,2,19,Rainy,0,High,450,8,481
2025-12-14,Sunday,5,15,Cloudy,0,Low,300,6,241
2025-12-18,Thursday,4,19,Cloudy,0,High,350,6,390
2025-11-01,Saturday,2,9,Sunny,0,High,450,9,344
2025-12-10,Wednesday,5,8,Cloudy,0,High,300,3,306
2025-10-17,Friday,1,10,Rainy,1,Medium,500,7,225
2025-01-01,Wednesday,3,15,Rainy,0,Low,400,5,278
2025-11-06,Thursday,5,22,Sunny,0,Low,300,5,123
2025-11-04,Tuesday,3,20,Cloudy,0,Medium,400,5,199
2025-05-15,Thursday,5,20,Rainy,0,Medium,300,6,168
2025-11-10,Monday,1,6,Cloudy,1,Medium,500,10,523
2025-11-26,Wednesday,1,9,Sunny,0,High,500,7,494
2025-02-10,Monday,5,14,Cloudy,0,Low,300,4,153
2025-02-10,Monday,4,8,Rainy,0,High,350,7,410
2025-01-01,Wednesday,2,9,Sunny,0,High,450,9,438
2025-06-15,Sunday,1,17,Sunny,0,High,500,9,423
2025-01-08,Wednesday,5,22,Cloudy,0,Low,300,4,137
2025-07-04,Friday,3,21,Rainy,0,Low,400,6,287
2025-04-30,Wednesday,2,7,Rainy,0,High,450,7,493
2025-11-07,Friday,5,10,Rainy,0,Medium,300,4,216
2025-05-24,Saturday,2,22,Rainy,0,Low,450,7,219
2025-06-18,Wednesday,1,9,Sunny,0,High,500,8,491
2025-12-28,Sunday,3,18,Cloudy,0,High,400,7,381
2025-07-20,Sunday,4,12,Sunny,0,Low,350,4,92
2025-09-14,Sunday,5,15,Sunny,0,Low,300,3,94
2025-10-24,Friday,5,21,Rainy,0,Low,300,5,207
2025-03-02,Sunday,1,5,Cloudy,0,Low,500,8,203
2025-04-10,Thursday,3,12,Cloudy,0,Low,400,6,219
2025-07-13,Sunday,3,13,Rainy,0,Low,400,6,168
2025-05-28,Wednesday,3,8,Rainy,0,High,400,8,558
2025-08-05,Tuesday,5,7,Rainy,0,High,300,5,364
2025-09-14,Sunday,1,13,Sunny,0,Low,500,9,199
2025-07-02,Wednesday,4,6,Sunny,0,Medium,350,7,366
2025-11-04,Tuesday,2,20,Cloudy,0,Medium,450,8,251
2025-08-23,Saturday,3,11,Cloudy,0,Low,400,6,136
2025-10-02,Thursday,3,12,Sunny,0,Low,400,7,217
2025-02-13,Thursday,2,16,Cloudy,0,Medium,450,7,493
2025-11-19,Wednesday,4,18,Sunny,0,High,350,6,380
2025-11-27,Thursday,2,16,Rainy,0,Medium,450,9,495
2025-10-15,Wednesday,2,22,Cloudy,0,Low,450,6,465
2025-07-06,Sunday,2,10,Cloudy,0,Medium,450,7,145
2025-02-01,Saturday,1,13,Sunny,0,Low,500,9,192
2025-06-22,Sunday,5,18,Cloudy,0,High,300,6,298
2025-06-07,Saturday,1,21,Rainy,0,Low,500,6,281
2025-07-22,Tuesday,4,10,Cloudy,0,Medium,350,5,207
2025-08-24,Sunday,5,19,Rainy,0,High,300,4,357
2025-06-05,Thursday,1,17,Rainy,0,High,500,7,535
2025-12-28,Sunday,1,5,Sunny,0,Low,500,8,224
2025-06-05,Thursday,1,11,Sunny,1,Low,500,10,215
2025-08-02,Saturday,2,16,Cloudy,0,Medium,450,9,399
2025-08-19,Tuesday,1,18,Cloudy,0,High,500,6,517
2025-10-19,Sunday,5,14,Sunny,0,Low,300,6,59
2025-02-01,Saturday,2,10,Rainy,0,Medium,450,9,217
2025-03-28,Friday,3,10,Sunny,0,Medium,400,5,216
2025-09-29,Monday,4,14,Rainy,0,Low,350,7,211
2025-08-21,Thursday,4,13,Sunny,1,Low,350,4,99
2025-01-05,Sunday,3,14,Sunny,0,Low,400,7,115
2025-01-16,Thursday,4,9,Sunny,0,High,350,6,387
2025-08-25,Monday,2,12,Sunny,0,Low,450,8,263
2025-03-12,Wednesday,3,19,Sunny,0,High,400,6,431
2025-10-19,Sunday,1,16,Rainy,0,Medium,500,7,463
2025-11-11,Tuesday,4,5,Cloudy,0,Low,350,4,193
2025-05-08,Thursday,3,13,Rainy,0,Low,400,5,266
2025-06-23,Monday,2,10,Rainy,0,Medium,450,5,279
2025-10-09,Thursday,5,6,Cloudy,0,Medium,300,4,347
2025-10-31,Friday,3,9,Sunny,0,High,400,6,383
2025-04-19,Saturday,4,6,Sunny,0,Medium,350,7,267
2025-07-28,Monday,5,18,Rainy,0,High,300,6,380
2025-07-03,Thursday,2,19,Rainy,0,High,450,8,510
2025-02-20,Thursday,1,6,Rainy,0,Medium,500,7,527
2025-09-18,Thursday,5,20,Cloudy,0,Medium,300,4,175
2025-07-07,Monday,3,20,Rainy,0,Medium,400,5,257
2025-08-12,Tuesday,5,5,Sunny,0,Low,300,4,338
2025-02-06,Thursday,1,14,Sunny,0,Low,500,8,284
2025-01-08,Wednesday,1,13,Cloudy,0,Low,500,10,298
2025-03-27,Thursday,3,10,Sunny,0,Medium,400,6,202
2025-12-27,Saturday,4,17,Cloudy,0,High,350,6,328
2025-01-21,Tuesday,1,20,Sunny,0,Medium,500,10,270
2025-07-05,Saturday,2,13,Rainy,0,Low,450,5,186
2025-05-21,Wednesday,2,21,Rainy,0,Low,450,9,270
2025-10-06,Monday,2,5,Rainy,0,Low,450,8,266
2025-01-07,Tuesday,1,5,Sunny,0,Low,500,7,289
2025-10-19,Sunday,1,5,Sunny,0,Low,500,7,370
2025-01-19,Sunday,3,22,Sunny,0,Low,400,5,116
2025-08-28,Thursday,2,17,Rainy,0,High,450,5,503
2025-09-28,Sunday,2,10,Rainy,0,Medium,450,6,228
2025-11-13,Thursday,2,11,Cloudy,0,Low,450,7,258
2025-01-02,Thursday,2,7,Sunny,0,High,450,6,402
2025-04-15,Tuesday,1,16,Sunny,0,Medium,500,8,540
2025-07-07,Monday,3,12,Cloudy,0,Low,400,8,215
2025-03-07,Friday,4,5,Sunny,0,Low,350,5,201
2025-02-13,Thursday,4,21,Rainy,0,Low,350,7,241
2025-01-26,Sunday,3,20,Cloudy,0,Medium,400,7,135
2025-08-14,Thursday,5,6,Sunny,0,Medium,300,6,340
2025-07-28,Monday,3,18,Rainy,0,High,400,6,456
2025-04-02,Wednesday,3,8,Rainy,0,High,400,5,450
2025-05-13,Tuesday,5,10,Cloudy,0,Medium,300,4,160
2025-09-21,Sunday,5,22,Sunny,0,Low,300,4,65
2025-05-05,Monday,1,14,Rainy,0,Low,500,7,329
2025-05-11,Sunday,1,10,Sunny,0,Medium,500,9,237
2025-01-29,Wednesday,4,8,Cloudy,0,High,350,5,355
2025-03-08,Saturday,2,10,Cloudy,0,Medium,450,6,175
2025-04-03,Thursday,5,8,Rainy,0,High,300,6,393
2025-07-16,Wednesday,1,11,Rainy,0,Low,500,7,360
2025-04-17,Thursday,1,14,Rainy,0,Low,500,10,356
2025-08-18,Monday,3,13,Cloudy,0,Low,400,6,245
2025-12-20,Saturday,1,17,Sunny,1,High,500,10,337
2025-10-29,Wednesday,2,11,Rainy,0,Low,450,7,279
2025-07-24,Thursday,1,19,Cloudy,0,High,500,10,520
2025-02-28,Friday,4,8,Rainy,0,High,350,7,390
2025-08-18,Monday,3,14,Cloudy,0,Low,400,8,203
2025-04-03,Thursday,3,5,Sunny,0,Low,400,7,213
2025-12-31,Wednesday,2,9,Rainy,0,High,450,5,488
2025-04-15,Tuesday,5,12,Sunny,0,Low,300,5,155
2025-10-07,Tuesday,4,22,Cloudy,0,Low,350,7,198
2025-07-21,Monday,1,22,Cloudy,0,Low,500,7,278
2025-10-22,Wednesday,3,15,Rainy,0,Low,400,6,288
2025-02-14,Friday,3,15,Sunny,0,Low,400,7,246
2025-11-10,Monday,3,14,Sunny,0,Low,400,6,248
2025-11-29,Saturday,2,15,Sunny,0,Low,450,6,167
2025-10-31,Friday,2,13,Cloudy,0,Low,450,5,233
2025-01-13,Monday,5,5,Sunny,0,Low,300,5,176
2025-10-19,Sunday,1,19,Cloudy,0,High,500,7,469
2025-06-26,Thursday,4,17,Rainy,0,High,350,5,464
2025-02-10,Monday,2,18,Rainy,0,High,450,6,531
2025-11-10,Monday,2,18,Sunny,0,High,450,8,480
2025-05-24,Saturday,2,20,Rainy,0,Medium,450,7,211
2025-08-08,Friday,1,6,Sunny,0,Medium,500,7,479
2025-08-30,Saturday,2,11,Cloudy,0,Low,450,5,181
2025-03-23,Sunday,1,20,Cloudy,0,Medium,500,10,224
2025-10-07,Tuesday,1,12,Rainy,0,Low,500,6,367
2025-12-15,Monday,2,19,Rainy,0,High,450,6,520
2025-02-18,Tuesday,2,15,Rainy,0,Low,450,8,317
2025-08-18,Monday,3,21,Sunny,0,Low,400,6,371
2025-10-16,Thursday,5,7,Sunny,0,High,300,4,328
2025-09-19,Friday,2,18,Sunny,0,High,450,9,625
2025-03-02,Sunday,3,18,Sunny,1,High,400,7,459
2025-05-22,Thursday,4,9,Rainy,0,High,350,6,424
2025-04-01,Tuesday,2,6,Cloudy,0,Medium,450,5,444
2025-04-10,Thursday,5,21,Rainy,0,Low,300,6,198
2025-11-24,Monday,5,5,Cloudy,0,Low,300,4,124
2025-10-11,Saturday,3,18,Sunny,0,High,400,6,354
2025-07-14,Monday,2,10,Rainy,0,Medium,450,8,261
2025-09-23,Tuesday,3,8,Rainy,0,High,400,8,462
2025-07-29,Tuesday,4,6,Rainy,0,Medium,350,6,421
2025-02-16,Sunday,5,14,Cloudy,0,Low,300,5,65
2025-09-27,Saturday,3,5,Sunny,0,Low,400,7,164
2025-08-24,Sunday,3,14,Rainy,0,Low,400,8,181
2025-07-05,Saturday,1,14,Rainy,0,Low,500,8,289
2025-05-14,Wednesday,4,20,Rainy,0,Medium,350,5,238
2025-06-18,Wednesday,3,16,Rainy,0,Medium,400,6,456
2025-08-17,Sunday,3,7,Rainy,0,High,400,8,372
2025-03-13,Thursday,5,8,Rainy,0,High,300,6,372
2025-10-15,Wednesday,4,10,Cloudy,0,Medium,350,7,165
2025-05-05,Monday,5,15,Rainy,0,Low,300,3,178
2025-08-28,Thursday,3,11,Rainy,0,Low,400,7,238
2025-07-25,Friday,1,17,Rainy,0,High,500,7,533
2025-09-22,Monday,3,11,Rainy,0,Low,400,6,445
2025-10-16,Thursday,3,12,Sunny,0,Low,400,7,242
2025-11-06,Thursday,4,14,Cloudy,0,Low,350,7,159
2025-01-29,Wednesday,2,20,Cloudy,0,Medium,450,9,276
2025-11-18,Tuesday,3,7,Cloudy,0,High,400,8,421
2025-03-08,Saturday,1,14,Sunny,0,Low,500,7,231
2025-07-19,Saturday,2,22,Sunny,0,Low,450,6,155
2025-04-07,Monday,3,6,Sunny,0,Medium,400,5,372
2025-06-04,Wednesday,1,11,Sunny,0,Low,500,6,285
2025-12-18,Thursday,3,13,Rainy,0,Low,400,7,236
2025-11-23,Sunday,3,9,Rainy,0,High,400,6,388
2025-01-19,Sunday,3,10,Rainy,0,Medium,400,8,390
2025-09-01,Monday,3,22,Sunny,0,Low,400,8,214
2025-09-21,Sunday,5,7,Sunny,0,High,300,4,280
2025-07-08,Tuesday,2,12,Rainy,0,Low,450,6,298
2025-06-26,Thursday,2,17,Cloudy,0,High,450,6,451
2025-02-12,Wednesday,2,9,Rainy,0,High,450,9,489
2025-09-27,Saturday,1,5,Cloudy,0,Low,500,10,240
2025-10-30,Thursday,1,14,Rainy,0,Low,500,10,342
2025-03-21,Friday,4,16,Cloudy,0,Medium,350,4,397
2025-10-31,Friday,5,18,Rainy,0,High,300,6,409
2025-01-14,Tuesday,5,20,Cloudy,0,Medium,300,4,166
2025-03-29,Saturday,3,22,Rainy,0,Low,400,5,189
2025-12-24,Wednesday,1,17,Sunny,0,High,500,6,497
2025-11-30,Sunday,2,20,Cloudy,0,Medium,450,7,173
2025-02-15,Saturday,4,11,Sunny,0,Low,350,5,90
2025-07-06,Sunday,1,13,Rainy,0,Low,500,6,248
2025-10-20,Monday,2,22,Rainy,0,Low,450,7,306
2025-03-11,Tuesday,1,10,Cloudy,0,Medium,500,8,296
2025-01-17,Friday,4,19,Rainy,0,High,350,4,425
2025-08-14,Thursday,1,15,Sunny,0,Low,500,8,282
2025-11-03,Monday,1,16,Rainy,0,Medium,500,9,580
2025-01-17,Friday,4,15,Rainy,0,Low,350,7,250
2025-08-13,Wednesday,2,21,Rainy,0,Low,450,9,279
2025-11-29,Saturday,5,12,Rainy,0,Low,300,6,104
2025-05-24,Saturday,4,10,Cloudy,0,Medium,350,5,88
2025-04-24,Thursday,1,5,Rainy,0,Low,500,8,351
2025-01-22,Wednesday,3,16,Cloudy,0,Medium,400,6,413
2025-07-22,Tuesday,1,16,Cloudy,0,Medium,500,8,513
2025-04-12,Saturday,3,14,Sunny,0,Low,400,7,124
2025-05-09,Friday,2,12,Sunny,0,Low,450,5,251
2025-07-10,Thursday,2,14,Cloudy,0,Low,450,8,242
2025-03-26,Wednesday,2,16,Sunny,0,Medium,450,8,498
2025-01-27,Monday,4,12,Rainy,0,Low,350,6,212
2025-02-11,Tuesday,3,16,Sunny,0,Medium,400,6,456
2025-11-18,Tuesday,1,10,Sunny,0,Medium,500,7,325
2025-01-20,Monday,4,6,Sunny,0,Medium,350,6,348
2025-01-31,Friday,3,18,Rainy,0,High,400,6,680
2025-06-29,Sunday,2,22,Cloudy,0,Low,450,8,143
2025-07-13,Sunday,4,19,Cloudy,0,High,350,5,317
2025-05-10,Saturday,4,16,Rainy,0,Medium,350,7,369
2025-01-23,Thursday,1,5,Rainy,0,Low,500,7,347
2025-09-06,Saturday,3,15,Sunny,0,Low,400,7,168
2025-11-27,Thursday,5,11,Rainy,0,Low,300,3,213
2025-09-07,Sunday,3,18,Cloudy,0,High,400,7,384
2025-10-21,Tuesday,5,16,Sunny,0,Medium,300,4,400
2025-12-05,Friday,5,6,Sunny,1,Medium,300,4,230
2025-03-01,Saturday,5,19,Sunny,0,High,300,4,282
2025-02-23,Sunday,4,8,Sunny,0,High,350,6,298
2025-03-20,Thursday,2,19,Cloudy,0,High,450,8,442
2025-06-04,Wednesday,2,11,Rainy,0,Low,450,5,317
2025-10-31,Friday,1,14,Cloudy,1,Low,500,8,202
2025-10-24,Friday,4,16,Sunny,0,Medium,350,7,379
2025-08-06,Wednesday,4,17,Rainy,0,High,350,7,442
2025-04-21,Monday,4,8,Sunny,0,High,350,4,363
2025-07-01,Tuesday,5,17,Sunny,0,High,300,4,378
2025-11-14,Friday,3,12,Cloudy,0,Low,400,6,201
2025-08-27,Wednesday,4,17,Sunny,0,High,350,4,406
2025-02-16,Sunday,2,15,Cloudy,0,Low,450,9,180
2025-02-14,Friday,2,13,Cloudy,0,Low,450,6,232
2025-04-26,Saturday,5,9,Sunny,0,High,300,5,262
2025-09-14,Sunday,2,5,Sunny,0,Low,450,6,158
2025-05-04,Sunday,5,16,Cloudy,0,Medium,300,5,276
2025-06-13,Friday,1,19,Cloudy,0,High,500,7,525
2025-06-24,Tuesday,2,10,Cloudy,0,Medium,450,5,239
2025-10-01,Wednesday,3,11,Rainy,0,Low,400,5,270
2025-06-29,Sunday,4,11,Cloudy,0,Low,350,7,108
2025-08-12,Tuesday,2,14,Rainy,1,Low,450,9,212
2025-10-21,Tuesday,1,16,Rainy,0,Medium,500,8,539
2025-05-17,Saturday,5,10,Rainy,0,Medium,300,4,100
2025-09-06,Saturday,3,14,Sunny,0,Low,400,5,163
2025-03-07,Friday,4,6,Rainy,0,Medium,350,6,427
2025-03-31,Monday,1,14,Cloudy,0,Low,500,7,313
2025-12-12,Friday,1,18,Sunny,0,High,500,8,547
2025-07-11,Friday,5,6,Rainy,0,Medium,300,3,343
2025-10-22,Wednesday,1,11,Rainy,0,Low,500,7,334
2025-10-08,Wednesday,1,8,Sunny,0,High,500,7,474
2025-01-05,Sunday,4,5,Rainy,1,Low,350,4,50
2025-05-11,Sunday,1,12,Cloudy,0,Low,500,8,214
2025-03-12,Wednesday,4,9,Rainy,0,High,350,6,418
2025-05-09,Friday,2,11,Cloudy,1,Low,450,5,171
2025-08-07,Thursday,5,13,Sunny,0,Low,300,6,176
2025-04-09,Wednesday,4,19,Sunny,0,High,350,5,428
2025-08-10,Sunday,4,15,Rainy,0,Low,350,7,128
2025-05-13,Tuesday,2,17,Rainy,0,High,450,7,522
2025-04-26,Saturday,1,20,Rainy,0,Medium,500,6,263
2025-06-16,Monday,3,16,Sunny,0,Medium,400,5,417
2025-09-07,Sunday,1,18,Cloudy,0,High,500,10,470
2025-10-04,Saturday,2,14,Cloudy,0,Low,450,8,297
2025-06-08,Sunday,4,8,Cloudy,0,High,350,7,272
2025-04-17,Thursday,4,10,Rainy,0,Medium,350,7,211
2025-08-21,Thursday,2,7,Cloudy,0,High,450,6,449
2025-10-10,Friday,5,15,Cloudy,0,Low,300,4,133
2025-05-16,Friday,1,14,Cloudy,0,Low,500,10,288
2025-03-04,Tuesday,1,9,Sunny,0,High,500,7,459
2025-05-28,Wednesday,3,14,Rainy,0,Low,400,8,271
2025-06-09,Monday,3,5,Cloudy,0,Low,400,5,200
2025-12-30,Tuesday,2,11,Sunny,0,Low,450,5,277
2025-02-25,Tuesday,5,15,Sunny,0,Low,300,6,123
2025-01-27,Monday,4,12,Sunny,0,Low,350,7,199
2025-09-05,Friday,4,21,Sunny,0,Low,350,5,162
2025-03-21,Friday,5,16,Cloudy,0,Medium,300,3,360
2025-01-18,Saturday,2,18,Sunny,0,High,450,6,384
2025-09-18,Thursday,3,19,Cloudy,0,High,400,8,418
2025-05-10,Saturday,4,9,Cloudy,0,High,350,7,253
2025-12-25,Thursday,5,16,Sunny,0,Medium,300,4,581
2025-01-07,Tuesday,1,11,Cloudy,0,Low,500,6,283
2025-05-25,Sunday,3,19,Cloudy,0,High,400,7,358
2025-06-04,Wednesday,3,6,Rainy,0,Medium,400,5,418
2025-12-07,Sunday,2,8,Sunny,0,High,450,8,363
2025-10-10,Friday,4,11,Sunny,0,Low,350,5,345
2025-07-17,Thursday,5,20,Rainy,0,Medium,300,4,196
2025-01-04,Saturday,5,19,Rainy,0,High,300,6,346
2025-03-11,Tuesday,4,17,Cloudy,1,High,350,5,288
2025-02-24,Monday,1,9,Rainy,0,High,500,8,510
2025-03-19,Wednesday,3,11,Sunny,0,Low,400,8,227
2025-10-05,Sunday,5,14,Cloudy,0,Low,300,5,80
2025-03-07,Friday,2,18,Cloudy,0,High,450,5,447
2025-09-07,Sunday,2,12,Cloudy,0,Low,450,9,164
2025-03-15,Saturday,4,15,Sunny,0,Low,350,6,96
2025-11-08,Saturday,1,18,Rainy,0,High,500,6,616
2025-07-04,Friday,4,5,Cloudy,0,Low,350,4,179
2025-11-05,Wednesday,3,9,Cloudy,0,High,400,5,622
2025-04-19,Saturday,1,11,Rainy,0,Low,500,8,255
2025-04-17,Thursday,2,22,Cloudy,0,Low,450,6,259
2025-12-24,Wednesday,1,22,Rainy,0,Low,500,10,329
2025-05-14,Wednesday,1,20,Rainy,0,Medium,500,8,354
2025-11-25,Tuesday,1,21,Cloudy,0,Low,500,9,325
2025-10-06,Monday,5,18,Cloudy,0,High,300,3,396
2025-09-01,Monday,4,5,Sunny,0,Low,350,4,202
2025-01-28,Tuesday,2,12,Sunny,1,Low,450,8,135
2025-02-14,Friday,4,20,Sunny,0,Medium,350,5,192
2025-12-01,Monday,3,7,Cloudy,0,High,400,6,416
2025-03-08,Saturday,3,21,Rainy,1,Low,400,8,93
2025-08-06,Wednesday,5,18,Sunny,0,High,300,4,357
2025-02-18,Tuesday,5,22,Cloudy,0,Low,300,3,131
2025-03-08,Saturday,4,13,Rainy,1,Low,350,7,56
2025-02-10,Monday,5,15,Rainy,0,Low,300,5,220
2025-11-15,Saturday,2,7,Rainy,0,High,450,8,401
2025-07-30,Wednesday,1,14,Sunny,0,Low,500,6,278
2025-06-29,Sunday,5,17,Cloudy,0,High,300,4,290
2025-07-07,Monday,2,11,Sunny,0,Low,450,9,229
2025-11-09,Sunday,3,20,Cloudy,0,Medium,400,7,364
2025-07-10,Thursday,2,20,Rainy,0,Medium,450,9,275
2025-12-12,Friday,3,13,Rainy,0,Low,400,7,257
2025-09-01,Monday,4,11,Sunny,0,Low,350,4,357
2025-08-01,Friday,3,14,Sunny,0,Low,400,7,220
2025-02-04,Tuesday,4,12,Rainy,0,Low,350,5,192
2025-02-09,Sunday,1,7,Sunny,0,High,500,7,385
2025-08-09,Saturday,5,9,Rainy,0,High,300,3,296
2025-02-05,Wednesday,4,18,Rainy,0,High,350,6,416
2025-02-21,Friday,2,20,Rainy,0,Medium,450,7,299
2025-06-08,Sunday,4,12,Cloudy,0,Low,350,7,104
2025-02-01,Saturday,4,7,Rainy,0,High,350,6,293
2025-12-25,Thursday,5,11,Sunny,0,Low,300,5,130
2025-01-12,Sunday,3,5,Cloudy,0,Low,400,5,119
2025-06-07,Saturday,5,22,Rainy,0,Low,300,4,132
2025-08-04,Monday,2,10,Rainy,0,Medium,450,7,468
2025-03-18,Tuesday,4,17,Sunny,0,High,350,7,401
2025-02-06,Thursday,2,8,Rainy,0,High,450,7,454
2025-07-14,Monday,5,16,Cloudy,0,Medium,300,5,370
2025-01-02,Thursday,5,16,Sunny,0,Medium,300,4,352
2025-05-31,Saturday,4,12,Sunny,0,Low,350,6,89
2025-04-13,Sunday,4,20,Rainy,0,Medium,350,7,129
2025-04-25,Friday,2,11,Sunny,0,Low,450,9,236
2025-09-03,Wednesday,5,20,Sunny,0,Medium,300,3,152
2025-06-22,Sunday,2,21,Cloudy,0,Low,450,6,175
2025-03-09,Sunday,5,18,Rainy,0,High,300,4,309
2025-02-28,Friday,4,5,Cloudy,0,Low,350,7,163
2025-03-16,Sunday,2,7,Cloudy,1,High,450,9,227
2025-04-02,Wednesday,3,14,Cloudy,0,Low,400,7,193
2025-08-11,Monday,5,6,Rainy,0,Medium,300,4,505
2025-03-21,Friday,3,16,Sunny,0,Medium,400,8,423
2025-10-17,Friday,4,19,Sunny,0,High,350,6,419
2025-10-30,Thursday,5,21,Rainy,1,Low,300,3,189
2025-12-23,Tuesday,2,7,Cloudy,0,High,450,6,407
2025-09-27,Saturday,4,9,Cloudy,0,High,350,4,264
2025-02-18,Tuesday,4,11,Rainy,0,Low,350,5,244
2025-11-01,Saturday,2,20,Rainy,0,Medium,450,5,230
2025-09-24,Wednesday,3,5,Cloudy,0,Low,400,8,240
2025-12-31,Wednesday,5,6,Rainy,0,Medium,300,6,383
2025-02-21,Friday,3,22,Cloudy,0,Low,400,8,203
2025-02-02,Sunday,2,20,Sunny,0,Medium,450,8,170
2025-01-26,Sunday,4,19,Rainy,0,High,350,6,573
2025-11-22,Saturday,4,13,Cloudy,0,Low,350,6,114
2025-02-12,Wednesday,5,18,Rainy,0,High,300,4,401
2025-10-16,Thursday,3,10,Sunny,0,Medium,400,5,201
2025-09-06,Saturday,3,18,Cloudy,0,High,400,6,373
2025-11-14,Friday,1,21,Rainy,0,Low,500,9,348
2025-12-15,Monday,3,15,Sunny,0,Low,400,7,206
2025-06-17,Tuesday,1,5,Rainy,0,Low,500,9,333
2025-10-03,Friday,1,20,Rainy,0,Medium,500,10,348
2025-12-02,Tuesday,1,16,Sunny,0,Medium,500,6,510
2025-03-16,Sunday,1,19,Cloudy,1,High,500,8,369
2025-04-12,Saturday,5,21,Rainy,0,Low,300,3,119
2025-04-17,Thursday,1,13,Cloudy,0,Low,500,9,326
2025-08-12,Tuesday,4,18,Sunny,0,High,350,6,397
2025-06-20,Friday,1,19,Rainy,0,High,500,8,567
2025-01-27,Monday,3,19,Cloudy,0,High,400,5,417
2025-11-27,Thursday,4,11,Cloudy,0,Low,350,6,196
2025-03-07,Friday,4,5,Cloudy,0,Low,350,4,191
2025-01-20,Monday,4,19,Rainy,0,High,350,5,445
2025-09-18,Thursday,3,15,Sunny,0,Low,400,6,225
2025-10-21,Tuesday,4,18,Cloudy,0,High,350,5,384
2025-01-18,Saturday,2,9,Cloudy,0,High,450,5,353
2025-02-12,Wednesday,5,8,Cloudy,0,High,300,6,301
2025-04-11,Friday,3,12,Cloudy,0,Low,400,8,247
2025-11-06,Thursday,5,17,Cloudy,0,High,300,4,344
2025-08-26,Tuesday,4,13,Sunny,0,Low,350,4,162
2025-07-13,Sunday,3,7,Sunny,0,High,400,7,295
2025-07-10,Thursday,5,5,Rainy,0,Low,300,3,184
2025-06-17,Tuesday,1,11,Rainy,1,Low,500,10,251
2025-06-27,Friday,3,11,Sunny,0,Low,400,7,209
2025-12-07,Sunday,4,13,Rainy,1,Low,350,7,20
2025-09-13,Saturday,3,13,Cloudy,0,Low,400,5,121
2025-03-04,Tuesday,3,7,Sunny,0,High,400,8,372
2025-07-20,Sunday,5,5,Sunny,0,Low,300,4,56
2025-11-23,Sunday,1,22,Sunny,0,Low,500,6,241
2025-07-26,Saturday,1,16,Rainy,0,Medium,500,9,495
2025-08-01,Friday,4,11,Cloudy,0,Low,350,4,198
2025-01-20,Monday,2,12,Cloudy,0,Low,450,5,379
2025-07-01,Tuesday,1,9,Sunny,0,High,500,8,465
2025-07-06,Sunday,4,7,Sunny,0,High,350,5,294
2025-11-01,Saturday,5,17,Cloudy,0,High,300,5,297
2025-03-07,Friday,5,14,Sunny,0,Low,300,3,130
2025-12-09,Tuesday,5,22,Sunny,0,Low,300,3,361
2025-12-05,Friday,4,6,Cloudy,0,Medium,350,6,338
2025-11-25,Tuesday,5,11,Cloudy,0,Low,300,3,178
2025-09-10,Wednesday,1,21,Rainy,0,Low,500,9,369
2025-03-07,Friday,3,12,Rainy,0,Low,400,6,253
2025-06-09,Monday,4,19,Rainy,0,High,350,7,456
2025-09-14,Sunday,5,20,Cloudy,0,Medium,300,3,81
2025-05-09,Friday,2,15,Rainy,1,Low,450,5,176
2025-03-03,Monday,5,12,Sunny,0,Low,300,3,150
2025-07-04,Friday,4,5,Rainy,0,Low,350,7,190
2025-08-01,Friday,3,5,Sunny,0,Low,400,8,229
2025-05-21,Wednesday,2,22,Rainy,0,Low,450,9,309
2025-08-26,Tuesday,2,9,Sunny,0,High,450,5,413
2025-06-24,Tuesday,3,5,Rainy,0,Low,400,7,243
2025-11-02,Sunday,2,5,Cloudy,0,Low,450,6,189
2025-12-09,Tuesday,5,11,Rainy,0,Low,300,5,166
2025-08-25,Monday,4,13,Rainy,0,Low,350,5,240
2025-03-31,Monday,5,9,Rainy,0,High,300,3,400
2025-07-05,Saturday,3,7,Cloudy,0,High,400,5,307
2025-08-26,Tuesday,5,20,Cloudy,0,Medium,300,6,130
2025-02-14,Friday,3,12,Cloudy,0,Low,400,8,328
2025-11-12,Wednesday,5,14,Rainy,0,Low,300,4,197
2025-03-01,Saturday,1,20,Rainy,0,Medium,500,9,244
2025-04-30,Wednesday,5,6,Sunny,0,Medium,300,6,308
2025-05-06,Tuesday,5,9,Sunny,0,High,300,5,345
2025-01-13,Monday,2,11,Cloudy,1,Low,450,5,368
2025-06-26,Thursday,3,21,Sunny,0,Low,400,7,199
2025-10-23,Thursday,3,8,Sunny,0,High,400,6,383
2025-02-19,Wednesday,4,8,Rainy,0,High,350,6,406
2025-01-18,Saturday,3,10,Sunny,0,Medium,400,7,139
2025-12-26,Friday,4,21,Rainy,0,Low,350,4,245
2025-03-10,Monday,1,7,Rainy,0,High,500,10,635
2025-11-30,Sunday,2,18,Sunny,0,High,450,8,384
2025-06-12,Thursday,5,15,Sunny,0,Low,300,5,165
2025-10-10,Friday,1,11,Rainy,0,Low,500,7,356
2025-08-23,Saturday,2,14,Sunny,0,Low,450,8,174
2025-05-21,Wednesday,1,12,Cloudy,0,Low,500,7,327
2025-08-09,Saturday,5,6,Sunny,0,Medium,300,5,260
2025-03-30,Sunday,5,21,Rainy,0,Low,300,5,94
2025-09-14,Sunday,3,11,Sunny,0,Low,400,7,143
2025-01-16,Thursday,2,20,Sunny,0,Medium,450,8,235
2025-07-27,Sunday,3,21,Sunny,0,Low,400,5,118
2025-04-05,Saturday,1,17,Cloudy,0,High,500,7,468
2025-04-29,Tuesday,5,19,Cloudy,0,High,300,3,378
2025-09-19,Friday,1,5,Rainy,0,Low,500,10,337
2025-04-08,Tuesday,4,11,Cloudy,0,Low,350,6,175
2025-10-15,Wednesday,1,19,Sunny,0,High,500,10,540
2025-04-13,Sunday,2,21,Rainy,1,Low,450,5,132
2025-08-21,Thursday,3,9,Sunny,0,High,400,7,410
2025-06-04,Wednesday,4,7,Sunny,0,High,350,6,345
2025-07-03,Thursday,5,20,Sunny,0,Medium,300,6,162
2025-09-10,Wednesday,1,11,Sunny,0,Low,500,9,300
2025-02-06,Thursday,4,14,Sunny,0,Low,350,6,209
2025-07-21,Monday,3,9,Rainy,0,High,400,7,598
2025-05-10,Saturday,1,16,Rainy,0,Medium,500,10,471
2025-08-24,Sunday,4,14,Sunny,0,Low,350,7,126
2025-05-02,Friday,3,17,Sunny,0,High,400,6,422
2025-12-31,Wednesday,4,16,Cloudy,0,Medium,350,5,524
2025-07-06,Sunday,4,15,Sunny,0,Low,350,5,109
2025-07-21,Monday,1,17,Rainy,0,High,500,9,577
2025-08-03,Sunday,5,11,Rainy,0,Low,300,3,112
2025-09-08,Monday,2,15,Rainy,0,Low,450,9,281
2025-07-01,Tuesday,3,20,Cloudy,0,Medium,400,6,242
2025-03-11,Tuesday,2,13,Cloudy,0,Low,450,5,272
2025-02-19,Wednesday,2,6,Cloudy,0,Medium,450,9,445
2025-11-05,Wednesday,3,10,Rainy,0,Medium,400,6,254
2025-04-25,Friday,1,5,Rainy,0,Low,500,7,324
2025-12-04,Thursday,2,8,Cloudy,0,High,450,9,616
2025-03-24,Monday,1,21,Rainy,0,Low,500,10,370
2025-04-02,Wednesday,4,13,Rainy,0,Low,350,7,226
2025-11-13,Thursday,5,19,Sunny,0,High,300,5,353
2025-07-10,Thursday,3,13,Sunny,0,Low,400,8,216
2025-11-07,Friday,3,16,Rainy,0,Medium,400,5,460
2025-07-07,Monday,2,20,Sunny,0,Medium,450,6,246
2025-10-03,Friday,2,11,Rainy,0,Low,450,6,294
2025-10-08,Wednesday,1,10,Sunny,0,Medium,500,9,325
2025-08-31,Sunday,2,18,Cloudy,0,High,450,8,411
2025-07-16,Wednesday,4,10,Sunny,1,Medium,350,4,58
2025-03-28,Friday,2,10,Sunny,0,Medium,450,9,273
2025-08-12,Tuesday,3,8,Sunny,0,High,400,5,392
2025-11-23,Sunday,3,9,Rainy,0,High,400,6,353
2025-08-25,Monday,3,18,Cloudy,0,High,400,8,422
2025-06-22,Sunday,5,13,Sunny,1,Low,300,3,20
2025-11-01,Saturday,1,22,Rainy,0,Low,500,8,278
2025-04-18,Friday,5,9,Cloudy,0,High,300,5,349
2025-08-17,Sunday,1,11,Cloudy,0,Low,500,8,240
2025-10-07,Tuesday,3,22,Sunny,1,Low,400,6,118
2025-05-24,Saturday,4,12,Sunny,0,Low,350,6,109
2025-07-06,Sunday,2,7,Sunny,0,High,450,7,323
2025-03-01,Saturday,2,5,Cloudy,1,Low,450,6,200
2025-09-30,Tuesday,3,22,Cloudy,0,Low,400,7,207
2025-02-22,Saturday,5,10,Sunny,0,Medium,300,3,97
2025-06-08,Sunday,2,5,Sunny,0,Low,450,8,157
2025-11-30,Sunday,3,21,Sunny,0,Low,400,8,138
2025-05-09,Friday,3,16,Rainy,0,Medium,400,7,462
2025-07-31,Thursday,1,13,Rainy,0,Low,500,6,315
2025-01-03,Friday,2,15,Sunny,0,Low,450,7,252
2025-10-19,Sunday,2,5,Cloudy,0,Low,450,6,194
2025-08-26,Tuesday,3,16,Sunny,0,Medium,400,7,415
2025-08-16,Saturday,1,10,Sunny,0,Medium,500,9,190
2025-02-01,Saturday,2,10,Rainy,0,Medium,450,7,188
2025-02-08,Saturday,3,11,Rainy,0,Low,400,6,162
2025-04-11,Friday,1,8,Rainy,0,High,500,9,522
2025-03-25,Tuesday,5,7,Cloudy,0,High,300,6,320
2025-08-28,Thursday,4,18,Rainy,0,High,350,7,435
2025-07-15,Tuesday,2,16,Rainy,0,Medium,450,6,524
2025-02-18,Tuesday,4,6,Cloudy,0,Medium,350,5,389
2025-10-09,Thursday,4,11,Sunny,0,Low,350,4,176
2025-04-16,Wednesday,5,22,Cloudy,0,Low,300,5,129
2025-12-02,Tuesday,3,5,Rainy,0,Low,400,7,277
2025-06-16,Monday,5,18,Rainy,0,High,300,5,405
2025-11-29,Saturday,5,18,Rainy,0,High,300,3,321
2025-08-04,Monday,1,8,Cloudy,0,High,500,7,484
2025-04-14,Monday,3,15,Rainy,0,Low,400,8,249
2025-01-30,Thursday,2,13,Cloudy,0,Low,450,5,243
2025-09-15,Monday,4,18,Rainy,0,High,350,5,414
2025-06-30,Monday,1,20,Cloudy,0,Medium,500,7,301
2025-11-24,Monday,1,9,Rainy,1,High,500,6,398
2025-03-20,Thursday,3,10,Sunny,0,Medium,400,6,200
2025-03-19,Wednesday,1,14,Sunny,0,Low,500,10,282
2025-10-21,Tuesday,5,12,Rainy,0,Low,300,3,217
2025-06-05,Thursday,3,5,Sunny,0,Low,400,6,210
2025-01-13,Monday,5,21,Rainy,0,Low,300,5,203
2025-04-05,Saturday,5,14,Rainy,0,Low,300,4,321
2025-01-06,Monday,5,22,Cloudy,0,Low,300,4,144
2025-04-11,Friday,3,18,Cloudy,0,High,400,6,420
2025-01-12,Sunday,5,22,Cloudy,0,Low,300,5,62
2025-11-27,Thursday,4,15,Cloudy,0,Low,350,4,184
2025-02-13,Thursday,2,6,Cloudy,0,Medium,450,7,441
2025-02-21,Friday,4,9,Rainy,0,High,350,5,378
2025-02-13,Thursday,5,11,Rainy,1,Low,300,4,79
2025-11-07,Friday,1,15,Rainy,0,Low,500,9,321
2025-01-19,Sunday,4,12,Cloudy,0,Low,350,5,128
2025-06-13,Friday,2,18,Rainy,0,High,450,7,504
2025-04-08,Tuesday,1,6,Rainy,0,Medium,500,7,506
2025-02-27,Thursday,5,19,Sunny,0,High,300,3,346
2025-10-26,Sunday,5,5,Cloudy,0,Low,300,3,87
2025-07-24,Thursday,3,10,Rainy,0,Medium,400,5,243
2025-10-10,Friday,3,15,Cloudy,0,Low,400,7,193
2025-01-06,Monday,3,5,Cloudy,0,Low,400,5,219
2025-08-06,Wednesday,1,15,Sunny,0,Low,500,10,281
2025-09-01,Monday,2,8,Cloudy,0,High,450,6,430
2025-03-29,Saturday,2,10,Rainy,0,Medium,450,8,234
2025-04-24,Thursday,2,6,Cloudy,0,Medium,450,5,440
2025-02-21,Friday,3,12,Rainy,0,Low,400,7,255
2025-07-18,Friday,2,15,Sunny,0,Low,450,6,228
2025-07-06,Sunday,2,17,Cloudy,0,High,450,8,390
2025-12-06,Saturday,4,20,Sunny,0,Medium,350,4,127
2025-03-29,Saturday,2,7,Cloudy,0,High,450,5,361
2025-02-18,Tuesday,2,17,Rainy,0,High,450,6,484
2025-02-03,Monday,5,13,Cloudy,0,Low,300,4,170
2025-03-13,Thursday,4,8,Rainy,0,High,350,4,427
2025-09-18,Thursday,4,18,Sunny,0,High,350,4,408
2025-06-20,Friday,1,19,Rainy,0,High,500,7,534
2025-08-13,Wednesday,1,22,Sunny,0,Low,500,6,301
2025-10-22,Wednesday,5,16,Sunny,0,Medium,300,6,385
2025-12-21,Sunday,1,14,Sunny,1,Low,500,8,104
2025-05-02,Friday,1,7,Sunny,0,High,500,7,490
2025-01-08,Wednesday,4,10,Cloudy,0,Medium,350,6,209
2025-09-14,Sunday,2,5,Cloudy,0,Low,450,7,370
2025-10-24,Friday,3,11,Rainy,0,Low,400,6,262
2025-04-12,Saturday,1,7,Rainy,0,High,500,10,410
2025-11-10,Monday,4,10,Sunny,0,Medium,350,5,175
2025-10-30,Thursday,3,13,Rainy,0,Low,400,8,268
2025-05-12,Monday,4,5,Sunny,0,Low,350,6,194
2025-12-07,Sunday,5,14,Rainy,0,Low,300,6,92
2025-12-30,Tuesday,1,16,Cloudy,0,Medium,500,6,497
2025-12-08,Monday,4,6,Rainy,0,Medium,350,7,415
2025-05-25,Sunday,4,10,Sunny,0,Medium,350,6,78
2025-10-26,Sunday,5,11,Sunny,0,Low,300,5,88
2025-10-26,Sunday,1,22,Cloudy,0,Low,500,8,210
2025-02-09,Sunday,3,14,Sunny,0,Low,400,8,159
2025-08-26,Tuesday,4,13,Rainy,0,Low,350,5,193
2025-09-17,Wednesday,4,15,Rainy,0,Low,350,6,199
2025-11-18,Tuesday,2,10,Cloudy,0,Medium,450,6,249
2025-12-26,Friday,3,17,Cloudy,0,High,400,5,428
2025-01-03,Friday,5,15,Cloudy,0,Low,300,3,164
2025-02-21,Friday,2,12,Rainy,0,Low,450,8,314
2025-10-18,Saturday,5,17,Cloudy,0,High,300,5,264
2025-12-09,Tuesday,5,11,Sunny,0,Low,300,4,157
2025-12-13,Saturday,4,22,Sunny,0,Low,350,4,87
2025-12-28,Sunday,1,11,Sunny,0,Low,500,9,229
2025-06-17,Tuesday,1,6,Sunny,0,Medium,500,8,496
2025-06-27,Friday,5,14,Rainy,0,Low,300,3,175
2025-09-04,Thursday,2,14,Sunny,0,Low,450,5,240
2025-11-22,Saturday,2,7,Sunny,0,High,450,7,338
2025-05-29,Thursday,3,5,Sunny,0,Low,400,6,239
2025-07-15,Tuesday,2,16,Cloudy,0,Medium,450,7,463
2025-01-02,Thursday,2,20,Cloudy,0,Medium,450,9,266
2025-07-22,Tuesday,5,5,Rainy,0,Low,300,4,216
2025-11-07,Friday,2,10,Cloudy,0,Medium,450,6,259
2025-01-07,Tuesday,1,10,Sunny,0,Medium,500,6,287
2025-04-23,Wednesday,4,9,Rainy,0,High,350,7,542
2025-11-04,Tuesday,4,13,Rainy,1,Low,350,7,131
2025-09-11,Thursday,5,7,Sunny,0,High,300,3,336
2025-02-04,Tuesday,4,7,Cloudy,0,High,350,6,386
2025-12-06,Saturday,4,20,Rainy,1,Medium,350,4,65
2025-09-07,Sunday,2,10,Cloudy,0,Medium,450,9,151
2025-01-10,Friday,2,18,Rainy,0,High,450,5,540
2025-06-30,Monday,1,5,Rainy,0,Low,500,6,355
2025-10-08,Wednesday,4,20,Rainy,0,Medium,350,4,203
2025-07-25,Friday,5,6,Sunny,0,Medium,300,6,306
2025-12-25,Thursday,3,22,Rainy,0,Low,400,8,274
2025-11-13,Thursday,1,19,Sunny,0,High,500,7,762
2025-07-13,Sunday,1,12,Rainy,0,Low,500,6,267
2025-09-22,Monday,1,13,Sunny,0,Low,500,9,283
2025-07-01,Tuesday,2,7,Cloudy,0,High,450,6,456
2025-03-11,Tuesday,2,15,Rainy,0,Low,450,5,318
2025-02-11,Tuesday,3,18,Cloudy,0,High,400,7,416
2025-03-23,Sunday,3,16,Rainy,0,Medium,400,7,384
2025-03-25,Tuesday,3,20,Sunny,1,Medium,400,6,343
2025-06-16,Monday,4,21,Rainy,0,Low,350,4,226
2025-02-24,Monday,3,5,Cloudy,0,Low,400,7,215
2025-02-09,Sunday,1,12,Sunny,0,Low,500,9,231
2025-05-16,Friday,3,18,Cloudy,0,High,400,5,439
2025-04-28,Monday,1,22,Cloudy,0,Low,500,9,314
2025-08-12,Tuesday,3,10,Rainy,0,Medium,400,7,242
2025-09-13,Saturday,3,17,Sunny,0,High,400,6,349
2025-09-08,Monday,1,10,Sunny,0,Medium,500,6,297
2025-12-02,Tuesday,4,20,Cloudy,0,Medium,350,5,178
2025-11-11,Tuesday,1,8,Sunny,0,High,500,7,477
2025-06-23,Monday,5,9,Sunny,0,High,300,5,327
2025-06-05,Thursday,2,7,Cloudy,0,High,450,7,411
2025-04-05,Saturday,5,11,Cloudy,0,Low,300,6,56
2025-10-02,Thursday,1,13,Cloudy,0,Low,500,6,307
2025-12-30,Tuesday,3,16,Sunny,1,Medium,400,7,369
2025-05-11,Sunday,1,5,Rainy,0,Low,500,6,287
2025-08-07,Thursday,3,12,Rainy,0,Low,400,7,279
2025-04-28,Monday,4,7,Cloudy,0,High,350,6,380
2025-12-29,Monday,2,15,Rainy,0,Low,450,5,296
2025-06-16,Monday,2,15,Sunny,0,Low,450,8,221
2025-11-11,Tuesday,5,8,Rainy,0,High,300,3,394
2025-08-21,Thursday,4,8,Cloudy,0,High,350,7,365
2025-12-08,Monday,2,20,Cloudy,0,Medium,450,5,277
2025-03-11,Tuesday,4,13,Cloudy,0,Low,350,4,150
2025-07-22,Tuesday,5,6,Cloudy,0,Medium,300,4,317
2025-11-06,Thursday,3,19,Rainy,0,High,400,6,493
2025-09-30,Tuesday,4,15,Cloudy,0,Low,350,7,200
2025-11-18,Tuesday,4,14,Sunny,0,Low,350,7,189
2025-07-25,Friday,1,19,Sunny,0,High,500,7,514
2025-05-01,Thursday,3,18,Rainy,0,High,400,8,476
2025-08-31,Sunday,1,6,Cloudy,0,Medium,500,6,418
2025-01-17,Friday,1,13,Cloudy,0,Low,500,8,316
2025-07-15,Tuesday,4,13,Sunny,0,Low,350,5,197
2025-06-27,Friday,4,12,Sunny,0,Low,350,5,159
2025-11-13,Thursday,3,8,Rainy,0,High,400,7,433
2025-01-07,Tuesday,4,13,Sunny,0,Low,350,6,186
2025-11-26,Wednesday,1,14,Cloudy,1,Low,500,6,219
2025-03-09,Sunday,3,16,Rainy,0,Medium,400,7,405
2025-09-24,Wednesday,1,16,Rainy,0,Medium,500,9,560
2025-08-11,Monday,4,7,Cloudy,0,High,350,4,370
2025-09-09,Tuesday,5,15,Sunny,0,Low,300,3,152
2025-04-05,Saturday,2,9,Rainy,0,High,450,6,382
2025-08-24,Sunday,5,13,Sunny,0,Low,300,6,54
2025-03-10,Monday,5,20,Rainy,0,Medium,300,4,218
2025-12-31,Wednesday,3,17,Cloudy,0,High,400,5,424
2025-09-23,Tuesday,5,21,Rainy,0,Low,300,5,214
2025-01-08,Wednesday,1,9,Cloudy,0,High,500,10,491
2025-08-24,Sunday,5,15,Rainy,0,Low,300,3,84
2025-03-30,Sunday,4,7,Sunny,0,High,350,4,283
2025-08-07,Thursday,5,17,Rainy,0,High,300,4,434
2025-07-17,Thursday,5,7,Sunny,0,High,300,5,332
2025-11-27,Thursday,5,7,Sunny,0,High,300,6,302
2025-08-01,Friday,3,11,Sunny,0,Low,400,8,199
2025-11-27,Thursday,4,21,Cloudy,0,Low,350,6,159
2025-07-03,Thursday,5,7,Sunny,0,High,300,6,353
2025-05-25,Sunday,2,14,Cloudy,0,Low,450,9,147
2025-07-14,Monday,5,13,Rainy,0,Low,300,3,202
2025-05-27,Tuesday,2,13,Rainy,0,Low,450,8,276
2025-04-28,Monday,2,10,Sunny,0,Medium,450,6,271
2025-07-31,Thursday,1,11,Cloudy,0,Low,500,6,284
2025-03-20,Thursday,1,10,Rainy,0,Medium,500,10,570
2025-08-12,Tuesday,2,9,Rainy,0,High,450,8,472
2025-12-24,Wednesday,2,12,Cloudy,0,Low,450,9,448
2025-06-19,Thursday,5,7,Rainy,0,High,300,4,398
2025-02-09,Sunday,4,17,Sunny,0,High,350,5,305
2025-08-26,Tuesday,3,21,Cloudy,0,Low,400,6,228
2025-11-16,Sunday,3,15,Cloudy,0,Low,400,8,123
2025-11-13,Thursday,1,18,Cloudy,0,High,500,7,495
2025-05-15,Thursday,5,15,Cloudy,0,Low,300,4,162
2025-01-28,Tuesday,1,10,Sunny,0,Medium,500,7,288
2025-06-14,Saturday,4,13,Cloudy,0,Low,350,5,92
2025-04-04,Friday,3,6,Sunny,0,Medium,400,5,403
2025-02-08,Saturday,5,6,Sunny,0,Medium,300,4,253
2025-03-18,Tuesday,1,21,Cloudy,0,Low,500,8,329
2025-02-13,Thursday,5,17,Rainy,0,High,300,3,439
2025-11-14,Friday,5,10,Sunny,0,Medium,300,3,180
2025-11-08,Saturday,3,12,Rainy,0,Low,400,8,195
2025-06-07,Saturday,3,18,Rainy,0,High,400,6,411
2025-09-14,Sunday,3,14,Cloudy,0,Low,400,5,158
2025-07-22,Tuesday,2,20,Rainy,0,Medium,450,9,294
2025-09-01,Monday,3,5,Sunny,0,Low,400,7,212
2025-01-02,Thursday,3,12,Sunny,0,Low,400,5,206
2025-05-16,Friday,5,7,Cloudy,0,High,300,6,331
2025-08-25,Monday,5,12,Rainy,0,Low,300,4,189
2025-11-12,Wednesday,4,21,Sunny,0,Low,350,5,165
2025-01-14,Tuesday,3,21,Rainy,0,Low,400,6,237
2025-01-26,Sunday,1,7,Rainy,0,High,500,6,428
2025-03-06,Thursday,2,15,Rainy,0,Low,450,5,286
2025-04-15,Tuesday,3,19,Rainy,0,High,400,8,510
2025-08-29,Friday,2,8,Rainy,0,High,450,7,487
2025-11-27,Thursday,3,12,Cloudy,0,Low,400,7,220
2025-11-16,Sunday,1,9,Rainy,0,High,500,8,427
2025-07-28,Monday,1,6,Sunny,1,Medium,500,7,396
2025-07-25,Friday,3,8,Rainy,0,High,400,5,458
2025-06-05,Thursday,3,22,Rainy,0,Low,400,7,235
2025-11-08,Saturday,1,19,Rainy,0,High,500,7,468
2025-04-10,Thursday,3,18,Sunny,0,High,400,5,437
2025-06-07,Saturday,5,12,Rainy,1,Low,300,6,20
2025-04-13,Sunday,2,8,Cloudy,0,High,450,5,371
2025-05-24,Saturday,2,22,Rainy,0,Low,450,8,221
2025-01-01,Wednesday,2,14,Rainy,0,Low,450,9,302
2025-10-06,Monday,3,5,Cloudy,0,Low,400,8,196
2025-10-28,Tuesday,1,17,Rainy,0,High,500,7,566
2025-06-05,Thursday,2,7,Cloudy,0,High,450,6,423
2025-02-25,Tuesday,4,10,Cloudy,0,Medium,350,7,204
2025-01-09,Thursday,4,10,Sunny,0,Medium,350,5,152
2025-10-13,Monday,2,17,Rainy,0,High,450,7,504
2025-05-23,Friday,4,21,Sunny,0,Low,350,7,158
2025-01-02,Thursday,1,11,Rainy,0,Low,500,9,332
2025-01-13,Monday,3,14,Sunny,0,Low,400,7,240
2025-02-23,Sunday,4,9,Cloudy,0,High,350,4,260
2025-09-12,Friday,5,21,Rainy,0,Low,300,6,182
2025-09-12,Friday,5,5,Rainy,0,Low,300,5,213
2025-10-29,Wednesday,5,12,Cloudy,0,Low,300,3,164
2025-01-11,Saturday,1,14,Rainy,0,Low,500,6,232
2025-08-08,Friday,3,6,Sunny,0,Medium,400,8,417
2025-06-16,Monday,5,21,Rainy,0,Low,300,3,180
2025-05-31,Saturday,3,10,Rainy,0,Medium,400,6,156
2025-10-11,Saturday,5,12,Sunny,0,Low,300,4,49
2025-02-10,Monday,2,15,Sunny,0,Low,450,6,276
2025-04-10,Thursday,2,11,Cloudy,0,Low,450,8,232
2025-01-11,Saturday,2,13,Cloudy,0,Low,450,5,150
2025-02-11,Tuesday,3,18,Cloudy,0,High,400,5,432
2025-08-27,Wednesday,1,20,Rainy,0,Medium,500,6,348
2025-01-16,Thursday,4,22,Sunny,0,Low,350,7,163
2025-03-21,Friday,3,21,Cloudy,0,Low,400,8,221
2025-12-13,Saturday,1,10,Rainy,0,Medium,500,8,273
2025-10-16,Thursday,2,18,Cloudy,0,High,450,7,492
2025-11-21,Friday,1,5,Sunny,0,Low,500,8,319
2025-09-17,Wednesday,5,15,Rainy,0,Low,300,4,170
2025-06-09,Monday,2,14,Rainy,0,Low,450,6,284
2025-03-17,Monday,3,18,Sunny,0,High,400,8,464
2025-02-07,Friday,5,11,Sunny,0,Low,300,6,163
2025-05-30,Friday,2,6,Sunny,0,Medium,450,8,446
2025-01-04,Saturday,2,16,Rainy,0,Medium,450,6,447
2025-01-30,Thursday,4,16,Rainy,0,Medium,350,7,427
2025-04-20,Sunday,2,9,Rainy,0,High,450,6,412
2025-04-22,Tuesday,4,11,Sunny,0,Low,350,6,168
2025-09-06,Saturday,1,19,Sunny,0,High,500,9,429
2025-12-22,Monday,5,19,Sunny,0,High,300,6,384
2025-05-15,Thursday,5,10,Cloudy,0,Medium,300,6,158
2025-09-18,Thursday,5,17,Rainy,0,High,300,4,431
2025-12-21,Sunday,4,21,Sunny,0,Low,350,6,129
2025-01-30,Thursday,5,11,Cloudy,0,Low,300,4,140
2025-04-27,Sunday,1,18,Sunny,0,High,500,6,439
2025-08-18,Monday,5,11,Sunny,0,Low,300,4,153
2025-05-27,Tuesday,3,21,Rainy,0,Low,400,8,231
2025-10-27,Monday,4,10,Cloudy,0,Medium,350,5,190
2025-01-21,Tuesday,3,10,Rainy,0,Medium,400,5,266
2025-08-09,Saturday,1,17,Rainy,0,High,500,6,473
2025-07-28,Monday,4,10,Cloudy,0,Medium,350,5,189
2025-05-23,Friday,1,6,Sunny,0,Medium,500,7,479
2025-08-18,Monday,1,8,Rainy,0,High,500,6,526
2025-09-18,Thursday,3,22,Sunny,0,Low,400,6,246
2025-08-31,Sunday,5,21,Sunny,0,Low,300,6,89
2025-05-06,Tuesday,3,16,Cloudy,0,Medium,400,5,429
2025-08-11,Monday,1,12,Sunny,0,Low,500,7,300
2025-04-13,Sunday,4,15,Rainy,0,Low,350,7,126
2025-11-05,Wednesday,5,6,Cloudy,0,Medium,300,5,303
2025-04-24,Thursday,2,5,Cloudy,0,Low,450,7,244
2025-04-25,Friday,4,13,Sunny,1,Low,350,6,82
2025-12-04,Thursday,5,18,Sunny,0,High,300,6,376
2025-10-13,Monday,5,20,Rainy,0,Medium,300,3,218
2025-04-16,Wednesday,2,10,Rainy,0,Medium,450,8,289
2025-10-10,Friday,5,19,Cloudy,0,High,300,4,394
2025-12-08,Monday,1,10,Sunny,0,Medium,500,7,328
2025-10-28,Tuesday,4,19,Rainy,0,High,350,5,428
2025-10-10,Friday,3,18,Rainy,0,High,400,6,494
2025-02-15,Saturday,4,18,Rainy,0,High,350,7,384
2025-09-02,Tuesday,3,22,Cloudy,0,Low,400,8,232
2025-04-07,Monday,4,21,Rainy,0,Low,350,5,238
2025-05-27,Tuesday,5,8,Rainy,0,High,300,4,350
2025-10-05,Sunday,1,18,Sunny,0,High,500,8,426
2025-01-20,Monday,1,15,Rainy,0,Low,500,8,323
2025-11-11,Tuesday,2,10,Cloudy,0,Medium,450,8,255
2025-09-15,Monday,3,8,Cloudy,0,High,400,8,382
2025-09-27,Saturday,5,11,Cloudy,0,Low,300,3,60
2025-09-21,Sunday,4,14,Sunny,0,Low,350,7,87
2025-07-07,Monday,1,15,Sunny,0,Low,500,9,328
2025-03-07,Friday,5,17,Rainy,0,High,300,6,399
2025-09-14,Sunday,3,8,Sunny,0,High,400,5,322
2025-09-05,Friday,4,5,Cloudy,0,Low,350,4,193
2025-06-23,Monday,5,20,Rainy,0,Medium,300,3,174
2025-05-01,Thursday,3,15,Rainy,0,Low,400,5,243
2025-10-22,Wednesday,5,15,Sunny,0,Low,300,4,147
2025-05-01,Thursday,5,11,Cloudy,0,Low,300,5,142
2025-04-15,Tuesday,5,5,Rainy,0,Low,300,4,179
2025-02-27,Thursday,4,14,Rainy,0,Low,350,4,190
2025-01-24,Friday,3,8,Rainy,0,High,400,6,433
2025-03-16,Sunday,3,14,Cloudy,0,Low,400,6,125
2025-07-08,Tuesday,1,17,Cloudy,0,High,500,8,527
2025-01-20,Monday,4,21,Cloudy,0,Low,350,5,171
2025-05-30,Friday,4,18,Sunny,0,High,350,7,370
2025-02-10,Monday,4,20,Sunny,0,Medium,350,4,200
2025-03-20,Thursday,2,20,Cloudy,0,Medium,450,8,228
2025-03-26,Wednesday,2,19,Sunny,0,High,450,7,449
2025-01-21,Tuesday,3,12,Sunny,0,Low,400,5,235
2025-05-06,Tuesday,2,15,Cloudy,0,Low,450,7,222
2025-08-19,Tuesday,1,12,Sunny,0,Low,500,10,306
2025-06-12,Thursday,3,16,Cloudy,0,Medium,400,5,458
2025-08-31,Sunday,5,11,Rainy,0,Low,300,5,124
2025-11-06,Thursday,2,14,Sunny,0,Low,450,7,224
2025-09-09,Tuesday,2,7,Rainy,0,High,450,5,483
2025-10-02,Thursday,2,19,Cloudy,0,High,450,7,474
2025-04-07,Monday,5,12,Cloudy,0,Low,300,4,140
2025-08-06,Wednesday,4,21,Rainy,0,Low,350,7,199
2025-02-01,Saturday,1,15,Rainy,0,Low,500,7,265
2025-04-04,Friday,4,14,Cloudy,0,Low,350,5,164
2025-11-14,Friday,5,5,Cloudy,0,Low,300,6,176
2025-12-28,Sunday,4,16,Rainy,0,Medium,350,7,390
2025-12-04,Thursday,3,17,Sunny,0,High,400,8,441
2025-10-01,Wednesday,5,12,Sunny,0,Low,300,4,131
2025-07-05,Saturday,3,21,Sunny,0,Low,400,7,131
2025-08-07,Thursday,1,13,Sunny,0,Low,500,6,282
2025-12-04,Thursday,5,15,Cloudy,0,Low,300,6,128
2025-09-24,Wednesday,3,19,Cloudy,0,High,400,8,660
2025-05-11,Sunday,3,19,Cloudy,0,High,400,8,338
2025-08-07,Thursday,5,6,Sunny,1,Medium,300,5,250
2025-02-11,Tuesday,2,19,Cloudy,0,High,450,7,454
2025-04-10,Thursday,3,16,Sunny,1,Medium,400,7,333
2025-10-25,Saturday,1,12,Sunny,0,Low,500,10,206
2025-02-01,Saturday,4,15,Rainy,0,Low,350,7,138
2025-05-05,Monday,5,20,Sunny,0,Medium,300,5,135
2025-11-06,Thursday,1,14,Sunny,0,Low,500,6,327
2025-08-27,Wednesday,1,15,Rainy,0,Low,500,10,316
2025-04-29,Tuesday,1,13,Rainy,0,Low,500,9,333
2025-09-05,Friday,2,8,Rainy,0,High,450,9,620
2025-11-15,Saturday,5,15,Rainy,0,Low,300,4,106
2025-04-13,Sunday,3,6,Rainy,0,Medium,400,6,352
2025-04-20,Sunday,3,5,Rainy,0,Low,400,8,191
2025-03-26,Wednesday,2,20,Rainy,0,Medium,450,8,261
2025-11-22,Saturday,3,19,Rainy,0,High,400,6,393
2025-10-03,Friday,1,16,Rainy,0,Medium,500,7,578
2025-09-19,Friday,1,18,Cloudy,0,High,500,6,548
2025-04-28,Monday,2,5,Rainy,0,Low,450,9,298
2025-09-03,Wednesday,1,22,Cloudy,0,Low,500,10,312
2025-12-02,Tuesday,5,8,Sunny,0,High,300,4,312
2025-04-09,Wednesday,2,10,Rainy,0,Medium,450,9,271
2025-05-15,Thursday,2,10,Rainy,0,Medium,450,5,284
2025-06-29,Sunday,5,21,Rainy,0,Low,300,3,86
2025-09-22,Monday,4,20,Cloudy,0,Medium,350,5,188
2025-09-20,Saturday,3,21,Cloudy,0,Low,400,5,164
2025-01-22,Wednesday,5,7,Sunny,0,High,300,3,533
2025-03-18,Tuesday,4,10,Cloudy,0,Medium,350,6,194
2025-06-20,Friday,4,15,Cloudy,1,Low,350,5,67
2025-01-16,Thursday,3,10,Cloudy,0,Medium,400,5,394
2025-06-25,Wednesday,3,22,Sunny,0,Low,400,6,216
2025-05-04,Sunday,2,20,Sunny,0,Medium,450,7,180
2025-04-09,Wednesday,3,16,Rainy,0,Medium,400,8,461
2025-03-08,Saturday,5,19,Sunny,0,High,300,4,262
2025-06-08,Sunday,2,14,Rainy,0,Low,450,5,232
2025-03-30,Sunday,3,18,Cloudy,0,High,400,5,379
2025-11-13,Thursday,4,5,Cloudy,0,Low,350,5,165
2025-08-01,Friday,2,17,Cloudy,0,High,450,6,482
2025-11-15,Saturday,4,13,Sunny,0,Low,350,4,95
2025-01-24,Friday,4,18,Cloudy,0,High,350,7,417
2025-08-03,Sunday,4,9,Sunny,0,High,350,5,294
2025-02-01,Saturday,3,17,Rainy,0,High,400,8,390
2025-08-04,Monday,4,8,Cloudy,0,High,350,5,330
2025-02-19,Wednesday,4,18,Rainy,0,High,350,7,436
2025-05-14,Wednesday,2,13,Rainy,0,Low,450,9,297
2025-11-30,Sunday,3,20,Rainy,0,Medium,400,6,166
2025-05-29,Thursday,1,13,Rainy,0,Low,500,6,366
2025-06-16,Monday,4,19,Rainy,0,High,350,4,442
2025-01-17,Friday,5,5,Rainy,0,Low,300,3,191
2025-12-12,Friday,5,22,Sunny,0,Low,300,5,265
2025-02-12,Wednesday,5,21,Sunny,0,Low,300,3,128
2025-09-18,Thursday,5,22,Sunny,0,Low,300,4,126
2025-12-23,Tuesday,1,10,Rainy,0,Medium,500,6,315
2025-10-17,Friday,3,18,Rainy,0,High,400,7,510
2025-07-02,Wednesday,1,22,Sunny,0,Low,500,10,280
2025-09-09,Tuesday,5,13,Rainy,0,Low,300,3,193
2025-05-16,Friday,1,8,Cloudy,0,High,500,8,467
2025-11-04,Tuesday,2,10,Sunny,0,Medium,450,5,265
2025-05-20,Tuesday,4,7,Rainy,0,High,350,6,413
2025-03-29,Saturday,4,14,Cloudy,0,Low,350,4,80
2025-04-26,Saturday,4,5,Sunny,0,Low,350,7,117
2025-07-29,Tuesday,5,7,Rainy,0,High,300,6,346
2025-01-13,Monday,5,21,Cloudy,0,Low,300,5,123
2025-06-04,Wednesday,4,13,Sunny,0,Low,350,5,174
2025-08-14,Thursday,2,14,Sunny,0,Low,450,6,373
2025-01-06,Monday,5,7,Sunny,1,High,300,6,253
2025-02-22,Saturday,2,22,Cloudy,0,Low,450,9,144
2025-01-23,Thursday,4,13,Sunny,0,Low,350,7,152
2025-07-06,Sunday,5,14,Cloudy,0,Low,300,5,98
2025-09-07,Sunday,3,16,Cloudy,0,Medium,400,6,375
2025-05-13,Tuesday,1,5,Sunny,0,Low,500,6,274
2025-03-25,Tuesday,2,18,Cloudy,0,High,450,8,452
2025-09-03,Wednesday,1,11,Cloudy,0,Low,500,6,283
2025-03-27,Thursday,2,11,Sunny,0,Low,450,5,226
2025-05-11,Sunday,4,9,Cloudy,0,High,350,4,262
2025-05-11,Sunday,5,21,Rainy,0,Low,300,5,138
2025-11-16,Sunday,3,9,Sunny,0,High,400,6,328
2025-04-25,Friday,3,12,Cloudy,0,Low,400,7,212
2025-09-30,Tuesday,4,10,Rainy,0,Medium,350,4,192
2025-03-15,Saturday,1,20,Rainy,0,Medium,500,7,254
2025-01-21,Tuesday,1,18,Rainy,1,High,500,8,465
2025-06-14,Saturday,3,10,Sunny,0,Medium,400,5,143
2025-11-14,Friday,5,8,Sunny,0,High,300,5,330
2025-08-27,Wednesday,4,16,Sunny,0,Medium,350,7,396
2025-11-17,Monday,5,13,Cloudy,0,Low,300,3,163
2025-10-24,Friday,1,18,Sunny,0,High,500,9,516
2025-07-19,Saturday,2,21,Cloudy,0,Low,450,7,165
2025-07-05,Saturday,2,7,Sunny,0,High,450,6,330
2025-05-09,Friday,3,11,Rainy,0,Low,400,8,277
2025-06-10,Tuesday,3,15,Rainy,1,Low,400,7,173
2025-10-13,Monday,3,20,Sunny,1,Medium,400,5,135
2025-11-02,Sunday,1,22,Rainy,0,Low,500,7,285
2025-11-04,Tuesday,3,7,Rainy,0,High,400,7,421
2025-09-22,Monday,3,16,Cloudy,0,Medium,400,5,438
2025-01-01,Wednesday,1,9,Rainy,0,High,500,7,548
2025-02-23,Sunday,1,7,Sunny,0,High,500,8,394
2025-08-19,Tuesday,5,15,Cloudy,0,Low,300,3,172
2025-01-20,Monday,4,22,Rainy,0,Low,350,7,212
2025-11-04,Tuesday,2,11,Cloudy,0,Low,450,5,226
2025-09-19,Friday,2,11,Sunny,0,Low,450,9,245
2025-12-31,Wednesday,3,9,Cloudy,1,High,400,7,282
2025-06-15,Sunday,2,13,Rainy,0,Low,450,6,223
2025-04-10,Thursday,2,17,Cloudy,0,High,450,6,498
2025-12-30,Tuesday,2,8,Sunny,0,High,450,9,444
2025-06-17,Tuesday,5,8,Rainy,1,High,300,4,267
2025-01-23,Thursday,2,15,Sunny,0,Low,450,8,239
2025-11-13,Thursday,2,10,Cloudy,0,Medium,450,9,277
2025-08-17,Sunday,1,18,Cloudy,0,High,500,6,447
2025-08-24,Sunday,2,14,Rainy,0,Low,450,6,210
2025-02-04,Tuesday,2,14,Sunny,0,Low,450,7,266
2025-08-30,Saturday,1,11,Cloudy,0,Low,500,9,245
2025-01-23,Thursday,4,20,Rainy,0,Medium,350,7,194
2025-01-21,Tuesday,5,9,Cloudy,0,High,300,3,326
2025-10-18,Saturday,3,7,Sunny,0,High,400,7,338
2025-09-26,Friday,5,14,Rainy,0,Low,300,3,217
2025-05-22,Thursday,3,20,Cloudy,0,Medium,400,7,234
2025-04-25,Friday,4,16,Rainy,0,Medium,350,4,446
2025-01-10,Friday,2,18,Rainy,0,High,450,5,537
2025-07-17,Thursday,5,17,Sunny,0,High,300,3,387
2025-03-15,Saturday,4,10,Rainy,0,Medium,350,6,123
2025-02-07,Friday,4,17,Cloudy,0,High,350,6,391
2025-04-22,Tuesday,2,17,Rainy,0,High,450,5,481
2025-09-25,Thursday,5,6,Rainy,0,Medium,300,6,381
2025-12-17,Wednesday,5,17,Cloudy,0,High,300,4,376
2025-11-28,Friday,1,11,Cloudy,0,Low,500,10,297
2025-08-15,Friday,2,17,Cloudy,0,High,450,6,447
2025-08-03,Sunday,1,8,Cloudy,0,High,500,6,376
2025-07-01,Tuesday,5,16,Cloudy,0,Medium,300,6,370
2025-02-04,Tuesday,3,6,Rainy,0,Medium,400,6,452
2025-02-22,Saturday,3,12,Rainy,0,Low,400,8,208
2025-12-09,Tuesday,5,14,Cloudy,0,Low,300,4,158
2025-04-05,Saturday,4,11,Cloudy,0,Low,350,4,111
2025-02-21,Friday,4,17,Rainy,0,High,350,7,468
2025-06-16,Monday,5,21,Cloudy,0,Low,300,5,141
2025-03-23,Sunday,2,19,Sunny,0,High,450,5,387
2025-07-18,Friday,2,21,Rainy,0,Low,450,9,273
2025-07-21,Monday,5,6,Rainy,0,Medium,300,3,365
2025-04-26,Saturday,3,9,Rainy,0,High,400,7,350
2025-03-08,Saturday,3,9,Rainy,0,High,400,8,384
2025-08-13,Wednesday,2,20,Rainy,0,Medium,450,7,292
2025-06-25,Wednesday,1,17,Rainy,0,High,500,10,538
2025-01-05,Sunday,3,11,Rainy,0,Low,400,5,314
2025-04-05,Saturday,2,20,Rainy,0,Medium,450,8,210
2025-11-11,Tuesday,3,16,Sunny,0,Medium,400,7,449
2025-06-06,Friday,3,10,Cloudy,0,Medium,400,7,216
2025-06-29,Sunday,3,8,Cloudy,0,High,400,8,338
2025-06-27,Friday,4,11,Cloudy,0,Low,350,4,166
2025-09-14,Sunday,2,15,Sunny,0,Low,450,7,163
2025-07-03,Thursday,2,10,Cloudy,0,Medium,450,9,235
2025-08-18,Monday,5,14,Cloudy,0,Low,300,3,146
2025-10-23,Thursday,1,8,Rainy,0,High,500,7,522
2025-10-10,Friday,4,7,Rainy,0,High,350,4,411
2025-02-28,Friday,5,20,Rainy,0,Medium,300,5,162
2025-10-13,Monday,5,12,Cloudy,0,Low,300,6,160
2025-11-20,Thursday,2,11,Cloudy,0,Low,450,7,234
2025-10-05,Sunday,2,8,Rainy,0,High,450,5,389
2025-02-02,Sunday,3,11,Rainy,0,Low,400,7,161
2025-02-28,Friday,5,11,Sunny,1,Low,300,6,52
2025-01-03,Friday,3,14,Rainy,0,Low,400,6,274
2025-03-01,Saturday,1,6,Sunny,0,Medium,500,7,530
2025-07-31,Thursday,3,14,Rainy,0,Low,400,8,233
2025-11-07,Friday,3,5,Rainy,0,Low,400,5,244
2025-04-29,Tuesday,1,10,Sunny,0,Medium,500,8,324
2025-12-14,Sunday,2,20,Cloudy,0,Medium,450,9,170
2025-02-10,Monday,5,9,Sunny,0,High,300,6,322
2025-07-21,Monday,1,20,Cloudy,0,Medium,500,10,282
2025-08-10,Sunday,2,10,Rainy,0,Medium,450,5,180
2025-01-12,Sunday,2,18,Cloudy,0,High,450,8,588
2025-03-31,Monday,1,5,Cloudy,0,Low,500,7,283
2025-06-02,Monday,2,8,Rainy,0,High,450,8,492
2025-12-04,Thursday,3,6,Rainy,0,Medium,400,7,449
2025-05-27,Tuesday,2,12,Sunny,0,Low,450,7,280
2025-09-15,Monday,5,20,Sunny,1,Medium,300,4,50
2025-08-19,Tuesday,5,22,Rainy,0,Low,300,5,173
2025-07-03,Thursday,4,18,Cloudy,0,High,350,6,385
2025-09-29,Monday,2,19,Rainy,0,High,450,9,498
2025-12-14,Sunday,5,20,Cloudy,0,Medium,300,5,57
2025-01-09,Thursday,5,8,Cloudy,0,High,300,3,338
2025-05-07,Wednesday,5,6,Cloudy,0,Medium,300,4,348
2025-11-30,Sunday,4,8,Rainy,0,High,350,6,309
2025-03-26,Wednesday,1,15,Cloudy,0,Low,500,10,274
2025-04-24,Thursday,1,5,Sunny,0,Low,500,9,302
2025-04-24,Thursday,1,22,Cloudy,0,Low,500,7,276
2025-06-30,Monday,2,14,Sunny,0,Low,450,9,238
2025-12-04,Thursday,3,20,Rainy,0,Medium,400,7,252
2025-05-19,Monday,5,20,Sunny,0,Medium,300,3,142
2025-08-23,Saturday,2,5,Rainy,0,Low,450,7,210
2025-04-25,Friday,1,20,Cloudy,0,Medium,500,7,304
2025-11-15,Saturday,2,19,Sunny,0,High,450,5,406
2025-03-07,Friday,2,21,Sunny,0,Low,450,8,246
2025-04-13,Sunday,5,14,Sunny,0,Low,300,5,73
2025-09-09,Tuesday,5,8,Cloudy,0,High,300,5,358
2025-07-22,Tuesday,3,9,Cloudy,0,High,400,5,403
2025-12-12,Friday,3,16,Cloudy,0,Medium,400,7,549
2025-02-23,Sunday,5,13,Sunny,0,Low,300,5,47
2025-08-03,Sunday,2,10,Sunny,0,Medium,450,5,189
2025-01-13,Monday,3,12,Cloudy,0,Low,400,6,211
2025-05-09,Friday,1,14,Rainy,0,Low,500,10,335
2025-09-26,Friday,5,22,Rainy,0,Low,300,4,211
2025-11-10,Monday,2,15,Sunny,1,Low,450,5,254
2025-07-08,Tuesday,3,21,Sunny,0,Low,400,5,236
2025-08-20,Wednesday,5,10,Sunny,0,Medium,300,5,313
2025-11-14,Friday,5,9,Rainy,0,High,300,5,356
2025-10-30,Thursday,3,17,Rainy,1,High,400,8,378
2025-09-06,Saturday,4,19,Rainy,0,High,350,7,347
2025-11-11,Tuesday,1,21,Sunny,1,Low,500,10,311
2025-04-21,Monday,1,8,Cloudy,0,High,500,7,488
2025-04-09,Wednesday,2,18,Sunny,0,High,450,9,468
2025-06-10,Tuesday,4,14,Rainy,0,Low,350,4,354
2025-11-02,Sunday,2,19,Cloudy,0,High,450,5,413
2025-08-13,Wednesday,3,20,Cloudy,0,Medium,400,6,249
2025-03-03,Monday,2,22,Rainy,0,Low,450,6,295
2025-08-29,Friday,3,15,Cloudy,0,Low,400,5,227
2025-06-29,Sunday,1,19,Rainy,0,High,500,10,505
2025-05-10,Saturday,3,14,Sunny,0,Low,400,5,148
2025-09-23,Tuesday,3,21,Sunny,0,Low,400,5,219
2025-12-28,Sunday,5,5,Cloudy,0,Low,300,6,53
2025-05-23,Friday,3,14,Cloudy,0,Low,400,6,215
2025-08-02,Saturday,2,18,Cloudy,0,High,450,9,381
2025-09-21,Sunday,3,10,Cloudy,0,Medium,400,6,128
2025-02-12,Wednesday,2,19,Sunny,0,High,450,6,477
2025-02-03,Monday,2,10,Cloudy,0,Medium,450,8,247
2025-04-24,Thursday,4,21,Sunny,0,Low,350,7,190
2025-03-17,Monday,3,22,Rainy,0,Low,400,7,230
2025-10-22,Wednesday,4,9,Sunny,0,High,350,5,354
2025-01-17,Friday,5,11,Cloudy,0,Low,300,3,178
2025-08-17,Sunday,4,19,Sunny,0,High,350,4,300
2025-07-12,Saturday,1,20,Rainy,0,Medium,500,8,242
2025-05-06,Tuesday,4,16,Sunny,0,Medium,350,7,399
2025-02-24,Monday,2,16,Cloudy,0,Medium,450,8,497
2025-12-06,Saturday,4,21,Cloudy,0,Low,350,4,112
2025-01-23,Thursday,2,16,Sunny,0,Medium,450,5,471
2025-02-03,Monday,5,19,Rainy,0,High,300,3,402
2025-06-22,Sunday,2,18,Rainy,0,High,450,5,441
2025-10-02,Thursday,5,9,Cloudy,0,High,300,4,336
2025-11-24,Monday,1,14,Sunny,0,Low,500,6,280
2025-12-26,Friday,1,21,Rainy,0,Low,500,9,342
2025-04-21,Monday,5,18,Sunny,0,High,300,5,378
2025-10-31,Friday,5,21,Sunny,0,Low,300,4,153
2025-05-30,Friday,1,8,Cloudy,0,High,500,6,456
2025-09-28,Sunday,5,7,Sunny,0,High,300,5,242
2025-12-29,Monday,4,20,Cloudy,0,Medium,350,7,151
2025-04-20,Sunday,1,11,Sunny,0,Low,500,7,209
2025-07-28,Monday,4,12,Cloudy,1,Low,350,4,51
2025-04-28,Monday,3,10,Sunny,0,Medium,400,8,222
2025-02-02,Sunday,1,19,Cloudy,0,High,500,7,433
2025-02-20,Thursday,2,22,Sunny,0,Low,450,6,266
2025-11-28,Friday,2,21,Sunny,0,Low,450,7,226
2025-05-12,Monday,5,13,Rainy,0,Low,300,5,202
2025-11-08,Saturday,2,17,Sunny,0,High,450,6,388
2025-02-03,Monday,1,13,Sunny,0,Low,500,10,293
2025-10-14,Tuesday,1,20,Sunny,0,Medium,500,9,290
2025-05-01,Thursday,2,15,Cloudy,0,Low,450,8,267
2025-11-25,Tuesday,3,12,Cloudy,0,Low,400,8,199
2025-04-06,Sunday,1,11,Sunny,0,Low,500,8,197
2025-03-12,Wednesday,4,7,Rainy,0,High,350,5,398
2025-06-19,Thursday,2,19,Rainy,0,High,450,5,481
2025-07-20,Sunday,1,17,Rainy,0,High,500,9,491
2025-11-21,Friday,5,17,Rainy,0,High,300,3,619
2025-07-30,Wednesday,1,22,Sunny,1,Low,500,9,198
2025-10-02,Thursday,4,22,Sunny,0,Low,350,6,210
2025-06-09,Monday,1,5,Sunny,0,Low,500,8,279
2025-09-24,Wednesday,4,21,Sunny,0,Low,350,7,283
2025-09-16,Tuesday,1,22,Rainy,0,Low,500,9,520
2025-02-04,Tuesday,2,16,Sunny,0,Medium,450,5,473
2025-05-01,Thursday,3,10,Cloudy,0,Medium,400,7,436
2025-04-10,Thursday,5,13,Sunny,0,Low,300,6,144
2025-10-11,Saturday,4,7,Rainy,0,High,350,7,306
2025-02-10,Monday,1,16,Cloudy,0,Medium,500,7,543
2025-12-26,Friday,3,15,Sunny,0,Low,400,8,220
2025-10-20,Monday,3,18,Rainy,0,High,400,5,480
2025-09-28,Sunday,2,15,Cloudy,0,Low,450,5,189
2025-02-27,Thursday,4,14,Sunny,0,Low,350,5,160
2025-05-03,Saturday,4,10,Rainy,0,Medium,350,6,135
2025-08-07,Thursday,4,17,Cloudy,0,High,350,5,412
2025-12-11,Thursday,5,19,Cloudy,0,High,300,3,357
2025-01-29,Wednesday,5,16,Sunny,0,Medium,300,3,371
2025-07-29,Tuesday,4,18,Sunny,0,High,350,6,411
2025-05-19,Monday,2,13,Cloudy,0,Low,450,8,276
2025-06-20,Friday,3,5,Sunny,0,Low,400,7,225
2025-07-30,Wednesday,2,7,Sunny,0,High,450,5,452
2025-05-01,Thursday,1,16,Cloudy,0,Medium,500,6,491
2025-11-09,Sunday,1,12,Rainy,0,Low,500,8,243
2025-06-28,Saturday,1,7,Rainy,0,High,500,8,424
2025-06-05,Thursday,5,18,Rainy,0,High,300,3,425
2025-04-18,Friday,2,20,Sunny,0,Medium,450,6,240
2025-02-24,Monday,5,20,Rainy,0,Medium,300,5,167
2025-02-20,Thursday,3,18,Rainy,1,High,400,8,384
2025-01-04,Saturday,1,10,Rainy,0,Medium,500,10,250
2025-11-26,Wednesday,5,22,Rainy,0,Low,300,5,187
2025-06-04,Wednesday,5,5,Sunny,0,Low,300,6,133
2025-09-10,Wednesday,2,9,Sunny,0,High,450,7,407
2025-02-09,Sunday,5,18,Rainy,0,High,300,6,360
2025-06-07,Saturday,2,6,Sunny,0,Medium,450,9,347
2025-04-26,Saturday,2,18,Cloudy,0,High,450,9,372
2025-04-20,Sunday,3,7,Cloudy,0,High,400,7,524
2025-10-28,Tuesday,3,12,Cloudy,0,Low,400,7,250
2025-05-02,Friday,2,13,Sunny,0,Low,450,7,230
2025-10-28,Tuesday,2,8,Cloudy,0,High,450,8,400
2025-12-25,Thursday,5,18,Cloudy,0,High,300,4,383
2025-05-20,Tuesday,5,6,Cloudy,0,Medium,300,5,308
2025-12-22,Monday,4,8,Sunny,0,High,350,7,366
2025-10-24,Friday,4,9,Sunny,0,High,350,4,537
2025-12-27,Saturday,1,13,Cloudy,0,Low,500,10,211
2025-05-08,Thursday,3,22,Sunny,0,Low,400,8,238
2025-09-20,Saturday,5,11,Sunny,0,Low,300,6,52
2025-04-12,Saturday,3,10,Rainy,0,Medium,400,5,178
2025-01-10,Friday,3,19,Rainy,0,High,400,8,509
2025-08-05,Tuesday,3,11,Sunny,0,Low,400,7,215
2025-09-30,Tuesday,4,11,Sunny,0,Low,350,7,150
2025-02-19,Wednesday,4,10,Rainy,0,Medium,350,6,195
2025-07-16,Wednesday,2,9,Cloudy,0,High,450,6,402
2025-01-19,Sunday,2,7,Cloudy,0,High,450,9,447
2025-08-03,Sunday,1,12,Sunny,0,Low,500,8,237
2025-12-13,Saturday,4,9,Rainy,0,High,350,7,338
2025-02-19,Wednesday,1,15,Sunny,0,Low,500,8,291
2025-02-17,Monday,3,18,Cloudy,1,High,400,7,324
2025-06-22,Sunday,1,6,Sunny,0,Medium,500,6,652
2025-10-19,Sunday,2,22,Rainy,0,Low,450,5,238
2025-08-24,Sunday,1,5,Sunny,0,Low,500,8,377
2025-10-02,Thursday,2,17,Rainy,0,High,450,6,516
2025-01-29,Wednesday,1,17,Sunny,1,High,500,8,402
2025-12-29,Monday,1,7,Cloudy,0,High,500,9,457
2025-06-28,Saturday,3,14,Rainy,0,Low,400,7,204
2025-02-01,Saturday,5,15,Sunny,0,Low,300,3,88
2025-09-22,Monday,2,9,Cloudy,0,High,450,8,409
2025-05-19,Monday,2,11,Rainy,0,Low,450,7,320
2025-09-24,Wednesday,4,5,Sunny,0,Low,350,7,187
2025-02-21,Friday,1,17,Sunny,0,High,500,8,521
2025-08-12,Tuesday,3,21,Rainy,0,Low,400,7,247
2025-07-17,Thursday,5,18,Cloudy,0,High,300,3,346
2025-05-25,Sunday,1,9,Rainy,0,High,500,7,416
2025-03-18,Tuesday,3,22,Rainy,0,Low,400,6,246
2025-01-29,Wednesday,3,9,Sunny,0,High,400,8,642
2025-02-09,Sunday,2,22,Cloudy,0,Low,450,8,166
2025-09-18,Thursday,4,10,Sunny,0,Medium,350,6,189
2025-08-07,Thursday,3,18,Cloudy,0,High,400,5,429
2025-12-31,Wednesday,4,12,Cloudy,0,Low,350,7,165
2025-08-23,Saturday,1,6,Cloudy,0,Medium,500,6,400
2025-02-18,Tuesday,4,19,Cloudy,0,High,350,7,420
2025-08-29,Friday,5,15,Sunny,0,Low,300,6,145
2025-08-19,Tuesday,5,9,Rainy,0,High,300,4,366
2025-01-29,Wednesday,1,5,Rainy,0,Low,500,10,312
2025-02-15,Saturday,2,14,Rainy,0,Low,450,9,230
2025-02-10,Monday,5,7,Sunny,0,High,300,5,309
2025-05-10,Saturday,2,8,Sunny,0,High,450,6,340
2025-11-04,Tuesday,4,5,Cloudy,0,Low,350,5,194
2025-04-02,Wednesday,5,21,Cloudy,0,Low,300,4,127
2025-09-11,Thursday,2,14,Sunny,0,Low,450,8,248
2025-06-15,Sunday,2,6,Rainy,0,Medium,450,9,369
2025-09-04,Thursday,5,16,Sunny,0,Medium,300,4,343
2025-07-05,Saturday,2,22,Rainy,0,Low,450,9,207
2025-05-16,Friday,3,17,Rainy,0,High,400,5,476
2025-09-03,Wednesday,1,18,Sunny,0,High,500,10,512
2025-04-14,Monday,3,6,Sunny,1,Medium,400,7,287
2025-12-26,Friday,5,14,Rainy,0,Low,300,3,160
2025-11-24,Monday,4,16,Sunny,0,Medium,350,5,425
2025-09-22,Monday,4,5,Cloudy,0,Low,350,7,391
2025-03-22,Saturday,2,18,Cloudy,0,High,450,6,407
2025-08-31,Sunday,5,8,Cloudy,0,High,300,4,258
2025-11-06,Thursday,1,7,Rainy,0,High,500,10,683
2025-07-20,Sunday,2,8,Rainy,0,High,450,7,379
2025-04-29,Tuesday,3,5,Rainy,0,Low,400,8,439
2025-12-05,Friday,5,17,Sunny,0,High,300,6,381
2025-08-02,Saturday,3,9,Cloudy,0,High,400,5,325
2025-11-14,Friday,4,21,Sunny,0,Low,350,4,198
2025-10-18,Saturday,5,16,Cloudy,0,Medium,300,5,294
2025-12-28,Sunday,3,15,Rainy,0,Low,400,8,206
2025-08-08,Friday,2,12,Rainy,0,Low,450,5,283
2025-12-29,Monday,4,15,Sunny,0,Low,350,6,173
2025-11-11,Tuesday,5,16,Rainy,0,Medium,300,5,387
2025-11-26,Wednesday,2,21,Sunny,0,Low,450,5,240
2025-02-24,Monday,4,15,Cloudy,0,Low,350,5,195
2025-04-11,Friday,4,22,Cloudy,0,Low,350,4,171
2025-05-31,Saturday,3,7,Cloudy,0,High,400,8,341
2025-10-27,Monday,5,9,Sunny,0,High,300,4,315
2025-03-16,Sunday,1,16,Cloudy,0,Medium,500,10,442
2025-08-09,Saturday,4,13,Sunny,0,Low,350,7,122
2025-12-18,Thursday,3,12,Rainy,1,Low,400,7,182
2025-07-14,Monday,5,12,Cloudy,0,Low,300,6,171
2025-08-22,Friday,1,18,Cloudy,0,High,500,10,733
2025-10-01,Wednesday,5,20,Sunny,0,Medium,300,5,142
2025-02-06,Thursday,5,12,Cloudy,0,Low,300,5,154
2025-09-27,Saturday,4,18,Cloudy,0,High,350,6,333
2025-05-05,Monday,4,19,Sunny,0,High,350,6,417
2025-06-26,Thursday,5,6,Sunny,0,Medium,300,3,304
2025-09-12,Friday,2,8,Rainy,0,High,450,7,447
2025-07-22,Tuesday,5,17,Cloudy,0,High,300,5,358
2025-10-15,Wednesday,4,18,Sunny,0,High,350,4,383
2025-03-07,Friday,4,7,Rainy,0,High,350,5,419
2025-12-05,Friday,2,15,Cloudy,0,Low,450,9,270
2025-03-17,Monday,2,9,Rainy,0,High,450,7,489
2025-04-08,Tuesday,3,15,Cloudy,0,Low,400,5,248
2025-09-25,Thursday,1,19,Rainy,0,High,500,9,587
2025-07-15,Tuesday,1,9,Cloudy,0,High,500,10,467
2025-02-26,Wednesday,4,19,Cloudy,0,High,350,5,400
2025-10-13,Monday,1,14,Cloudy,0,Low,500,10,286
2025-11-23,Sunday,4,18,Cloudy,0,High,350,6,337
2025-10-28,Tuesday,5,21,Sunny,0,Low,300,6,156
2025-12-20,Saturday,1,6,Sunny,0,Medium,500,10,420
2025-07-08,Tuesday,2,15,Rainy,0,Low,450,5,300
2025-12-03,Wednesday,3,18,Cloudy,0,High,400,7,429
2025-09-13,Saturday,3,10,Sunny,0,Medium,400,5,113
2025-08-12,Tuesday,4,8,Sunny,0,High,350,6,365
2025-01-13,Monday,1,11,Cloudy,0,Low,500,8,274
2025-04-08,Tuesday,5,7,Rainy,0,High,300,3,341
2025-12-29,Monday,4,20,Rainy,0,Medium,350,6,222
2025-05-19,Monday,3,15,Cloudy,0,Low,400,7,229
2025-11-24,Monday,2,13,Cloudy,1,Low,450,8,164
2025-05-27,Tuesday,4,14,Sunny,1,Low,350,4,65
2025-11-24,Monday,1,21,Cloudy,0,Low,500,8,282
2025-12-04,Thursday,2,5,Cloudy,0,Low,450,9,275
2025-08-06,Wednesday,4,18,Rainy,0,High,350,6,470
2025-04-03,Thursday,5,22,Rainy,0,Low,300,4,188
2025-02-10,Monday,1,10,Cloudy,1,Medium,500,6,203
2025-01-12,Sunday,1,13,Sunny,0,Low,500,9,229
2025-06-04,Wednesday,5,11,Rainy,0,Low,300,4,190
2025-02-28,Friday,1,22,Rainy,1,Low,500,6,229
2025-01-01,Wednesday,2,5,Rainy,0,Low,450,6,282
2025-06-28,Saturday,1,8,Sunny,0,High,500,9,391
2025-10-22,Wednesday,4,13,Sunny,0,Low,350,5,208
2025-12-11,Thursday,5,16,Rainy,0,Medium,300,5,397
2025-04-30,Wednesday,5,18,Sunny,0,High,300,3,384
2025-10-07,Tuesday,1,14,Rainy,0,Low,500,8,365
2025-04-09,Wednesday,2,10,Sunny,0,Medium,450,8,265
2025-11-09,Sunday,4,10,Sunny,0,Medium,350,6,101
2025-11-20,Thursday,1,11,Cloudy,0,Low,500,7,327
2025-04-02,Wednesday,3,22,Rainy,0,Low,400,8,255
2025-09-25,Thursday,1,6,Sunny,0,Medium,500,6,485
2025-07-28,Monday,2,9,Sunny,0,High,450,5,441
2025-12-03,Wednesday,4,19,Sunny,0,High,350,4,388
2025-03-17,Monday,5,15,Sunny,0,Low,300,6,133
2025-10-10,Friday,5,17,Rainy,0,High,300,3,403
2025-09-08,Monday,5,6,Cloudy,1,Medium,300,4,230
2025-01-04,Saturday,3,6,Rainy,0,Medium,400,6,384
2025-07-08,Tuesday,2,15,Rainy,0,Low,450,7,320
2025-11-26,Wednesday,3,13,Cloudy,0,Low,400,8,237
2025-04-24,Thursday,1,8,Rainy,0,High,500,9,548
2025-09-18,Thursday,5,12,Sunny,0,Low,300,4,148
2025-05-07,Wednesday,1,19,Cloudy,0,High,500,8,506
2025-03-23,Sunday,1,6,Cloudy,0,Medium,500,8,384
2025-04-04,Friday,2,21,Sunny,0,Low,450,8,236
2025-04-21,Monday,4,5,Rainy,0,Low,350,4,213
2025-08-31,Sunday,5,11,Cloudy,0,Low,300,6,89
2025-02-13,Thursday,5,8,Sunny,0,High,300,5,349
2025-08-02,Saturday,4,22,Rainy,0,Low,350,5,152
2025-07-18,Friday,4,12,Sunny,0,Low,350,4,196
2025-04-13,Sunday,4,6,Cloudy,0,Medium,350,6,268
2025-08-06,Wednesday,4,15,Cloudy,0,Low,350,7,179
2025-05-22,Thursday,4,8,Cloudy,0,High,350,5,365
2025-04-01,Tuesday,4,9,Sunny,0,High,350,7,540
2025-04-22,Tuesday,2,20,Cloudy,0,Medium,450,8,248
2025-11-25,Tuesday,1,5,Rainy,0,Low,500,7,359
2025-09-24,Wednesday,1,11,Cloudy,0,Low,500,10,292
2025-07-23,Wednesday,5,5,Rainy,0,Low,300,4,184
2025-01-31,Friday,1,12,Rainy,1,Low,500,6,252
2025-11-23,Sunday,2,15,Rainy,0,Low,450,9,240
2025-12-21,Sunday,4,9,Cloudy,0,High,350,7,288
2025-12-07,Sunday,5,22,Cloudy,0,Low,300,6,97
2025-05-12,Monday,1,21,Rainy,0,Low,500,6,369
2025-10-21,Tuesday,5,17,Cloudy,0,High,300,3,343
2025-08-08,Friday,4,10,Rainy,0,Medium,350,6,206
2025-08-29,Friday,5,20,Rainy,0,Medium,300,4,166
2025-05-13,Tuesday,5,20,Rainy,1,Medium,300,3,71
2025-03-22,Saturday,1,16,Rainy,0,Medium,500,10,484
2025-12-29,Monday,4,11,Rainy,0,Low,350,5,355
2025-03-31,Monday,4,11,Rainy,0,Low,350,7,249
2025-11-27,Thursday,5,10,Rainy,0,Medium,300,3,179
2025-09-24,Wednesday,5,13,Rainy,0,Low,300,6,169
2025-08-07,Thursday,3,16,Rainy,0,Medium,400,6,453
2025-09-25,Thursday,5,12,Sunny,0,Low,300,4,136
2025-03-01,Saturday,5,18,Cloudy,0,High,300,3,260
2025-12-20,Saturday,2,5,Sunny,0,Low,450,8,386
2025-01-28,Tuesday,5,5,Rainy,0,Low,300,3,160
2025-11-22,Saturday,4,22,Rainy,0,Low,350,7,156
2025-11-29,Saturday,5,9,Rainy,0,High,300,4,263
2025-11-22,Saturday,3,6,Sunny,0,Medium,400,6,313
2025-01-16,Thursday,4,5,Sunny,0,Low,350,7,177
2025-06-14,Saturday,5,15,Sunny,0,Low,300,4,51
2025-09-15,Monday,5,10,Sunny,0,Medium,300,4,142
2025-08-25,Monday,2,8,Rainy,0,High,450,8,468
2025-04-29,Tuesday,3,14,Sunny,0,Low,400,5,195
2025-06-29,Sunday,3,6,Rainy,0,Medium,400,8,378
2025-08-06,Wednesday,2,10,Cloudy,0,Medium,450,5,251
2025-05-25,Sunday,4,10,Rainy,0,Medium,350,5,118
2025-10-08,Wednesday,4,21,Sunny,1,Low,350,7,59
2025-09-19,Friday,3,14,Cloudy,0,Low,400,5,209
2025-10-23,Thursday,4,12,Cloudy,0,Low,350,5,198
2025-01-19,Sunday,1,13,Rainy,0,Low,500,7,290
2025-03-30,Sunday,1,15,Sunny,0,Low,500,6,205
2025-02-11,Tuesday,2,8,Sunny,0,High,450,8,439
2025-10-04,Saturday,3,8,Rainy,0,High,400,5,390
2025-08-19,Tuesday,3,12,Rainy,0,Low,400,8,514
2025-12-28,Sunday,5,7,Sunny,0,High,300,6,278
2025-09-09,Tuesday,1,21,Sunny,0,Low,500,9,287
2025-08-15,Friday,2,6,Rainy,0,Medium,450,7,481
2025-11-26,Wednesday,2,19,Rainy,0,High,450,9,519
2025-04-17,Thursday,4,7,Rainy,0,High,350,4,410
2025-11-03,Monday,4,6,Sunny,0,Medium,350,7,387
2025-08-04,Monday,5,19,Sunny,0,High,300,3,346
2025-06-28,Saturday,4,13,Rainy,0,Low,350,5,114
2025-07-16,Wednesday,1,11,Cloudy,0,Low,500,8,311
2025-07-26,Saturday,5,12,Cloudy,0,Low,300,5,45
2025-04-27,Sunday,1,14,Cloudy,0,Low,500,6,241
2025-07-03,Thursday,1,10,Cloudy,0,Medium,500,7,579
2025-10-14,Tuesday,3,19,Cloudy,0,High,400,7,432
2025-11-05,Wednesday,1,21,Sunny,0,Low,500,6,310
2025-01-17,Friday,2,18,Sunny,0,High,450,6,492
2025-01-09,Thursday,1,12,Sunny,0,Low,500,6,291
2025-07-25,Friday,2,18,Rainy,0,High,450,9,515
2025-02-11,Tuesday,1,12,Rainy,0,Low,500,7,314
2025-08-24,Sunday,4,10,Rainy,0,Medium,350,4,147
2025-11-08,Saturday,3,19,Cloudy,0,High,400,6,389
2025-02-27,Thursday,2,20,Cloudy,0,Medium,450,7,249
2025-04-10,Thursday,4,5,Rainy,0,Low,350,5,221
2025-12-21,Sunday,3,11,Sunny,0,Low,400,6,110
2025-10-06,Monday,4,13,Cloudy,0,Low,350,4,177
2025-03-17,Monday,5,15,Sunny,0,Low,300,4,144
2025-12-24,Wednesday,2,6,Rainy,0,Medium,450,9,451
2025-12-22,Monday,3,15,Sunny,0,Low,400,7,223
2025-01-15,Wednesday,5,6,Rainy,0,Medium,300,4,381
2025-11-20,Thursday,5,19,Cloudy,0,High,300,4,545
2025-08-25,Monday,4,8,Cloudy,1,High,350,4,240
2025-12-22,Monday,1,6,Rainy,0,Medium,500,9,516
2025-03-30,Sunday,3,18,Cloudy,0,High,400,5,347
2025-08-17,Sunday,2,19,Rainy,0,High,450,5,422
2025-11-14,Friday,4,16,Rainy,0,Medium,350,7,422
2025-10-15,Wednesday,3,19,Sunny,0,High,400,8,412
2025-09-02,Tuesday,5,5,Cloudy,0,Low,300,3,168
2025-01-29,Wednesday,4,20,Sunny,0,Medium,350,7,154
2025-01-14,Tuesday,4,10,Rainy,0,Medium,350,4,219
2025-01-11,Saturday,5,19,Cloudy,0,High,300,3,313
2025-03-31,Monday,4,7,Rainy,0,High,350,5,399
2025-01-04,Saturday,3,10,Rainy,1,Medium,400,6,90
2025-01-12,Sunday,3,11,Cloudy,0,Low,400,5,131
2025-03-25,Tuesday,3,20,Rainy,0,Medium,400,8,266
2025-01-21,Tuesday,1,13,Cloudy,0,Low,500,6,295
2025-11-28,Friday,3,10,Sunny,0,Medium,400,7,224
2025-08-19,Tuesday,3,15,Rainy,0,Low,400,5,253
2025-11-02,Sunday,3,17,Sunny,0,High,400,5,365
2025-07-25,Friday,4,6,Rainy,0,Medium,350,4,421
2025-11-09,Sunday,5,5,Rainy,0,Low,300,5,295
2025-11-30,Sunday,5,9,Cloudy,0,High,300,3,229
2025-07-04,Friday,4,6,Cloudy,0,Medium,350,4,360
2025-09-06,Saturday,1,10,Rainy,0,Medium,500,7,242
2025-08-10,Sunday,4,12,Rainy,0,Low,350,4,167
2025-12-24,Wednesday,5,7,Cloudy,0,High,300,5,348
2025-06-11,Wednesday,5,9,Rainy,0,High,300,5,380
2025-02-03,Monday,1,17,Cloudy,0,High,500,9,530
2025-08-08,Friday,3,7,Sunny,0,High,400,6,413
2025-11-06,Thursday,3,17,Rainy,0,High,400,6,453
2025-10-18,Saturday,4,5,Sunny,0,Low,350,4,121
2025-07-06,Sunday,5,14,Rainy,1,Low,300,4,209
2025-09-01,Monday,2,10,Rainy,0,Medium,450,9,320
2025-04-10,Thursday,4,16,Rainy,0,Medium,350,5,416
2025-12-14,Sunday,4,11,Cloudy,0,Low,350,4,120
2025-09-14,Sunday,5,11,Cloudy,0,Low,300,6,44
2025-03-14,Friday,4,10,Rainy,0,Medium,350,4,194
2025-04-04,Friday,5,12,Cloudy,0,Low,300,4,149
2025-10-26,Sunday,4,9,Cloudy,0,High,350,4,298
2025-07-24,Thursday,4,10,Cloudy,0,Medium,350,7,201
2025-03-08,Saturday,5,6,Cloudy,0,Medium,300,6,220
2025-11-09,Sunday,3,6,Rainy,0,Medium,400,5,344
2025-09-29,Monday,4,8,Sunny,0,High,350,5,346
2025-02-01,Saturday,1,12,Rainy,1,Low,500,8,185
2025-05-07,Wednesday,4,13,Rainy,0,Low,350,4,197
2025-09-13,Saturday,3,22,Rainy,0,Low,400,5,185
2025-08-02,Saturday,2,9,Cloudy,0,High,450,9,324
2025-04-29,Tuesday,5,21,Cloudy,0,Low,300,4,172
2025-01-26,Sunday,5,21,Rainy,0,Low,300,4,129
2025-03-19,Wednesday,4,19,Cloudy,0,High,350,5,404
2025-11-03,Monday,4,19,Sunny,0,High,350,7,551
2025-05-19,Monday,3,6,Cloudy,0,Medium,400,5,407
2025-07-14,Monday,2,10,Sunny,0,Medium,450,6,235
2025-06-26,Thursday,5,22,Cloudy,0,Low,300,6,127
2025-01-07,Tuesday,3,20,Cloudy,0,Medium,400,7,221
2025-09-25,Thursday,4,9,Rainy,0,High,350,4,375
2025-01-03,Friday,2,6,Rainy,0,Medium,450,6,481
2025-10-28,Tuesday,4,9,Cloudy,0,High,350,6,369
2025-02-03,Monday,3,14,Sunny,0,Low,400,6,212
2025-07-11,Friday,1,20,Cloudy,0,Medium,500,7,304
2025-04-21,Monday,5,8,Rainy,0,High,300,3,346
2025-07-18,Friday,3,17,Sunny,0,High,400,5,432
2025-01-06,Monday,2,7,Cloudy,0,High,450,9,408
2025-11-19,Wednesday,5,8,Sunny,0,High,300,4,499
2025-03-06,Thursday,4,16,Cloudy,0,Medium,350,6,425
2025-10-10,Friday,2,21,Sunny,1,Low,450,7,157
