id,route_id,stop_id,stop_sequence
1-1,1,2011,1
1-2,1,2013,2
1-3,1,2342,3
1-4,1,2344,4
1-5,1,2085,5
1-6,1,2088,6
1-7,1,2090,7
1-8,1,2092,8
1-9,1,2094,9
1-10,1,2096,10
1-11,1,2098,11
1-12,1,2100,12
1-13,1,1617,13
1-14,1,2102,14
1-15,1,2104,15
1-16,1,2106,16
1-17,1,2108,17
1-18,1,2110,18
1-19,1,2112,19
1-20,1,2114,20
1-21,1,2116,21
1-22,1,762,22
1-23,1,758,23
1-24,1,746,24
1-25,1,1014,25
1-26,1,1012,26
1-27,1,1016,27
1-28,1,2,28
1-29,1,680,29
1-30,1,674,30
1-31,1,628,31
1-32,1,634,32
1-33,1,2160,33
1-34,1,597,34
1-35,1,609,35
1-36,1,602,36
1-37,1,616,37
1-38,1,367,38
1-39,1,1069,39
1-40,1,1054,40
1-41,1,11,41
1-42,1,611,42
1-43,1,605,43
1-44,1,595,44
1-45,1,599,45
1-46,1,593,46
1-47,1,614,47
1-48,1,633,48
1-49,1,629,49
1-50,1,673,50
1-51,1,679,51
1-52,1,1,52
1-53,1,1015,53
1-54,1,1011,54
1-55,1,1013,55
1-56,1,745,56
1-57,1,757,57
1-58,1,761,58
1-59,1,2115,59
1-60,1,2113,60
1-61,1,2111,61
1-62,1,2109,62
1-63,1,2107,63
1-64,1,2105,64
1-65,1,2103,65
1-66,1,2101,66
1-67,1,1616,67
1-68,1,2099,68
1-69,1,2097,69
1-70,1,2095,70
1-71,1,2093,71
1-72,1,2091,72
1-73,1,2089,73
1-74,1,2087,74
1-75,1,2086,75
1-76,1,2084,76
1-77,1,2343,77
1-78,1,2012,78
1-79,1,2010,79
10-1,10,542,1
10-2,10,548,2
10-3,10,550,3
10-4,10,544,4
10-5,10,504,5
10-6,10,506,6
10-7,10,482,7
10-8,10,488,8
10-9,10,486,9
10-10,10,498,10
10-11,10,492,11
10-12,10,502,12
10-13,10,460,13
10-14,10,400,14
10-15,10,396,15
10-16,10,409,16
10-17,10,407,17
10-18,10,405,18
10-19,10,572,19
10-20,10,357,20
10-21,10,360,21
10-22,10,366,22
10-23,10,1069,23
10-24,10,1054,24
10-25,10,13,25
10-26,10,14,26
10-27,10,1072,27
10-28,10,1068,28
10-29,10,1077,29
10-30,10,17,30
10-31,10,303,31
10-32,10,1247,32
10-33,10,1249,33
10-34,10,1816,34
10-35,10,1817,35
10-36,10,1238,36
10-37,10,1240,37
10-38,10,38,38
10-39,10,1281,39
10-40,10,1274,40
10-41,10,889,41
10-42,10,885,42
10-43,10,887,43
10-44,10,884,44
10-45,10,893,45
10-46,10,895,46
10-47,10,900,47
10-48,10,898,48
10-49,10,914,49
10-50,10,918,50
10-51,10,916,51
10-52,10,904,52
10-53,10,902,53
10-54,10,930,54
10-55,10,1021,55
10-56,10,1025,56
10-57,10,1027,57
10-58,10,3,58
10-59,10,1034,59
10-60,10,2510,60
10-61,10,1029,61
10-62,10,1030,62
10-63,10,2509,63
10-64,10,1035,64
10-65,10,4,65
10-66,10,1028,66
10-67,10,1026,67
10-68,10,1022,68
10-69,10,931,69
10-70,10,903,70
10-71,10,905,71
10-72,10,917,72
10-73,10,919,73
10-74,10,915,74
10-75,10,899,75
10-76,10,901,76
10-77,10,897,77
10-78,10,894,78
10-79,10,1822,79
10-80,10,888,80
10-81,10,886,81
10-82,10,890,82
10-83,10,1275,83
10-84,10,1821,84
10-85,10,1280,85
10-86,10,1818,86
10-87,10,1239,87
10-88,10,1237,88
10-89,10,1815,89
10-90,10,1248,90
10-91,10,2125,91
10-92,10,304,92
10-93,10,16,93
10-94,10,1076,94
10-95,10,1067,95
10-96,10,2132,96
10-97,10,15,97
10-98,10,12,98
10-99,10,1053,99
10-100,10,2131,100
10-101,10,367,101
10-102,10,361,102
10-103,10,356,103
10-104,10,571,104
10-105,10,406,105
10-106,10,408,106
10-107,10,410,107
10-108,10,395,108
10-109,10,399,109
10-110,10,459,110
10-111,10,501,111
10-112,10,491,112
10-113,10,497,113
10-114,10,485,114
10-115,10,487,115
10-116,10,481,116
10-117,10,505,117
10-118,10,503,118
10-119,10,543,119
10-120,10,549,120
10-121,10,547,121
100-1,100,664,1
100-2,100,651,2
100-3,100,2139,3
100-4,100,639,4
100-5,100,643,5
100-6,100,559,6
100-7,100,2143,7
100-8,100,538,8
100-9,100,535,9
100-10,100,2429,10
100-11,100,2431,11
100-12,100,2434,12
100-13,100,488,13
100-14,100,486,14
100-15,100,498,15
100-16,100,492,16
100-17,100,502,17
100-18,100,460,18
100-19,100,400,19
100-20,100,2481,20
100-21,100,467,21
100-22,100,474,22
100-23,100,476,23
100-24,100,470,24
100-25,100,452,25
100-26,100,450,26
100-27,100,448,27
100-28,100,445,28
100-29,100,424,29
100-30,100,422,30
100-31,100,425,31
100-32,100,446,32
100-33,100,447,33
100-34,100,449,34
100-35,100,451,35
100-36,100,472,36
100-37,100,475,37
100-38,100,473,38
100-39,100,468,39
100-40,100,2482,40
100-41,100,399,41
100-42,100,459,42
100-43,100,501,43
100-44,100,491,44
100-45,100,497,45
100-46,100,485,46
100-47,100,487,47
100-48,100,2433,48
100-49,100,2432,49
100-50,100,2430,50
100-51,100,536,51
100-52,100,537,52
100-53,100,2144,53
100-54,100,558,54
100-55,100,642,55
100-56,100,638,56
100-57,100,2140,57
100-58,100,652,58
100-59,100,663,59
11-1,11,813,1
11-2,11,815,2
11-3,11,1418,3
11-4,11,2396,4
11-5,11,1402,5
11-6,11,1404,6
11-7,11,1396,7
11-8,11,1398,8
11-9,11,1062,9
11-10,11,1400,10
11-11,11,1393,11
11-12,11,1374,12
11-13,11,1372,13
11-14,11,46,14
11-15,11,2250,15
11-16,11,1340,16
11-17,11,1354,17
11-18,11,1352,18
11-19,11,2195,19
11-20,11,1345,20
11-21,11,1317,21
11-22,11,2199,22
11-23,11,1199,23
11-24,11,1206,24
11-25,11,1203,25
11-26,11,1173,26
11-27,11,1169,27
11-28,11,2197,28
11-29,11,2198,29
11-30,11,282,30
11-31,11,293,31
11-32,11,297,32
11-33,11,312,33
11-34,11,284,34
11-35,11,279,35
11-36,11,300,36
11-37,11,250,37
11-38,11,256,38
11-39,11,254,39
11-40,11,260,40
11-41,11,272,41
11-42,11,267,42
11-43,11,2389,43
11-44,11,222,44
11-45,11,206,45
11-46,11,205,46
11-47,11,201,47
11-48,11,2398,48
11-49,11,2399,49
11-50,11,130,50
11-51,11,131,51
11-52,11,2400,52
11-53,11,193,53
11-54,11,204,54
11-55,11,207,55
11-56,11,223,56
11-57,11,274,57
11-58,11,266,58
11-59,11,273,59
11-60,11,261,60
11-61,11,255,61
11-62,11,257,62
11-63,11,251,63
11-64,11,299,64
11-65,11,280,65
11-66,11,283,66
11-67,11,311,67
11-68,11,298,68
11-69,11,294,69
11-70,11,281,70
11-71,11,1178,71
11-72,11,1185,72
11-73,11,1168,73
11-74,11,1172,74
11-75,11,1204,75
11-76,11,1205,76
11-77,11,1198,77
11-78,11,1202,78
11-79,11,1316,79
11-80,11,1346,80
11-81,11,2196,81
11-82,11,1351,82
11-83,11,1353,83
11-84,11,1339,84
11-85,11,1296,85
11-86,11,45,86
11-87,11,1371,87
11-88,11,1373,88
11-89,11,1394,89
11-90,11,1399,90
11-91,11,1061,91
11-92,11,1397,92
11-93,11,1403,93
11-94,11,1401,94
11-95,11,2397,95
11-96,11,1417,96
11-97,11,814,97
11-98,11,812,98
12-1,12,878,1
12-2,12,1018,2
12-3,12,1023,3
12-4,12,1020,4
12-5,12,936,5
12-6,12,2350,6
12-7,12,880,7
12-8,12,928,8
12-9,12,1004,9
12-10,12,1009,10
12-11,12,172,11
12-12,12,1003,12
12-13,12,997,13
12-14,12,1001,14
12-15,12,993,15
12-16,12,991,16
12-17,12,978,17
12-18,12,1074,18
12-19,12,2352,19
12-20,12,304,20
12-21,12,16,21
12-22,12,1076,22
12-23,12,1067,23
12-24,12,1058,24
12-25,12,1039,25
12-26,12,2174,26
12-27,12,1047,27
12-28,12,1052,28
12-29,12,6,29
12-30,12,340,30
12-31,12,355,31
12-32,12,349,32
12-33,12,346,33
12-34,12,351,34
12-35,12,333,35
12-36,12,232,36
12-37,12,235,37
12-38,12,227,38
12-39,12,2177,39
12-40,12,209,40
12-41,12,202,41
12-42,12,194,42
12-43,12,144,43
12-44,12,141,44
12-45,12,195,45
12-46,12,203,46
12-47,12,208,47
12-48,12,231,48
12-49,12,226,49
12-50,12,234,50
12-51,12,233,51
12-52,12,332,52
12-53,12,350,53
12-54,12,347,54
12-55,12,348,55
12-56,12,354,56
12-57,12,341,57
12-58,12,7,58
12-59,12,1051,59
12-60,12,2175,60
12-61,12,1048,61
12-62,12,1040,62
12-63,12,1057,63
12-64,12,1068,64
12-65,12,1077,65
12-66,12,17,66
12-67,12,303,67
12-68,12,1081,68
12-69,12,1073,69
12-70,12,977,70
12-71,12,990,71
12-72,12,992,72
12-73,12,1000,73
12-74,12,996,74
12-75,12,1002,75
12-76,12,173,76
12-77,12,1008,77
12-78,12,1005,78
12-79,12,929,79
12-80,12,881,80
12-81,12,927,81
12-82,12,935,82
12-83,12,1019,83
12-84,12,1024,84
12-85,12,1017,85
12-86,12,879,86
13-1,13,1248,1
13-2,13,2125,2
13-3,13,1081,3
13-4,13,1073,4
13-5,13,2124,5
13-6,13,1078,6
13-7,13,2128,7
13-8,13,1082,8
13-9,13,2146,9
13-10,13,1086,10
13-11,13,2422,11
13-12,13,2419,12
13-13,13,2417,13
13-14,13,2416,14
13-15,13,12,15
13-16,13,1053,16
13-17,13,2131,17
13-18,13,369,18
13-19,13,361,19
13-20,13,356,20
13-21,13,365,21
13-22,13,345,22
13-23,13,343,23
13-24,13,2414,24
13-25,13,385,25
13-26,13,379,26
13-27,13,388,27
13-28,13,374,28
13-29,13,454,29
13-30,13,444,30
13-31,13,450,31
13-32,13,448,32
13-33,13,161,33
13-34,13,2221,34
13-35,13,162,35
13-36,13,167,36
13-37,13,447,37
13-38,13,449,38
13-39,13,443,39
13-40,13,453,40
13-41,13,375,41
13-42,13,387,42
13-43,13,378,43
13-44,13,384,44
13-45,13,363,45
13-46,13,342,46
13-47,13,344,47
13-48,13,364,48
13-49,13,357,49
13-50,13,360,50
13-51,13,368,51
13-52,13,1069,52
13-53,13,1054,53
13-54,13,11,54
13-55,13,13,55
13-56,13,14,56
13-57,13,2415,57
13-58,13,2418,58
13-59,13,2420,59
13-60,13,2421,60
13-61,13,1087,61
13-62,13,2129,62
13-63,13,1083,63
13-64,13,2127,64
13-65,13,1079,65
13-66,13,1075,66
13-67,13,1074,67
13-68,13,2352,68
13-69,13,1247,69
13-70,13,1249,70
14-1,14,1248,1
14-2,14,2125,2
14-3,14,1081,3
14-4,14,2124,4
14-5,14,1078,5
14-6,14,2128,6
14-7,14,1082,7
14-8,14,2146,8
14-9,14,1086,9
14-10,14,2126,10
14-11,14,1089,11
14-12,14,2403,12
14-13,14,594,13
14-14,14,600,14
14-15,14,596,15
14-16,14,606,16
14-17,14,612,17
14-18,14,10,18
14-19,14,1071,19
14-20,14,1056,20
14-21,14,1060,21
14-22,14,1050,22
14-23,14,1041,23
14-24,14,337,24
14-25,14,334,25
14-26,14,341,26
14-27,14,331,27
14-28,14,326,28
14-29,14,2424,29
14-30,14,2323,30
14-31,14,2325,31
14-32,14,2327,32
14-33,14,2335,33
14-34,14,2331,34
14-35,14,318,35
14-36,14,290,36
14-37,14,295,37
14-38,14,302,38
14-39,14,278,39
14-40,14,292,40
14-41,14,259,41
14-42,14,252,42
14-43,14,242,43
14-44,14,240,44
14-45,14,91,45
14-46,14,88,46
14-47,14,90,47
14-48,14,103,48
14-49,14,102,49
14-50,14,114,50
14-51,14,101,51
14-52,14,104,52
14-53,14,89,53
14-54,14,87,54
14-55,14,92,55
14-56,14,241,56
14-57,14,243,57
14-58,14,253,58
14-59,14,258,59
14-60,14,291,60
14-61,14,277,61
14-62,14,301,62
14-63,14,296,63
14-64,14,289,64
14-65,14,2194,65
14-66,14,2333,66
14-67,14,2329,67
14-68,14,2337,68
14-69,14,2339,69
14-70,14,2341,70
14-71,14,325,71
14-72,14,327,72
14-73,14,330,73
14-74,14,340,74
14-75,14,335,75
14-76,14,336,76
14-77,14,1042,77
14-78,14,1049,78
14-79,14,1059,79
14-80,14,1055,80
14-81,14,1070,81
14-82,14,11,82
14-83,14,611,83
14-84,14,605,84
14-85,14,595,85
14-86,14,599,86
14-87,14,593,87
14-88,14,614,88
14-89,14,1090,89
14-90,14,1088,90
14-91,14,1087,91
14-92,14,2129,92
14-93,14,1083,93
14-94,14,2127,94
14-95,14,1079,95
14-96,14,1075,96
14-97,14,2352,97
14-98,14,1247,98
14-99,14,1249,99
15-BoHmuBaHtoo-1,15-BoHmuBaHtoo,1035,1
15-BoHmuBaHtoo-2,15-BoHmuBaHtoo,4,2
15-BoHmuBaHtoo-3,15-BoHmuBaHtoo,1028,3
15-BoHmuBaHtoo-4,15-BoHmuBaHtoo,1026,4
15-BoHmuBaHtoo-5,15-BoHmuBaHtoo,1022,5
15-BoHmuBaHtoo-6,15-BoHmuBaHtoo,1024,6
15-BoHmuBaHtoo-7,15-BoHmuBaHtoo,1017,7
15-BoHmuBaHtoo-8,15-BoHmuBaHtoo,879,8
15-BoHmuBaHtoo-9,15-BoHmuBaHtoo,875,9
15-BoHmuBaHtoo-10,15-BoHmuBaHtoo,871,10
15-BoHmuBaHtoo-11,15-BoHmuBaHtoo,873,11
15-BoHmuBaHtoo-12,15-BoHmuBaHtoo,854,12
15-BoHmuBaHtoo-13,15-BoHmuBaHtoo,856,13
15-BoHmuBaHtoo-14,15-BoHmuBaHtoo,846,14
15-BoHmuBaHtoo-15,15-BoHmuBaHtoo,860,15
15-BoHmuBaHtoo-16,15-BoHmuBaHtoo,852,16
15-BoHmuBaHtoo-17,15-BoHmuBaHtoo,847,17
15-BoHmuBaHtoo-18,15-BoHmuBaHtoo,2181,18
15-BoHmuBaHtoo-19,15-BoHmuBaHtoo,806,19
15-BoHmuBaHtoo-20,15-BoHmuBaHtoo,796,20
15-BoHmuBaHtoo-21,15-BoHmuBaHtoo,799,21
15-BoHmuBaHtoo-22,15-BoHmuBaHtoo,808,22
15-BoHmuBaHtoo-23,15-BoHmuBaHtoo,802,23
15-BoHmuBaHtoo-24,15-BoHmuBaHtoo,798,24
15-BoHmuBaHtoo-25,15-BoHmuBaHtoo,892,25
15-BoHmuBaHtoo-26,15-BoHmuBaHtoo,888,26
15-BoHmuBaHtoo-27,15-BoHmuBaHtoo,886,27
15-BoHmuBaHtoo-28,15-BoHmuBaHtoo,890,28
15-BoHmuBaHtoo-29,15-BoHmuBaHtoo,1275,29
15-BoHmuBaHtoo-30,15-BoHmuBaHtoo,1821,30
15-BoHmuBaHtoo-31,15-BoHmuBaHtoo,1280,31
15-BoHmuBaHtoo-32,15-BoHmuBaHtoo,1819,32
15-BoHmuBaHtoo-33,15-BoHmuBaHtoo,1265,33
15-BoHmuBaHtoo-34,15-BoHmuBaHtoo,1267,34
15-BoHmuBaHtoo-35,15-BoHmuBaHtoo,1271,35
15-BoHmuBaHtoo-36,15-BoHmuBaHtoo,1255,36
15-BoHmuBaHtoo-37,15-BoHmuBaHtoo,1257,37
15-BoHmuBaHtoo-38,15-BoHmuBaHtoo,1221,38
15-BoHmuBaHtoo-39,15-BoHmuBaHtoo,1216,39
15-BoHmuBaHtoo-40,15-BoHmuBaHtoo,1224,40
15-BoHmuBaHtoo-41,15-BoHmuBaHtoo,1207,41
15-BoHmuBaHtoo-42,15-BoHmuBaHtoo,1194,42
15-BoHmuBaHtoo-43,15-BoHmuBaHtoo,35,43
15-BoHmuBaHtoo-44,15-BoHmuBaHtoo,1309,44
15-BoHmuBaHtoo-45,15-BoHmuBaHtoo,1315,45
15-BoHmuBaHtoo-46,15-BoHmuBaHtoo,1307,46
15-BoHmuBaHtoo-47,15-BoHmuBaHtoo,1303,47
15-BoHmuBaHtoo-48,15-BoHmuBaHtoo,1304,48
15-BoHmuBaHtoo-49,15-BoHmuBaHtoo,1329,49
15-BoHmuBaHtoo-50,15-BoHmuBaHtoo,2395,50
15-BoHmuBaHtoo-51,15-BoHmuBaHtoo,1326,51
15-BoHmuBaHtoo-52,15-BoHmuBaHtoo,1327,52
15-BoHmuBaHtoo-53,15-BoHmuBaHtoo,1334,53
15-BoHmuBaHtoo-54,15-BoHmuBaHtoo,1336,54
15-BoHmuBaHtoo-55,15-BoHmuBaHtoo,1357,55
15-BoHmuBaHtoo-56,15-BoHmuBaHtoo,44,56
15-BoHmuBaHtoo-57,15-BoHmuBaHtoo,1356,57
15-BoHmuBaHtoo-58,15-BoHmuBaHtoo,1364,58
15-BoHmuBaHtoo-59,15-BoHmuBaHtoo,42,59
15-BoHmuBaHtoo-60,15-BoHmuBaHtoo,1381,60
15-BoHmuBaHtoo-61,15-BoHmuBaHtoo,1378,61
15-BoHmuBaHtoo-62,15-BoHmuBaHtoo,1384,62
15-BoHmuBaHtoo-63,15-BoHmuBaHtoo,1380,63
15-BoHmuBaHtoo-64,15-BoHmuBaHtoo,69,64
15-BoHmuBaHtoo-65,15-BoHmuBaHtoo,1379,65
15-BoHmuBaHtoo-66,15-BoHmuBaHtoo,1383,66
15-BoHmuBaHtoo-67,15-BoHmuBaHtoo,1377,67
15-BoHmuBaHtoo-68,15-BoHmuBaHtoo,1382,68
15-BoHmuBaHtoo-69,15-BoHmuBaHtoo,41,69
15-BoHmuBaHtoo-70,15-BoHmuBaHtoo,1363,70
15-BoHmuBaHtoo-71,15-BoHmuBaHtoo,1355,71
15-BoHmuBaHtoo-72,15-BoHmuBaHtoo,43,72
15-BoHmuBaHtoo-73,15-BoHmuBaHtoo,1358,73
15-BoHmuBaHtoo-74,15-BoHmuBaHtoo,1335,74
15-BoHmuBaHtoo-75,15-BoHmuBaHtoo,1333,75
15-BoHmuBaHtoo-76,15-BoHmuBaHtoo,1328,76
15-BoHmuBaHtoo-77,15-BoHmuBaHtoo,2201,77
15-BoHmuBaHtoo-78,15-BoHmuBaHtoo,1330,78
15-BoHmuBaHtoo-79,15-BoHmuBaHtoo,1305,79
15-BoHmuBaHtoo-80,15-BoHmuBaHtoo,1302,80
15-BoHmuBaHtoo-81,15-BoHmuBaHtoo,1306,81
15-BoHmuBaHtoo-82,15-BoHmuBaHtoo,1314,82
15-BoHmuBaHtoo-83,15-BoHmuBaHtoo,1308,83
15-BoHmuBaHtoo-84,15-BoHmuBaHtoo,1193,84
15-BoHmuBaHtoo-85,15-BoHmuBaHtoo,1195,85
15-BoHmuBaHtoo-86,15-BoHmuBaHtoo,1208,86
15-BoHmuBaHtoo-87,15-BoHmuBaHtoo,1225,87
15-BoHmuBaHtoo-88,15-BoHmuBaHtoo,2200,88
15-BoHmuBaHtoo-89,15-BoHmuBaHtoo,1220,89
15-BoHmuBaHtoo-90,15-BoHmuBaHtoo,1256,90
15-BoHmuBaHtoo-91,15-BoHmuBaHtoo,1254,91
15-BoHmuBaHtoo-92,15-BoHmuBaHtoo,1270,92
15-BoHmuBaHtoo-93,15-BoHmuBaHtoo,1266,93
15-BoHmuBaHtoo-94,15-BoHmuBaHtoo,1262,94
15-BoHmuBaHtoo-95,15-BoHmuBaHtoo,1820,95
15-BoHmuBaHtoo-96,15-BoHmuBaHtoo,38,96
15-BoHmuBaHtoo-97,15-BoHmuBaHtoo,1281,97
15-BoHmuBaHtoo-98,15-BoHmuBaHtoo,1274,98
15-BoHmuBaHtoo-99,15-BoHmuBaHtoo,889,99
15-BoHmuBaHtoo-100,15-BoHmuBaHtoo,885,100
15-BoHmuBaHtoo-101,15-BoHmuBaHtoo,887,101
15-BoHmuBaHtoo-102,15-BoHmuBaHtoo,891,102
15-BoHmuBaHtoo-103,15-BoHmuBaHtoo,797,103
15-BoHmuBaHtoo-104,15-BoHmuBaHtoo,801,104
15-BoHmuBaHtoo-105,15-BoHmuBaHtoo,807,105
15-BoHmuBaHtoo-106,15-BoHmuBaHtoo,800,106
15-BoHmuBaHtoo-107,15-BoHmuBaHtoo,795,107
15-BoHmuBaHtoo-108,15-BoHmuBaHtoo,805,108
15-BoHmuBaHtoo-109,15-BoHmuBaHtoo,867,109
15-BoHmuBaHtoo-110,15-BoHmuBaHtoo,849,110
15-BoHmuBaHtoo-111,15-BoHmuBaHtoo,2359,111
15-BoHmuBaHtoo-112,15-BoHmuBaHtoo,851,112
15-BoHmuBaHtoo-113,15-BoHmuBaHtoo,859,113
15-BoHmuBaHtoo-114,15-BoHmuBaHtoo,844,114
15-BoHmuBaHtoo-115,15-BoHmuBaHtoo,855,115
15-BoHmuBaHtoo-116,15-BoHmuBaHtoo,853,116
15-BoHmuBaHtoo-117,15-BoHmuBaHtoo,872,117
15-BoHmuBaHtoo-118,15-BoHmuBaHtoo,870,118
15-BoHmuBaHtoo-119,15-BoHmuBaHtoo,874,119
15-BoHmuBaHtoo-120,15-BoHmuBaHtoo,878,120
15-BoHmuBaHtoo-121,15-BoHmuBaHtoo,1018,121
15-BoHmuBaHtoo-122,15-BoHmuBaHtoo,1023,122
15-BoHmuBaHtoo-123,15-BoHmuBaHtoo,1020,123
15-BoHmuBaHtoo-124,15-BoHmuBaHtoo,1025,124
15-BoHmuBaHtoo-125,15-BoHmuBaHtoo,1027,125
15-BoHmuBaHtoo-126,15-BoHmuBaHtoo,3,126
15-BoHmuBaHtoo-127,15-BoHmuBaHtoo,1034,127
15-BoHmuBaHtooBayintNaung-1,15-BoHmuBaHtooBayintNaung,1031,1
15-BoHmuBaHtooBayintNaung-2,15-BoHmuBaHtooBayintNaung,1036,2
15-BoHmuBaHtooBayintNaung-3,15-BoHmuBaHtooBayintNaung,5,3
15-BoHmuBaHtooBayintNaung-4,15-BoHmuBaHtooBayintNaung,1030,4
15-BoHmuBaHtooBayintNaung-5,15-BoHmuBaHtooBayintNaung,1033,5
15-BoHmuBaHtooBayintNaung-6,15-BoHmuBaHtooBayintNaung,2507,6
15-BoHmuBaHtooBayintNaung-7,15-BoHmuBaHtooBayintNaung,2404,7
15-BoHmuBaHtooBayintNaung-8,15-BoHmuBaHtooBayintNaung,1035,8
15-BoHmuBaHtooBayintNaung-9,15-BoHmuBaHtooBayintNaung,2405,9
15-BoHmuBaHtooBayintNaung-10,15-BoHmuBaHtooBayintNaung,1034,10
15-BoHmuBaHtooBayintNaung-11,15-BoHmuBaHtooBayintNaung,4,11
15-BoHmuBaHtooBayintNaung-12,15-BoHmuBaHtooBayintNaung,1028,12
15-BoHmuBaHtooBayintNaung-13,15-BoHmuBaHtooBayintNaung,1026,13
15-BoHmuBaHtooBayintNaung-14,15-BoHmuBaHtooBayintNaung,1022,14
15-BoHmuBaHtooBayintNaung-15,15-BoHmuBaHtooBayintNaung,1024,15
15-BoHmuBaHtooBayintNaung-16,15-BoHmuBaHtooBayintNaung,1017,16
15-BoHmuBaHtooBayintNaung-17,15-BoHmuBaHtooBayintNaung,879,17
15-BoHmuBaHtooBayintNaung-18,15-BoHmuBaHtooBayintNaung,875,18
15-BoHmuBaHtooBayintNaung-19,15-BoHmuBaHtooBayintNaung,871,19
15-BoHmuBaHtooBayintNaung-20,15-BoHmuBaHtooBayintNaung,873,20
15-BoHmuBaHtooBayintNaung-21,15-BoHmuBaHtooBayintNaung,854,21
15-BoHmuBaHtooBayintNaung-22,15-BoHmuBaHtooBayintNaung,856,22
15-BoHmuBaHtooBayintNaung-23,15-BoHmuBaHtooBayintNaung,846,23
15-BoHmuBaHtooBayintNaung-24,15-BoHmuBaHtooBayintNaung,860,24
15-BoHmuBaHtooBayintNaung-25,15-BoHmuBaHtooBayintNaung,852,25
15-BoHmuBaHtooBayintNaung-26,15-BoHmuBaHtooBayintNaung,847,26
15-BoHmuBaHtooBayintNaung-27,15-BoHmuBaHtooBayintNaung,2181,27
15-BoHmuBaHtooBayintNaung-28,15-BoHmuBaHtooBayintNaung,806,28
15-BoHmuBaHtooBayintNaung-29,15-BoHmuBaHtooBayintNaung,796,29
15-BoHmuBaHtooBayintNaung-30,15-BoHmuBaHtooBayintNaung,799,30
15-BoHmuBaHtooBayintNaung-31,15-BoHmuBaHtooBayintNaung,808,31
15-BoHmuBaHtooBayintNaung-32,15-BoHmuBaHtooBayintNaung,802,32
15-BoHmuBaHtooBayintNaung-33,15-BoHmuBaHtooBayintNaung,798,33
15-BoHmuBaHtooBayintNaung-34,15-BoHmuBaHtooBayintNaung,892,34
15-BoHmuBaHtooBayintNaung-35,15-BoHmuBaHtooBayintNaung,888,35
15-BoHmuBaHtooBayintNaung-36,15-BoHmuBaHtooBayintNaung,886,36
15-BoHmuBaHtooBayintNaung-37,15-BoHmuBaHtooBayintNaung,890,37
15-BoHmuBaHtooBayintNaung-38,15-BoHmuBaHtooBayintNaung,1275,38
15-BoHmuBaHtooBayintNaung-39,15-BoHmuBaHtooBayintNaung,1821,39
15-BoHmuBaHtooBayintNaung-40,15-BoHmuBaHtooBayintNaung,1280,40
15-BoHmuBaHtooBayintNaung-41,15-BoHmuBaHtooBayintNaung,1819,41
15-BoHmuBaHtooBayintNaung-42,15-BoHmuBaHtooBayintNaung,1265,42
15-BoHmuBaHtooBayintNaung-43,15-BoHmuBaHtooBayintNaung,1267,43
15-BoHmuBaHtooBayintNaung-44,15-BoHmuBaHtooBayintNaung,1271,44
15-BoHmuBaHtooBayintNaung-45,15-BoHmuBaHtooBayintNaung,1255,45
15-BoHmuBaHtooBayintNaung-46,15-BoHmuBaHtooBayintNaung,1257,46
15-BoHmuBaHtooBayintNaung-47,15-BoHmuBaHtooBayintNaung,1221,47
15-BoHmuBaHtooBayintNaung-48,15-BoHmuBaHtooBayintNaung,1216,48
15-BoHmuBaHtooBayintNaung-49,15-BoHmuBaHtooBayintNaung,1224,49
15-BoHmuBaHtooBayintNaung-50,15-BoHmuBaHtooBayintNaung,1207,50
15-BoHmuBaHtooBayintNaung-51,15-BoHmuBaHtooBayintNaung,1194,51
15-BoHmuBaHtooBayintNaung-52,15-BoHmuBaHtooBayintNaung,35,52
15-BoHmuBaHtooBayintNaung-53,15-BoHmuBaHtooBayintNaung,1309,53
15-BoHmuBaHtooBayintNaung-54,15-BoHmuBaHtooBayintNaung,1315,54
15-BoHmuBaHtooBayintNaung-55,15-BoHmuBaHtooBayintNaung,1307,55
15-BoHmuBaHtooBayintNaung-56,15-BoHmuBaHtooBayintNaung,1303,56
15-BoHmuBaHtooBayintNaung-57,15-BoHmuBaHtooBayintNaung,1304,57
15-BoHmuBaHtooBayintNaung-58,15-BoHmuBaHtooBayintNaung,1329,58
15-BoHmuBaHtooBayintNaung-59,15-BoHmuBaHtooBayintNaung,2395,59
15-BoHmuBaHtooBayintNaung-60,15-BoHmuBaHtooBayintNaung,1326,60
15-BoHmuBaHtooBayintNaung-61,15-BoHmuBaHtooBayintNaung,1327,61
15-BoHmuBaHtooBayintNaung-62,15-BoHmuBaHtooBayintNaung,1334,62
15-BoHmuBaHtooBayintNaung-63,15-BoHmuBaHtooBayintNaung,1336,63
15-BoHmuBaHtooBayintNaung-64,15-BoHmuBaHtooBayintNaung,1357,64
15-BoHmuBaHtooBayintNaung-65,15-BoHmuBaHtooBayintNaung,44,65
15-BoHmuBaHtooBayintNaung-66,15-BoHmuBaHtooBayintNaung,1356,66
15-BoHmuBaHtooBayintNaung-67,15-BoHmuBaHtooBayintNaung,1364,67
15-BoHmuBaHtooBayintNaung-68,15-BoHmuBaHtooBayintNaung,42,68
15-BoHmuBaHtooBayintNaung-69,15-BoHmuBaHtooBayintNaung,1381,69
15-BoHmuBaHtooBayintNaung-70,15-BoHmuBaHtooBayintNaung,1378,70
15-BoHmuBaHtooBayintNaung-71,15-BoHmuBaHtooBayintNaung,1384,71
15-BoHmuBaHtooBayintNaung-72,15-BoHmuBaHtooBayintNaung,1380,72
15-BoHmuBaHtooBayintNaung-73,15-BoHmuBaHtooBayintNaung,69,73
15-BoHmuBaHtooBayintNaung-74,15-BoHmuBaHtooBayintNaung,1379,74
15-BoHmuBaHtooBayintNaung-75,15-BoHmuBaHtooBayintNaung,1383,75
15-BoHmuBaHtooBayintNaung-76,15-BoHmuBaHtooBayintNaung,1377,76
15-BoHmuBaHtooBayintNaung-77,15-BoHmuBaHtooBayintNaung,1382,77
15-BoHmuBaHtooBayintNaung-78,15-BoHmuBaHtooBayintNaung,41,78
15-BoHmuBaHtooBayintNaung-79,15-BoHmuBaHtooBayintNaung,1363,79
15-BoHmuBaHtooBayintNaung-80,15-BoHmuBaHtooBayintNaung,1355,80
15-BoHmuBaHtooBayintNaung-81,15-BoHmuBaHtooBayintNaung,43,81
15-BoHmuBaHtooBayintNaung-82,15-BoHmuBaHtooBayintNaung,1358,82
15-BoHmuBaHtooBayintNaung-83,15-BoHmuBaHtooBayintNaung,1335,83
15-BoHmuBaHtooBayintNaung-84,15-BoHmuBaHtooBayintNaung,1333,84
15-BoHmuBaHtooBayintNaung-85,15-BoHmuBaHtooBayintNaung,1328,85
15-BoHmuBaHtooBayintNaung-86,15-BoHmuBaHtooBayintNaung,2201,86
15-BoHmuBaHtooBayintNaung-87,15-BoHmuBaHtooBayintNaung,1330,87
15-BoHmuBaHtooBayintNaung-88,15-BoHmuBaHtooBayintNaung,1305,88
15-BoHmuBaHtooBayintNaung-89,15-BoHmuBaHtooBayintNaung,1302,89
15-BoHmuBaHtooBayintNaung-90,15-BoHmuBaHtooBayintNaung,1306,90
15-BoHmuBaHtooBayintNaung-91,15-BoHmuBaHtooBayintNaung,1314,91
15-BoHmuBaHtooBayintNaung-92,15-BoHmuBaHtooBayintNaung,1308,92
15-BoHmuBaHtooBayintNaung-93,15-BoHmuBaHtooBayintNaung,1193,93
15-BoHmuBaHtooBayintNaung-94,15-BoHmuBaHtooBayintNaung,1195,94
15-BoHmuBaHtooBayintNaung-95,15-BoHmuBaHtooBayintNaung,1208,95
15-BoHmuBaHtooBayintNaung-96,15-BoHmuBaHtooBayintNaung,1225,96
15-BoHmuBaHtooBayintNaung-97,15-BoHmuBaHtooBayintNaung,2200,97
15-BoHmuBaHtooBayintNaung-98,15-BoHmuBaHtooBayintNaung,1220,98
15-BoHmuBaHtooBayintNaung-99,15-BoHmuBaHtooBayintNaung,1256,99
15-BoHmuBaHtooBayintNaung-100,15-BoHmuBaHtooBayintNaung,1254,100
15-BoHmuBaHtooBayintNaung-101,15-BoHmuBaHtooBayintNaung,1270,101
15-BoHmuBaHtooBayintNaung-102,15-BoHmuBaHtooBayintNaung,1266,102
15-BoHmuBaHtooBayintNaung-103,15-BoHmuBaHtooBayintNaung,1262,103
15-BoHmuBaHtooBayintNaung-104,15-BoHmuBaHtooBayintNaung,1820,104
15-BoHmuBaHtooBayintNaung-105,15-BoHmuBaHtooBayintNaung,38,105
15-BoHmuBaHtooBayintNaung-106,15-BoHmuBaHtooBayintNaung,1281,106
15-BoHmuBaHtooBayintNaung-107,15-BoHmuBaHtooBayintNaung,1274,107
15-BoHmuBaHtooBayintNaung-108,15-BoHmuBaHtooBayintNaung,889,108
15-BoHmuBaHtooBayintNaung-109,15-BoHmuBaHtooBayintNaung,885,109
15-BoHmuBaHtooBayintNaung-110,15-BoHmuBaHtooBayintNaung,887,110
15-BoHmuBaHtooBayintNaung-111,15-BoHmuBaHtooBayintNaung,891,111
15-BoHmuBaHtooBayintNaung-112,15-BoHmuBaHtooBayintNaung,797,112
15-BoHmuBaHtooBayintNaung-113,15-BoHmuBaHtooBayintNaung,801,113
15-BoHmuBaHtooBayintNaung-114,15-BoHmuBaHtooBayintNaung,807,114
15-BoHmuBaHtooBayintNaung-115,15-BoHmuBaHtooBayintNaung,800,115
15-BoHmuBaHtooBayintNaung-116,15-BoHmuBaHtooBayintNaung,795,116
15-BoHmuBaHtooBayintNaung-117,15-BoHmuBaHtooBayintNaung,805,117
15-BoHmuBaHtooBayintNaung-118,15-BoHmuBaHtooBayintNaung,867,118
15-BoHmuBaHtooBayintNaung-119,15-BoHmuBaHtooBayintNaung,2359,119
15-BoHmuBaHtooBayintNaung-120,15-BoHmuBaHtooBayintNaung,851,120
15-BoHmuBaHtooBayintNaung-121,15-BoHmuBaHtooBayintNaung,859,121
15-BoHmuBaHtooBayintNaung-122,15-BoHmuBaHtooBayintNaung,844,122
15-BoHmuBaHtooBayintNaung-123,15-BoHmuBaHtooBayintNaung,855,123
15-BoHmuBaHtooBayintNaung-124,15-BoHmuBaHtooBayintNaung,853,124
15-BoHmuBaHtooBayintNaung-125,15-BoHmuBaHtooBayintNaung,872,125
15-BoHmuBaHtooBayintNaung-126,15-BoHmuBaHtooBayintNaung,870,126
15-BoHmuBaHtooBayintNaung-127,15-BoHmuBaHtooBayintNaung,874,127
15-BoHmuBaHtooBayintNaung-128,15-BoHmuBaHtooBayintNaung,878,128
15-BoHmuBaHtooBayintNaung-129,15-BoHmuBaHtooBayintNaung,1018,129
15-BoHmuBaHtooBayintNaung-130,15-BoHmuBaHtooBayintNaung,1023,130
15-BoHmuBaHtooBayintNaung-131,15-BoHmuBaHtooBayintNaung,1020,131
15-BoHmuBaHtooBayintNaung-132,15-BoHmuBaHtooBayintNaung,1021,132
15-BoHmuBaHtooBayintNaung-133,15-BoHmuBaHtooBayintNaung,1019,133
15-BoHmuBaHtooBayintNaung-134,15-BoHmuBaHtooBayintNaung,1025,134
15-BoHmuBaHtooBayintNaung-135,15-BoHmuBaHtooBayintNaung,1027,135
15-BoHmuBaHtooBayintNaung-136,15-BoHmuBaHtooBayintNaung,3,136
15-BoHmuBaHtooBayintNaung-137,15-BoHmuBaHtooBayintNaung,2412,137
15-BoHmuBaHtooBayintNaung-138,15-BoHmuBaHtooBayintNaung,1032,138
15-BoHmuBaHtooBayintNaung-139,15-BoHmuBaHtooBayintNaung,1029,139
15-BoHmuBaHtooBayintNaung-140,15-BoHmuBaHtooBayintNaung,2122,140
15-BoHmuBaHtooBayintNaung-141,15-BoHmuBaHtooBayintNaung,2123,141
15-ShwePaukKan-1,15-ShwePaukKan,1031,1
15-ShwePaukKan-2,15-ShwePaukKan,1036,2
15-ShwePaukKan-3,15-ShwePaukKan,5,3
15-ShwePaukKan-4,15-ShwePaukKan,1030,4
15-ShwePaukKan-5,15-ShwePaukKan,2509,5
15-ShwePaukKan-6,15-ShwePaukKan,2404,6
15-ShwePaukKan-7,15-ShwePaukKan,1035,7
15-ShwePaukKan-8,15-ShwePaukKan,2363,8
15-ShwePaukKan-9,15-ShwePaukKan,2365,9
15-ShwePaukKan-10,15-ShwePaukKan,839,10
15-ShwePaukKan-11,15-ShwePaukKan,830,11
15-ShwePaukKan-12,15-ShwePaukKan,833,12
15-ShwePaukKan-13,15-ShwePaukKan,835,13
15-ShwePaukKan-14,15-ShwePaukKan,828,14
15-ShwePaukKan-15,15-ShwePaukKan,824,15
15-ShwePaukKan-16,15-ShwePaukKan,1607,16
15-ShwePaukKan-17,15-ShwePaukKan,826,17
15-ShwePaukKan-18,15-ShwePaukKan,819,18
15-ShwePaukKan-19,15-ShwePaukKan,2401,19
15-ShwePaukKan-20,15-ShwePaukKan,850,20
15-ShwePaukKan-21,15-ShwePaukKan,2181,21
15-ShwePaukKan-22,15-ShwePaukKan,806,22
15-ShwePaukKan-23,15-ShwePaukKan,796,23
15-ShwePaukKan-24,15-ShwePaukKan,799,24
15-ShwePaukKan-25,15-ShwePaukKan,808,25
15-ShwePaukKan-26,15-ShwePaukKan,802,26
15-ShwePaukKan-27,15-ShwePaukKan,798,27
15-ShwePaukKan-28,15-ShwePaukKan,892,28
15-ShwePaukKan-29,15-ShwePaukKan,888,29
15-ShwePaukKan-30,15-ShwePaukKan,886,30
15-ShwePaukKan-31,15-ShwePaukKan,890,31
15-ShwePaukKan-32,15-ShwePaukKan,1275,32
15-ShwePaukKan-33,15-ShwePaukKan,1821,33
15-ShwePaukKan-34,15-ShwePaukKan,1280,34
15-ShwePaukKan-35,15-ShwePaukKan,1819,35
15-ShwePaukKan-36,15-ShwePaukKan,1265,36
15-ShwePaukKan-37,15-ShwePaukKan,1267,37
15-ShwePaukKan-38,15-ShwePaukKan,1271,38
15-ShwePaukKan-39,15-ShwePaukKan,1255,39
15-ShwePaukKan-40,15-ShwePaukKan,1257,40
15-ShwePaukKan-41,15-ShwePaukKan,1221,41
15-ShwePaukKan-42,15-ShwePaukKan,1216,42
15-ShwePaukKan-43,15-ShwePaukKan,1224,43
15-ShwePaukKan-44,15-ShwePaukKan,1207,44
15-ShwePaukKan-45,15-ShwePaukKan,1194,45
15-ShwePaukKan-46,15-ShwePaukKan,35,46
15-ShwePaukKan-47,15-ShwePaukKan,1309,47
15-ShwePaukKan-48,15-ShwePaukKan,1315,48
15-ShwePaukKan-49,15-ShwePaukKan,1307,49
15-ShwePaukKan-50,15-ShwePaukKan,1303,50
15-ShwePaukKan-51,15-ShwePaukKan,1304,51
15-ShwePaukKan-52,15-ShwePaukKan,1329,52
15-ShwePaukKan-53,15-ShwePaukKan,2395,53
15-ShwePaukKan-54,15-ShwePaukKan,1326,54
15-ShwePaukKan-55,15-ShwePaukKan,1327,55
15-ShwePaukKan-56,15-ShwePaukKan,1334,56
15-ShwePaukKan-57,15-ShwePaukKan,1336,57
15-ShwePaukKan-58,15-ShwePaukKan,1357,58
15-ShwePaukKan-59,15-ShwePaukKan,44,59
15-ShwePaukKan-60,15-ShwePaukKan,1356,60
15-ShwePaukKan-61,15-ShwePaukKan,1364,61
15-ShwePaukKan-62,15-ShwePaukKan,42,62
15-ShwePaukKan-63,15-ShwePaukKan,1381,63
15-ShwePaukKan-64,15-ShwePaukKan,1378,64
15-ShwePaukKan-65,15-ShwePaukKan,1384,65
15-ShwePaukKan-66,15-ShwePaukKan,1380,66
15-ShwePaukKan-67,15-ShwePaukKan,69,67
15-ShwePaukKan-68,15-ShwePaukKan,1379,68
15-ShwePaukKan-69,15-ShwePaukKan,1383,69
15-ShwePaukKan-70,15-ShwePaukKan,1377,70
15-ShwePaukKan-71,15-ShwePaukKan,1382,71
15-ShwePaukKan-72,15-ShwePaukKan,41,72
15-ShwePaukKan-73,15-ShwePaukKan,1363,73
15-ShwePaukKan-74,15-ShwePaukKan,1355,74
15-ShwePaukKan-75,15-ShwePaukKan,43,75
15-ShwePaukKan-76,15-ShwePaukKan,1358,76
15-ShwePaukKan-77,15-ShwePaukKan,1335,77
15-ShwePaukKan-78,15-ShwePaukKan,1333,78
15-ShwePaukKan-79,15-ShwePaukKan,1328,79
15-ShwePaukKan-80,15-ShwePaukKan,2201,80
15-ShwePaukKan-81,15-ShwePaukKan,1330,81
15-ShwePaukKan-82,15-ShwePaukKan,1305,82
15-ShwePaukKan-83,15-ShwePaukKan,1302,83
15-ShwePaukKan-84,15-ShwePaukKan,1306,84
15-ShwePaukKan-85,15-ShwePaukKan,1314,85
15-ShwePaukKan-86,15-ShwePaukKan,1308,86
15-ShwePaukKan-87,15-ShwePaukKan,1193,87
15-ShwePaukKan-88,15-ShwePaukKan,1195,88
15-ShwePaukKan-89,15-ShwePaukKan,1208,89
15-ShwePaukKan-90,15-ShwePaukKan,1225,90
15-ShwePaukKan-91,15-ShwePaukKan,2200,91
15-ShwePaukKan-92,15-ShwePaukKan,1220,92
15-ShwePaukKan-93,15-ShwePaukKan,1256,93
15-ShwePaukKan-94,15-ShwePaukKan,1254,94
15-ShwePaukKan-95,15-ShwePaukKan,1270,95
15-ShwePaukKan-96,15-ShwePaukKan,1266,96
15-ShwePaukKan-97,15-ShwePaukKan,1262,97
15-ShwePaukKan-98,15-ShwePaukKan,1820,98
15-ShwePaukKan-99,15-ShwePaukKan,38,99
15-ShwePaukKan-100,15-ShwePaukKan,1281,100
15-ShwePaukKan-101,15-ShwePaukKan,1274,101
15-ShwePaukKan-102,15-ShwePaukKan,889,102
15-ShwePaukKan-103,15-ShwePaukKan,885,103
15-ShwePaukKan-104,15-ShwePaukKan,887,104
15-ShwePaukKan-105,15-ShwePaukKan,891,105
15-ShwePaukKan-106,15-ShwePaukKan,797,106
15-ShwePaukKan-107,15-ShwePaukKan,801,107
15-ShwePaukKan-108,15-ShwePaukKan,807,108
15-ShwePaukKan-109,15-ShwePaukKan,800,109
15-ShwePaukKan-110,15-ShwePaukKan,795,110
15-ShwePaukKan-111,15-ShwePaukKan,805,111
15-ShwePaukKan-112,15-ShwePaukKan,867,112
15-ShwePaukKan-113,15-ShwePaukKan,849,113
15-ShwePaukKan-114,15-ShwePaukKan,1823,114
15-ShwePaukKan-115,15-ShwePaukKan,820,115
15-ShwePaukKan-116,15-ShwePaukKan,825,116
15-ShwePaukKan-117,15-ShwePaukKan,1606,117
15-ShwePaukKan-118,15-ShwePaukKan,822,118
15-ShwePaukKan-119,15-ShwePaukKan,827,119
15-ShwePaukKan-120,15-ShwePaukKan,834,120
15-ShwePaukKan-121,15-ShwePaukKan,831,121
15-ShwePaukKan-122,15-ShwePaukKan,829,122
15-ShwePaukKan-123,15-ShwePaukKan,838,123
15-ShwePaukKan-124,15-ShwePaukKan,2366,124
15-ShwePaukKan-125,15-ShwePaukKan,2364,125
15-ShwePaukKan-126,15-ShwePaukKan,1034,126
15-ShwePaukKan-127,15-ShwePaukKan,2510,127
15-ShwePaukKan-128,15-ShwePaukKan,1029,128
15-ShwePaukKan-129,15-ShwePaukKan,2122,129
15-ShwePaukKan-130,15-ShwePaukKan,2123,130
15-ShwePaukKan-131,15-ShwePaukKan,1031,131
16A-1,16A,1603,1
16A-2,16A,2209,2
16A-3,16A,2189,3
16A-4,16A,833,4
16A-5,16A,835,5
16A-6,16A,828,6
16A-7,16A,824,7
16A-8,16A,1607,8
16A-9,16A,826,9
16A-10,16A,819,10
16A-11,16A,850,11
16A-12,16A,858,12
16A-13,16A,843,13
16A-14,16A,864,14
16A-15,16A,866,15
16A-16,16A,862,16
16A-17,16A,883,17
16A-18,16A,888,18
16A-19,16A,886,19
16A-20,16A,890,20
16A-21,16A,1275,21
16A-22,16A,1821,22
16A-23,16A,1280,23
16A-24,16A,1819,24
16A-25,16A,1265,25
16A-26,16A,1267,26
16A-27,16A,1271,27
16A-28,16A,1255,28
16A-29,16A,1257,29
16A-30,16A,1221,30
16A-31,16A,1216,31
16A-32,16A,1224,32
16A-33,16A,1207,33
16A-34,16A,1194,34
16A-35,16A,1157,35
16A-36,16A,1155,36
16A-37,16A,1152,37
16A-38,16A,1148,38
16A-39,16A,33,39
16A-40,16A,1145,40
16A-41,16A,1133,41
16A-42,16A,2222,42
16A-43,16A,2224,43
16A-44,16A,1121,44
16A-45,16A,1126,45
16A-46,16A,25,46
16A-47,16A,2351,47
16A-48,16A,1125,48
16A-49,16A,1122,49
16A-50,16A,2225,50
16A-51,16A,2223,51
16A-52,16A,1132,52
16A-53,16A,1144,53
16A-54,16A,32,54
16A-55,16A,1149,55
16A-56,16A,1153,56
16A-57,16A,1154,57
16A-58,16A,1156,58
16A-59,16A,1195,59
16A-60,16A,1208,60
16A-61,16A,1225,61
16A-62,16A,2200,62
16A-63,16A,1220,63
16A-64,16A,1256,64
16A-65,16A,1254,65
16A-66,16A,1270,66
16A-67,16A,1266,67
16A-68,16A,1820,68
16A-69,16A,38,69
16A-70,16A,1281,70
16A-71,16A,1274,71
16A-72,16A,889,72
16A-73,16A,885,73
16A-74,16A,887,74
16A-75,16A,882,75
16A-76,16A,861,76
16A-77,16A,865,77
16A-78,16A,863,78
16A-79,16A,842,79
16A-80,16A,857,80
16A-81,16A,849,81
16A-82,16A,1823,82
16A-83,16A,820,83
16A-84,16A,825,84
16A-85,16A,1606,85
16A-86,16A,822,86
16A-87,16A,827,87
16A-88,16A,834,88
16A-89,16A,831,89
16A-90,16A,2190,90
16A-91,16A,2208,91
16A-92,16A,2188,92
16B-1,16B,828,1
16B-2,16B,824,2
16B-3,16B,1607,3
16B-4,16B,826,4
16B-5,16B,819,5
16B-6,16B,2401,6
16B-7,16B,850,7
16B-8,16B,2181,8
16B-9,16B,806,9
16B-10,16B,796,10
16B-11,16B,799,11
16B-12,16B,808,12
16B-13,16B,802,13
16B-14,16B,798,14
16B-15,16B,892,15
16B-16,16B,886,16
16B-17,16B,890,17
16B-18,16B,1275,18
16B-19,16B,1821,19
16B-20,16B,1280,20
16B-21,16B,1819,21
16B-22,16B,1265,22
16B-23,16B,1267,23
16B-24,16B,1271,24
16B-25,16B,1255,25
16B-26,16B,1257,26
16B-27,16B,1221,27
16B-28,16B,2402,28
16B-29,16B,1250,29
16B-30,16B,1252,30
16B-31,16B,1311,31
16B-32,16B,1312,32
16B-33,16B,1341,33
16B-34,16B,1346,34
16B-35,16B,1344,35
16B-36,16B,1324,36
16B-37,16B,1321,37
16B-38,16B,1332,38
16B-39,16B,1323,39
16B-40,16B,31,40
16B-41,16B,1139,41
16B-42,16B,1135,42
16B-43,16B,2229,43
16B-44,16B,1131,44
16B-45,16B,1124,45
16B-46,16B,1121,46
16B-47,16B,1126,47
16B-48,16B,25,48
16B-49,16B,1125,49
16B-50,16B,1122,50
16B-51,16B,1123,51
16B-52,16B,1130,52
16B-53,16B,2228,53
16B-54,16B,1134,54
16B-55,16B,1138,55
16B-56,16B,30,56
16B-57,16B,1322,57
16B-58,16B,1331,58
16B-59,16B,1320,59
16B-60,16B,1325,60
16B-61,16B,1343,61
16B-62,16B,1345,62
16B-63,16B,1342,63
16B-64,16B,1313,64
16B-65,16B,1310,65
16B-66,16B,1253,66
16B-67,16B,1251,67
16B-68,16B,1222,68
16B-69,16B,1220,69
16B-70,16B,1256,70
16B-71,16B,1254,71
16B-72,16B,1270,72
16B-73,16B,1266,73
16B-74,16B,1262,74
16B-75,16B,1820,75
16B-76,16B,38,76
16B-77,16B,1281,77
16B-78,16B,1274,78
16B-79,16B,889,79
16B-80,16B,885,80
16B-81,16B,887,81
16B-82,16B,891,82
16B-83,16B,797,83
16B-84,16B,801,84
16B-85,16B,807,85
16B-86,16B,800,86
16B-87,16B,795,87
16B-88,16B,805,88
16B-89,16B,867,89
16B-90,16B,848,90
16B-91,16B,1823,91
16B-92,16B,825,92
16B-93,16B,1606,93
16B-94,16B,823,94
16B-95,16B,827,95
16C-1,16C,1415,1
16C-2,16C,1417,2
16C-3,16C,814,3
16C-4,16C,812,4
16C-5,16C,809,5
16C-6,16C,819,6
16C-7,16C,2401,7
16C-8,16C,850,8
16C-9,16C,2181,9
16C-10,16C,806,10
16C-11,16C,796,11
16C-12,16C,799,12
16C-13,16C,808,13
16C-14,16C,802,14
16C-15,16C,798,15
16C-16,16C,892,16
16C-17,16C,887,17
16C-18,16C,886,18
16C-19,16C,890,19
16C-20,16C,1275,20
16C-21,16C,1821,21
16C-22,16C,1280,22
16C-23,16C,1819,23
16C-24,16C,1265,24
16C-25,16C,1267,25
16C-26,16C,1271,26
16C-27,16C,1255,27
16C-28,16C,1257,28
16C-29,16C,1221,29
16C-30,16C,2200,30
16C-31,16C,1224,31
16C-32,16C,1207,32
16C-33,16C,1194,33
16C-34,16C,1157,34
16C-35,16C,1155,35
16C-36,16C,1152,36
16C-37,16C,1148,37
16C-38,16C,33,38
16C-39,16C,1145,39
16C-40,16C,1132,40
16C-41,16C,2222,41
16C-42,16C,2225,42
16C-43,16C,1121,43
16C-44,16C,1126,44
16C-45,16C,25,45
16C-46,16C,1125,46
16C-47,16C,1122,47
16C-48,16C,2224,48
16C-49,16C,2223,49
16C-50,16C,1133,50
16C-51,16C,1144,51
16C-52,16C,32,52
16C-53,16C,1149,53
16C-54,16C,1153,54
16C-55,16C,1154,55
16C-56,16C,1156,56
16C-57,16C,1195,57
16C-58,16C,1208,58
16C-59,16C,1225,59
16C-60,16C,1216,60
16C-61,16C,1220,61
16C-62,16C,1256,62
16C-63,16C,1254,63
16C-64,16C,1270,64
16C-65,16C,1266,65
16C-66,16C,1262,66
16C-67,16C,1820,67
16C-68,16C,38,68
16C-69,16C,1281,69
16C-70,16C,1274,70
16C-71,16C,889,71
16C-72,16C,885,72
16C-73,16C,888,73
16C-74,16C,891,74
16C-75,16C,797,75
16C-76,16C,801,76
16C-77,16C,807,77
16C-78,16C,800,78
16C-79,16C,795,79
16C-80,16C,805,80
16C-81,16C,867,81
16C-82,16C,848,82
16C-83,16C,1823,83
16C-84,16C,818,84
16C-85,16C,810,85
16C-86,16C,813,86
16C-87,16C,815,87
16C-88,16C,1419,88
16C-89,16C,1416,89
17-1,17,2212,1
17-2,17,1605,2
17-3,17,2215,3
17-4,17,839,4
17-5,17,830,5
17-6,17,833,6
17-7,17,835,7
17-8,17,828,8
17-9,17,824,9
17-10,17,1607,10
17-11,17,826,11
17-12,17,818,12
17-13,17,810,13
17-14,17,813,14
17-15,17,1418,15
17-16,17,1402,16
17-17,17,1404,17
17-18,17,1395,18
17-19,17,47,19
17-20,17,1390,20
17-21,17,1388,21
17-22,17,1386,22
17-23,17,1391,23
17-24,17,73,24
17-25,17,1503,25
17-26,17,80,26
17-27,17,1376,27
17-28,17,2245,28
17-29,17,1102,29
17-30,17,2435,30
17-31,17,2238,31
17-32,17,1100,32
17-33,17,21,33
17-34,17,2236,34
17-35,17,2232,35
17-36,17,21,36
17-37,17,1098,37
17-38,17,1103,38
17-39,17,1109,39
17-40,17,19,40
17-41,17,2234,41
17-42,17,2484,42
17-43,17,25,43
17-44,17,2351,44
17-45,17,2485,45
17-46,17,2233,46
17-47,17,18,47
17-48,17,1110,48
17-49,17,1104,49
17-50,17,1097,50
17-51,17,2231,51
17-52,17,2235,52
17-53,17,20,53
17-54,17,1099,54
17-55,17,2237,55
17-56,17,2436,56
17-57,17,1101,57
17-58,17,2246,58
17-59,17,1375,59
17-60,17,79,60
17-61,17,1502,61
17-62,17,74,62
17-63,17,1392,63
17-64,17,1385,64
17-65,17,1387,65
17-66,17,1389,66
17-67,17,48,67
17-68,17,1396,68
17-69,17,1403,69
17-70,17,1401,70
17-71,17,1417,71
17-72,17,812,72
17-73,17,809,73
17-74,17,820,74
17-75,17,825,75
17-76,17,1606,76
17-77,17,822,77
17-78,17,827,78
17-79,17,834,79
17-80,17,831,80
17-81,17,829,81
17-82,17,838,82
17-83,17,2214,83
17-84,17,1604,84
17-85,17,2213,85
18-1,18,1396,1
18-2,18,1403,2
18-3,18,1401,3
18-4,18,2397,4
18-5,18,1417,5
18-6,18,814,6
18-7,18,812,7
18-8,18,809,8
18-9,18,819,9
18-10,18,2401,10
18-11,18,850,11
18-12,18,858,12
18-13,18,843,13
18-14,18,864,14
18-15,18,866,15
18-16,18,862,16
18-17,18,883,17
18-18,18,888,18
18-19,18,886,19
18-20,18,890,20
18-21,18,1276,21
18-22,18,1272,22
18-23,18,1279,23
18-24,18,1283,24
18-25,18,1287,25
18-26,18,1289,26
18-27,18,2124,27
18-28,18,1078,28
18-29,18,2128,29
18-30,18,1082,30
18-31,18,2146,31
18-32,18,1086,32
18-33,18,2126,33
18-34,18,1089,34
18-35,18,2403,35
18-36,18,633,36
18-37,18,634,37
18-38,18,2160,38
18-39,18,597,39
18-40,18,609,40
18-41,18,602,41
18-42,18,616,42
18-43,18,366,43
18-44,18,361,44
18-45,18,356,45
18-46,18,2502,46
18-47,18,571,47
18-48,18,359,48
18-49,18,392,49
18-50,18,372,50
18-51,18,380,51
18-52,18,363,52
18-53,18,342,53
18-54,18,344,54
18-55,18,364,55
18-56,18,357,56
18-57,18,360,57
18-58,18,367,58
18-59,18,615,59
18-60,18,601,60
18-61,18,610,61
18-62,18,598,62
18-63,18,2161,63
18-64,18,635,64
18-65,18,632,65
18-66,18,613,66
18-67,18,1090,67
18-68,18,1088,68
18-69,18,1087,69
18-70,18,2129,70
18-71,18,1083,71
18-72,18,2127,72
18-73,18,1079,73
18-74,18,1075,74
18-75,18,1288,75
18-76,18,1286,76
18-77,18,1282,77
18-78,18,1278,78
18-79,18,1273,79
18-80,18,1277,80
18-81,18,889,81
18-82,18,885,82
18-83,18,887,83
18-84,18,882,84
18-85,18,861,85
18-86,18,865,86
18-87,18,863,87
18-88,18,842,88
18-89,18,857,89
18-90,18,848,90
18-91,18,1823,91
18-92,18,818,92
18-93,18,810,93
18-94,18,813,94
18-95,18,815,95
18-96,18,1418,96
18-97,18,2396,97
18-98,18,1402,98
18-99,18,1404,99
18-100,18,2506,100
19-1,19,2213,1
19-2,19,1605,2
19-3,19,2215,3
19-4,19,839,4
19-5,19,830,5
19-6,19,835,6
19-7,19,828,7
19-8,19,824,8
19-9,19,1607,9
19-10,19,826,10
19-11,19,821,11
19-12,19,850,12
19-13,19,858,13
19-14,19,843,14
19-15,19,864,15
19-16,19,866,16
19-17,19,862,17
19-18,19,883,18
19-19,19,888,19
19-20,19,886,20
19-21,19,890,21
19-22,19,1275,22
19-23,19,1821,23
19-24,19,1280,24
19-25,19,1819,25
19-26,19,1265,26
19-27,19,1267,27
19-28,19,1271,28
19-29,19,1255,29
19-30,19,1257,30
19-31,19,1221,31
19-32,19,2200,32
19-33,19,1224,33
19-34,19,1207,34
19-35,19,1194,35
19-36,19,1196,36
19-37,19,1201,37
19-38,19,1167,38
19-39,19,1165,39
19-40,19,1161,40
19-41,19,1162,41
19-42,19,1184,42
19-43,19,310,43
19-44,19,308,44
19-45,19,302,45
19-46,19,278,46
19-47,19,292,47
19-48,19,259,48
19-49,19,252,49
19-50,19,242,50
19-51,19,240,51
19-52,19,91,52
19-53,19,88,53
19-54,19,90,54
19-55,19,103,55
19-56,19,114,56
19-57,19,115,57
19-58,19,104,58
19-59,19,89,59
19-60,19,87,60
19-61,19,92,61
19-62,19,241,62
19-63,19,243,63
19-64,19,253,64
19-65,19,258,65
19-66,19,291,66
19-67,19,277,67
19-68,19,301,68
19-69,19,307,69
19-70,19,309,70
19-71,19,1183,71
19-72,19,1163,72
19-73,19,1160,73
19-74,19,1164,74
19-75,19,1166,75
19-76,19,1200,76
19-77,19,1197,77
19-78,19,1195,78
19-79,19,1208,79
19-80,19,1225,80
19-81,19,1216,81
19-82,19,1220,82
19-83,19,1256,83
19-84,19,1254,84
19-85,19,1270,85
19-86,19,1266,86
19-87,19,1820,87
19-88,19,38,88
19-89,19,1281,89
19-90,19,1274,90
19-91,19,889,91
19-92,19,885,92
19-93,19,887,93
19-94,19,882,94
19-95,19,861,95
19-96,19,865,96
19-97,19,863,97
19-98,19,842,98
19-99,19,857,99
19-100,19,849,100
19-101,19,1823,101
19-102,19,820,102
19-103,19,825,103
19-104,19,1606,104
19-105,19,823,105
19-106,19,827,106
19-107,19,834,107
19-108,19,829,108
19-109,19,838,109
19-110,19,2214,110
19-111,19,1604,111
19-112,19,2212,112
2-1,2,2345,1
2-2,2,641,2
2-3,2,662,3
2-4,2,659,4
2-5,2,649,5
2-6,2,658,6
2-7,2,653,7
2-8,2,667,8
2-9,2,706,9
2-10,2,703,10
2-11,2,705,11
2-12,2,2135,12
2-13,2,724,13
2-14,2,720,14
2-15,2,711,15
2-16,2,694,16
2-17,2,680,17
2-18,2,676,18
2-19,2,1613,19
2-20,2,1010,20
2-21,2,2348,21
2-22,2,2347,22
2-23,2,1009,23
2-24,2,1008,24
2-25,2,1005,25
2-26,2,929,26
2-27,2,881,27
2-28,2,927,28
2-29,2,935,29
2-30,2,1019,30
2-31,2,931,31
2-32,2,903,32
2-33,2,905,33
2-34,2,917,34
2-35,2,919,35
2-36,2,915,36
2-37,2,899,37
2-38,2,901,38
2-39,2,897,39
2-40,2,894,40
2-41,2,1822,41
2-42,2,891,42
2-43,2,797,43
2-44,2,801,44
2-45,2,807,45
2-46,2,800,46
2-47,2,795,47
2-48,2,805,48
2-49,2,867,49
2-50,2,849,50
2-51,2,1823,51
2-52,2,818,52
2-53,2,810,53
2-54,2,813,54
2-55,2,809,55
2-56,2,819,56
2-57,2,2401,57
2-58,2,850,58
2-59,2,2181,59
2-60,2,806,60
2-61,2,796,61
2-62,2,799,62
2-63,2,808,63
2-64,2,802,64
2-65,2,798,65
2-66,2,892,66
2-67,2,884,67
2-68,2,893,68
2-69,2,896,69
2-70,2,900,70
2-71,2,898,71
2-72,2,914,72
2-73,2,918,73
2-74,2,916,74
2-75,2,904,75
2-76,2,902,76
2-77,2,930,77
2-78,2,1021,78
2-79,2,936,79
2-80,2,2350,80
2-81,2,880,81
2-82,2,928,82
2-83,2,1004,83
2-84,2,2346,84
2-85,2,1006,85
2-86,2,1007,86
2-87,2,2349,87
2-88,2,1612,88
2-89,2,675,89
2-90,2,679,90
2-91,2,693,91
2-92,2,710,92
2-93,2,721,93
2-94,2,2134,94
2-95,2,2479,95
2-96,2,2137,96
2-97,2,704,97
2-98,2,707,98
2-99,2,668,99
2-100,2,654,100
2-101,2,657,101
2-102,2,650,102
2-103,2,660,103
2-104,2,661,104
2-105,2,640,105
2-106,2,2141,106
20-1,20,2351,1
20-2,20,1125,2
20-3,20,1122,3
20-4,20,2225,4
20-5,20,2223,5
20-6,20,1132,6
20-7,20,1144,7
20-8,20,32,8
20-9,20,1149,9
20-10,20,1153,10
20-11,20,1154,11
20-12,20,1156,12
20-13,20,2360,13
20-14,20,1196,14
20-15,20,1201,15
20-16,20,1167,16
20-17,20,1165,17
20-18,20,1161,18
20-19,20,1162,19
20-20,20,1184,20
20-21,20,310,21
20-22,20,308,22
20-23,20,302,23
20-24,20,278,24
20-25,20,292,25
20-26,20,259,26
20-27,20,252,27
20-28,20,248,28
20-29,20,254,29
20-30,20,260,30
20-31,20,272,31
20-32,20,267,32
20-33,20,2389,33
20-34,20,222,34
20-35,20,224,35
20-36,20,228,36
20-37,20,231,37
20-38,20,226,38
20-39,20,234,39
20-40,20,233,40
20-41,20,332,41
20-42,20,238,42
20-43,20,388,43
20-44,20,374,44
20-45,20,454,45
20-46,20,186,46
20-47,20,182,47
20-48,20,188,48
20-49,20,177,49
20-50,20,176,50
20-51,20,156,51
20-52,20,161,52
20-53,20,2221,53
20-54,20,162,54
20-55,20,155,55
20-56,20,147,56
20-57,20,151,57
20-58,20,139,58
20-59,20,129,59
20-60,20,132,60
20-61,20,123,61
20-62,20,119,62
20-63,20,112,63
20-64,20,115,64
20-65,20,2428,65
20-66,20,1814,66
20-67,20,190,67
20-68,20,189,68
20-69,20,191,69
20-70,20,174,70
20-71,20,178,71
20-72,20,187,72
20-73,20,181,73
20-74,20,185,74
20-75,20,453,75
20-76,20,375,76
20-77,20,387,77
20-78,20,239,78
20-79,20,333,79
20-80,20,232,80
20-81,20,235,81
20-82,20,227,82
20-83,20,2177,83
20-84,20,229,84
20-85,20,225,85
20-86,20,223,86
20-87,20,274,87
20-88,20,266,88
20-89,20,273,89
20-90,20,261,90
20-91,20,255,91
20-92,20,249,92
20-93,20,253,93
20-94,20,258,94
20-95,20,291,95
20-96,20,277,96
20-97,20,301,97
20-98,20,307,98
20-99,20,309,99
20-100,20,1183,100
20-101,20,1163,101
20-102,20,1160,102
20-103,20,1164,103
20-104,20,1166,104
20-105,20,1200,105
20-106,20,1197,106
20-107,20,1192,107
20-108,20,1157,108
20-109,20,1155,109
20-110,20,1152,110
20-111,20,1148,111
20-112,20,33,112
20-113,20,1145,113
20-114,20,1133,114
20-115,20,2222,115
20-116,20,2224,116
20-117,20,1121,117
20-118,20,1126,118
20-119,20,25,119
21-1,21,2120,1
21-2,21,1094,2
21-3,21,1101,3
21-4,21,2246,4
21-5,21,1375,5
21-6,21,79,6
21-7,21,1502,7
21-8,21,70,8
21-9,21,1379,9
21-10,21,1383,10
21-11,21,1377,11
21-12,21,1382,12
21-13,21,41,13
21-14,21,1363,14
21-15,21,1355,15
21-16,21,43,16
21-17,21,1362,17
21-18,21,1360,18
21-19,21,1365,19
21-20,21,1367,20
21-21,21,1370,21
21-22,21,1350,22
21-23,21,1348,23
21-24,21,1345,24
21-25,21,1342,25
21-26,21,1313,26
21-27,21,1310,27
21-28,21,1253,28
21-29,21,1251,29
21-30,21,1222,30
21-31,21,1219,31
21-32,21,1218,32
21-33,21,1211,33
21-34,21,1180,34
21-35,21,1182,35
21-36,21,1171,36
21-37,21,1176,37
21-38,21,1174,38
21-39,21,288,39
21-40,21,320,40
21-41,21,263,41
21-42,21,265,42
21-43,21,269,43
21-44,21,199,44
21-45,21,197,45
21-46,21,117,46
21-47,21,125,47
21-48,21,1284,48
21-49,21,122,49
21-50,21,1284,50
21-51,21,126,51
21-52,21,118,52
21-53,21,196,53
21-54,21,198,54
21-55,21,268,55
21-56,21,264,56
21-57,21,262,57
21-58,21,319,58
21-59,21,287,59
21-60,21,1175,60
21-61,21,1177,61
21-62,21,1170,62
21-63,21,1181,63
21-64,21,1179,64
21-65,21,1212,65
21-66,21,1217,66
21-67,21,1219,67
21-68,21,1223,68
21-69,21,1250,69
21-70,21,1252,70
21-71,21,1311,71
21-72,21,1312,72
21-73,21,1341,73
21-74,21,1346,74
21-75,21,1347,75
21-76,21,1349,76
21-77,21,1369,77
21-78,21,1368,78
21-79,21,1366,79
21-80,21,1359,80
21-81,21,1361,81
21-82,21,44,82
21-83,21,1356,83
21-84,21,1364,84
21-85,21,42,85
21-86,21,1381,86
21-87,21,1378,87
21-88,21,1384,88
21-89,21,1380,89
21-90,21,69,90
21-91,21,1503,91
21-92,21,80,92
21-93,21,1376,93
21-94,21,2245,94
21-95,21,1102,95
21-96,21,1096,96
21-97,21,2121,97
22-1,22,2120,1
22-2,22,1094,2
22-3,22,2238,3
22-4,22,1100,4
22-5,22,21,5
22-6,22,2236,6
22-7,22,2232,7
22-8,22,1098,8
22-9,22,1103,9
22-10,22,1109,10
22-11,22,19,11
22-12,22,2234,12
22-13,22,1125,13
22-14,22,1122,14
22-15,22,1123,15
22-16,22,1130,16
22-17,22,2228,17
22-18,22,1134,18
22-19,22,1138,19
22-20,22,30,20
22-21,22,1322,21
22-22,22,1331,22
22-23,22,1320,23
22-24,22,1325,24
22-25,22,1345,25
22-26,22,1317,26
22-27,22,2199,27
22-28,22,1199,28
22-29,22,1206,29
22-30,22,1203,30
22-31,22,1173,31
22-32,22,1169,32
22-33,22,2197,33
22-34,22,2198,34
22-35,22,282,35
22-36,22,293,36
22-37,22,297,37
22-38,22,312,38
22-39,22,284,39
22-40,22,279,40
22-41,22,300,41
22-42,22,250,42
22-43,22,256,43
22-44,22,247,44
22-45,22,244,45
22-46,22,97,46
22-47,22,95,47
22-48,22,93,48
22-49,22,99,49
22-50,22,109,50
22-51,22,2427,51
22-52,22,110,52
22-53,22,100,53
22-54,22,94,54
22-55,22,96,55
22-56,22,98,56
22-57,22,245,57
22-58,22,246,58
22-59,22,257,59
22-60,22,251,60
22-61,22,299,61
22-62,22,280,62
22-63,22,283,63
22-64,22,311,64
22-65,22,298,65
22-66,22,294,66
22-67,22,281,67
22-68,22,1178,68
22-69,22,1185,69
22-70,22,1168,70
22-71,22,1172,71
22-72,22,1204,72
22-73,22,1205,73
22-74,22,1198,74
22-75,22,1202,75
22-76,22,1316,76
22-77,22,1324,77
22-78,22,1321,78
22-79,22,1332,79
22-80,22,1323,80
22-81,22,31,81
22-82,22,1139,82
22-83,22,1135,83
22-84,22,2229,84
22-85,22,1131,85
22-86,22,1124,86
22-87,22,1121,87
22-88,22,1126,88
22-89,22,2233,89
22-90,22,18,90
22-91,22,1110,91
22-92,22,1104,92
22-93,22,1097,93
22-94,22,20,94
22-95,22,2231,95
22-96,22,2235,96
22-97,22,20,97
22-98,22,1099,98
22-99,22,2237,99
22-100,22,1096,100
22-101,22,2121,101
23A-1,23A,24,1
23A-2,23A,2351,2
23A-3,23A,1125,3
23A-4,23A,1122,4
23A-5,23A,2225,5
23A-6,23A,2223,6
23A-7,23A,1132,7
23A-8,23A,1144,8
23A-9,23A,32,9
23A-10,23A,1149,10
23A-11,23A,1153,11
23A-12,23A,1154,12
23A-13,23A,1156,13
23A-14,23A,2360,14
23A-15,23A,1196,15
23A-16,23A,1201,16
23A-17,23A,1167,17
23A-18,23A,1165,18
23A-19,23A,1161,19
23A-20,23A,1162,20
23A-21,23A,1184,21
23A-22,23A,310,22
23A-23,23A,308,23
23A-24,23A,302,24
23A-25,23A,278,25
23A-26,23A,292,26
23A-27,23A,259,27
23A-28,23A,252,28
23A-29,23A,242,29
23A-30,23A,240,30
23A-31,23A,91,31
23A-32,23A,88,32
23A-33,23A,90,33
23A-34,23A,103,34
23A-35,23A,102,35
23A-36,23A,2428,36
23A-37,23A,2427,37
23A-38,23A,101,38
23A-39,23A,104,39
23A-40,23A,89,40
23A-41,23A,87,41
23A-42,23A,92,42
23A-43,23A,241,43
23A-44,23A,243,44
23A-45,23A,253,45
23A-46,23A,258,46
23A-47,23A,291,47
23A-48,23A,277,48
23A-49,23A,301,49
23A-50,23A,307,50
23A-51,23A,309,51
23A-52,23A,1183,52
23A-53,23A,1163,53
23A-54,23A,1160,54
23A-55,23A,1164,55
23A-56,23A,1166,56
23A-57,23A,1200,57
23A-58,23A,1197,58
23A-59,23A,1192,59
23A-60,23A,1157,60
23A-61,23A,1155,61
23A-62,23A,1152,62
23A-63,23A,1148,63
23A-64,23A,33,64
23A-65,23A,1145,65
23A-66,23A,1133,66
23A-67,23A,2222,67
23A-68,23A,2224,68
23A-69,23A,1121,69
23A-70,23A,1126,70
23A-71,23A,25,71
23A-72,23A,24,72
23B-1,23B,24,1
23B-2,23B,2351,2
23B-3,23B,1125,3
23B-4,23B,1122,4
23B-5,23B,1123,5
23B-6,23B,1130,6
23B-7,23B,2228,7
23B-8,23B,1134,8
23B-9,23B,1138,9
23B-10,23B,30,10
23B-11,23B,1322,11
23B-12,23B,1330,12
23B-13,23B,1305,13
23B-14,23B,1302,14
23B-15,23B,1306,15
23B-16,23B,1314,16
23B-17,23B,1308,17
23B-18,23B,2360,18
23B-19,23B,1196,19
23B-20,23B,1201,20
23B-21,23B,1167,21
23B-22,23B,1165,22
23B-23,23B,1161,23
23B-24,23B,1162,24
23B-25,23B,1184,25
23B-26,23B,310,26
23B-27,23B,308,27
23B-28,23B,302,28
23B-29,23B,278,29
23B-30,23B,292,30
23B-31,23B,259,31
23B-32,23B,252,32
23B-33,23B,242,33
23B-34,23B,240,34
23B-35,23B,91,35
23B-36,23B,88,36
23B-37,23B,90,37
23B-38,23B,103,38
23B-39,23B,102,39
23B-40,23B,114,40
23B-41,23B,108,41
23B-42,23B,2427,42
23B-43,23B,101,43
23B-44,23B,104,44
23B-45,23B,89,45
23B-46,23B,87,46
23B-47,23B,92,47
23B-48,23B,241,48
23B-49,23B,243,49
23B-50,23B,253,50
23B-51,23B,258,51
23B-52,23B,291,52
23B-53,23B,277,53
23B-54,23B,301,54
23B-55,23B,307,55
23B-56,23B,309,56
23B-57,23B,1183,57
23B-58,23B,1163,58
23B-59,23B,1160,59
23B-60,23B,1164,60
23B-61,23B,1166,61
23B-62,23B,1200,62
23B-63,23B,1197,63
23B-64,23B,1192,64
23B-65,23B,35,65
23B-66,23B,1193,66
23B-67,23B,1309,67
23B-68,23B,1315,68
23B-69,23B,1307,69
23B-70,23B,1303,70
23B-71,23B,1304,71
23B-72,23B,1329,72
23B-73,23B,1332,73
23B-74,23B,1323,74
23B-75,23B,31,75
23B-76,23B,1139,76
23B-77,23B,1135,77
23B-78,23B,2229,78
23B-79,23B,1131,79
23B-80,23B,1124,80
23B-81,23B,1121,81
23B-82,23B,1126,82
23B-83,23B,25,83
23B-84,23B,24,84
24A-1,24A,968,1
24A-2,24A,976,2
24A-3,24A,974,3
24A-4,24A,969,4
24A-5,24A,964,5
24A-6,24A,946,6
24A-7,24A,952,7
24A-8,24A,1004,8
24A-9,24A,2346,9
24A-10,24A,1006,10
24A-11,24A,1007,11
24A-12,24A,2349,12
24A-13,24A,1612,13
24A-14,24A,676,14
24A-15,24A,674,15
24A-16,24A,628,16
24A-17,24A,634,17
24A-18,24A,2160,18
24A-19,24A,597,19
24A-20,24A,361,20
24A-21,24A,602,21
24A-22,24A,616,22
24A-23,24A,609,23
24A-24,24A,440,24
24A-25,24A,571,25
24A-26,24A,359,26
24A-27,24A,392,27
24A-28,24A,371,28
24A-29,24A,390,29
24A-30,24A,441,30
24A-31,24A,356,31
24A-32,24A,450,32
24A-33,24A,448,33
24A-34,24A,446,34
24A-35,24A,424,35
24A-36,24A,422,36
24A-37,24A,413,37
24A-38,24A,167,38
24A-39,24A,168,39
24A-40,24A,414,40
24A-41,24A,421,41
24A-42,24A,425,42
24A-43,24A,445,43
24A-44,24A,447,44
24A-45,24A,449,45
24A-46,24A,439,46
24A-47,24A,442,47
24A-48,24A,389,48
24A-49,24A,370,49
24A-50,24A,391,50
24A-51,24A,358,51
24A-52,24A,572,52
24A-53,24A,357,53
24A-54,24A,610,54
24A-55,24A,615,55
24A-56,24A,601,56
24A-57,24A,360,57
24A-58,24A,598,58
24A-59,24A,2161,59
24A-60,24A,635,60
24A-61,24A,629,61
24A-62,24A,673,62
24A-63,24A,675,63
24A-64,24A,1613,64
24A-65,24A,1010,65
24A-66,24A,2348,66
24A-67,24A,2347,67
24A-68,24A,1008,68
24A-69,24A,1005,69
24A-70,24A,951,70
24A-71,24A,945,71
24A-72,24A,963,72
24A-73,24A,970,73
24A-74,24A,973,74
24A-75,24A,975,75
24A-76,24A,967,76
24B-1,24B,1031,1
24B-2,24B,2123,2
24B-3,24B,2122,3
24B-4,24B,1029,4
24B-5,24B,1033,5
24B-6,24B,2412,6
24B-7,24B,969,7
24B-8,24B,964,8
24B-9,24B,946,9
24B-10,24B,952,10
24B-11,24B,1004,11
24B-12,24B,2346,12
24B-13,24B,1006,13
24B-14,24B,1007,14
24B-15,24B,2349,15
24B-16,24B,1612,16
24B-17,24B,674,17
24B-18,24B,628,18
24B-19,24B,634,19
24B-20,24B,2160,20
24B-21,24B,597,21
24B-22,24B,609,22
24B-23,24B,602,23
24B-24,24B,616,24
24B-25,24B,367,25
24B-26,24B,361,26
24B-27,24B,356,27
24B-28,24B,365,28
24B-29,24B,345,29
24B-30,24B,343,30
24B-31,24B,344,31
24B-32,24B,342,32
24B-33,24B,237,33
24B-34,24B,383,34
24B-35,24B,381,35
24B-36,24B,372,36
24B-37,24B,377,37
24B-38,24B,371,38
24B-39,24B,390,39
24B-40,24B,441,40
24B-41,24B,440,41
24B-42,24B,450,42
24B-43,24B,448,43
24B-44,24B,446,44
24B-45,24B,424,45
24B-46,24B,422,46
24B-47,24B,413,47
24B-48,24B,167,48
24B-49,24B,414,49
24B-50,24B,421,50
24B-51,24B,425,51
24B-52,24B,445,52
24B-53,24B,447,53
24B-54,24B,449,54
24B-55,24B,439,55
24B-56,24B,442,56
24B-57,24B,389,57
24B-58,24B,370,58
24B-59,24B,376,59
24B-60,24B,373,60
24B-61,24B,380,61
24B-62,24B,382,62
24B-63,24B,364,63
24B-64,24B,357,64
24B-65,24B,360,65
24B-66,24B,366,66
24B-67,24B,615,67
24B-68,24B,601,68
24B-69,24B,610,69
24B-70,24B,598,70
24B-71,24B,2161,71
24B-72,24B,635,72
24B-73,24B,629,73
24B-74,24B,673,74
24B-75,24B,1613,75
24B-76,24B,1010,76
24B-77,24B,2348,77
24B-78,24B,2347,78
24B-79,24B,1008,79
24B-80,24B,1005,80
24B-81,24B,951,81
24B-82,24B,945,82
24B-83,24B,963,83
24B-84,24B,970,84
24B-85,24B,2413,85
24B-86,24B,1032,86
24B-87,24B,1030,87
24B-88,24B,5,88
24B-89,24B,1036,89
25-1,25,146,1
25-2,25,2216,2
25-3,25,178,3
25-4,25,187,4
25-5,25,181,5
25-6,25,185,6
25-7,25,453,7
25-8,25,375,8
25-9,25,387,9
25-10,25,378,10
25-11,25,384,11
25-12,25,381,12
25-13,25,373,13
25-14,25,391,14
25-15,25,358,15
25-16,25,569,16
25-17,25,573,17
25-18,25,565,18
25-19,25,562,19
25-20,25,564,20
25-21,25,585,21
25-22,25,583,22
25-23,25,591,23
25-24,25,636,24
25-25,25,627,25
25-26,25,631,26
25-27,25,629,27
25-28,25,673,28
25-29,25,676,29
25-30,25,1613,30
25-31,25,1010,31
25-32,25,2348,32
25-33,25,2347,33
25-34,25,1008,34
25-35,25,1005,35
25-36,25,929,36
25-37,25,881,37
25-38,25,925,38
25-39,25,2410,39
25-40,25,2408,40
25-41,25,2406,41
25-42,25,2413,42
25-43,25,2507,43
25-44,25,2404,44
25-45,25,1034,45
25-46,25,2510,46
25-47,25,1029,47
25-48,25,2122,48
25-49,25,2123,49
25-50,25,1031,50
25-51,25,1036,51
25-52,25,5,52
25-53,25,1030,53
25-54,25,2509,54
25-55,25,2405,55
25-56,25,2412,56
25-57,25,2407,57
25-58,25,2409,58
25-59,25,2411,59
25-60,25,926,60
25-61,25,880,61
25-62,25,928,62
25-63,25,1004,63
25-64,25,2346,64
25-65,25,1006,65
25-66,25,1007,66
25-67,25,2349,67
25-68,25,1612,68
25-69,25,675,69
25-70,25,674,70
25-71,25,628,71
25-72,25,630,72
25-73,25,626,73
25-74,25,637,74
25-75,25,592,75
25-76,25,582,76
25-77,25,584,77
25-78,25,563,78
25-79,25,561,79
25-80,25,566,80
25-81,25,574,81
25-82,25,570,82
25-83,25,359,83
25-84,25,392,84
25-85,25,372,85
25-86,25,380,86
25-87,25,385,87
25-88,25,379,88
25-89,25,388,89
25-90,25,374,90
25-91,25,454,91
25-92,25,186,92
25-93,25,182,93
25-94,25,188,94
25-95,25,177,95
25-96,25,160,96
25-97,25,154,97
25-98,25,2218,98
25-99,25,412,99
26-1,26,1031,1
26-2,26,1036,2
26-3,26,5,3
26-4,26,1030,4
26-5,26,1033,5
26-6,26,2412,6
26-7,26,2404,7
26-8,26,1035,8
26-9,26,2405,9
26-10,26,1034,10
26-11,26,4,11
26-12,26,1028,12
26-13,26,1026,13
26-14,26,1022,14
26-15,26,1024,15
26-16,26,1017,16
26-17,26,879,17
26-18,26,875,18
26-19,26,871,19
26-20,26,919,20
26-21,26,915,21
26-22,26,899,22
26-23,26,991,23
26-24,26,978,24
26-25,26,2124,25
26-26,26,1078,26
26-27,26,2128,27
26-28,26,1082,28
26-29,26,2146,29
26-30,26,1086,30
26-31,26,2421,31
26-32,26,2419,32
26-33,26,2417,33
26-34,26,2416,34
26-35,26,12,35
26-36,26,1071,36
26-37,26,1056,37
26-38,26,1060,38
26-39,26,1050,39
26-40,26,1041,40
26-41,26,337,41
26-42,26,334,42
26-43,26,339,43
26-44,26,345,44
26-45,26,343,45
26-46,26,2414,46
26-47,26,385,47
26-48,26,379,48
26-49,26,388,49
26-50,26,374,50
26-51,26,454,51
26-52,26,444,52
26-53,26,450,53
26-54,26,448,54
26-55,26,445,55
26-56,26,424,56
26-57,26,422,57
26-58,26,413,58
26-59,26,167,59
26-60,26,166,60
26-61,26,168,61
26-62,26,414,62
26-63,26,421,63
26-64,26,425,64
26-65,26,446,65
26-66,26,447,66
26-67,26,449,67
26-68,26,443,68
26-69,26,453,69
26-70,26,375,70
26-71,26,387,71
26-72,26,378,72
26-73,26,384,73
26-74,26,363,74
26-75,26,342,75
26-76,26,344,76
26-77,26,338,77
26-78,26,335,78
26-79,26,336,79
26-80,26,1042,80
26-81,26,1049,81
26-82,26,1059,82
26-83,26,1055,83
26-84,26,1070,84
26-85,26,13,85
26-86,26,14,86
26-87,26,2415,87
26-88,26,2418,88
26-89,26,2420,89
26-90,26,2422,90
26-91,26,1087,91
26-92,26,2129,92
26-93,26,1083,93
26-94,26,2127,94
26-95,26,1079,95
26-96,26,1075,96
26-97,26,977,97
26-98,26,990,98
26-99,26,898,99
26-100,26,914,100
26-101,26,918,101
26-102,26,870,102
26-103,26,874,103
26-104,26,878,104
26-105,26,1018,105
26-106,26,1023,106
26-107,26,1020,107
26-108,26,1021,108
26-109,26,1019,109
26-110,26,1025,110
26-111,26,1027,111
26-112,26,3,112
26-113,26,2412,113
26-114,26,1032,114
26-115,26,1029,115
26-116,26,2122,116
26-117,26,2123,117
27-1,27,453,1
27-2,27,375,2
27-3,27,387,3
27-4,27,378,4
27-5,27,384,5
27-6,27,363,6
27-7,27,342,7
27-8,27,344,8
27-9,27,338,9
27-10,27,335,10
27-11,27,336,11
27-12,27,1042,12
27-13,27,1049,13
27-14,27,1059,14
27-15,27,1055,15
27-16,27,1070,16
27-17,27,11,17
27-18,27,611,18
27-19,27,605,19
27-20,27,595,20
27-21,27,599,21
27-22,27,593,22
27-23,27,614,23
27-24,27,1090,24
27-25,27,1088,25
27-26,27,1087,26
27-27,27,2129,27
27-28,27,1083,28
27-29,27,2127,29
27-30,27,1079,30
27-31,27,1075,31
27-32,27,981,32
27-33,27,984,33
27-34,27,980,34
27-35,27,1293,35
27-36,27,1291,36
27-37,27,896,37
27-38,27,900,38
27-39,27,898,39
27-40,27,914,40
27-41,27,918,41
27-42,27,916,42
27-43,27,904,43
27-44,27,902,44
27-45,27,930,45
27-46,27,1021,46
27-47,27,936,47
27-48,27,2350,48
27-49,27,2410,49
27-50,27,2408,50
27-51,27,2406,51
27-52,27,2413,52
27-53,27,1032,53
27-54,27,1038,54
27-55,27,2117,55
27-56,27,1037,56
27-57,27,1033,57
27-58,27,2412,58
27-59,27,2407,59
27-60,27,2409,60
27-61,27,2411,61
27-62,27,927,62
27-63,27,935,63
27-64,27,1019,64
27-65,27,931,65
27-66,27,903,66
27-67,27,905,67
27-68,27,917,68
27-69,27,919,69
27-70,27,915,70
27-71,27,899,71
27-72,27,901,72
27-73,27,895,73
27-74,27,1290,74
27-75,27,1292,75
27-76,27,979,76
27-77,27,983,77
27-78,27,982,78
27-79,27,2124,79
27-80,27,1078,80
27-81,27,2128,81
27-82,27,1082,82
27-83,27,2146,83
27-84,27,1086,84
27-85,27,2126,85
27-86,27,1089,86
27-87,27,2403,87
27-88,27,594,88
27-89,27,600,89
27-90,27,596,90
27-91,27,606,91
27-92,27,612,92
27-93,27,10,93
27-94,27,12,94
27-95,27,1071,95
27-96,27,1056,96
27-97,27,1060,97
27-98,27,1050,98
27-99,27,1041,99
27-100,27,337,100
27-101,27,334,101
27-102,27,339,102
27-103,27,345,103
27-104,27,343,104
27-105,27,2414,105
27-106,27,385,106
27-107,27,379,107
27-108,27,388,108
27-109,27,374,109
27-110,27,454,110
28-1,28,1031,1
28-2,28,1036,2
28-3,28,5,3
28-4,28,1030,4
28-5,28,2509,5
28-6,28,1035,6
28-7,28,4,7
28-8,28,1028,8
28-9,28,1026,9
28-10,28,1022,10
28-11,28,931,11
28-12,28,903,12
28-13,28,905,13
28-14,28,917,14
28-15,28,919,15
28-16,28,915,16
28-17,28,899,17
28-18,28,901,18
28-19,28,894,19
28-20,28,1822,20
28-21,28,888,21
28-22,28,886,22
28-23,28,890,23
28-24,28,1275,24
28-25,28,1821,25
28-26,28,1280,26
28-27,28,1818,27
28-28,28,1239,28
28-29,28,1236,29
28-30,28,36,30
28-31,28,1242,31
28-32,28,1246,32
28-33,28,2424,33
28-34,28,324,34
28-35,28,322,35
28-36,28,230,36
28-37,28,209,37
28-38,28,202,38
28-39,28,194,39
28-40,28,144,40
28-41,28,141,41
28-42,28,195,42
28-43,28,203,43
28-44,28,208,44
28-45,28,210,45
28-46,28,2425,46
28-47,28,321,47
28-48,28,323,48
28-49,28,325,49
28-50,28,1245,50
28-51,28,1241,51
28-52,28,37,52
28-53,28,1817,53
28-54,28,1238,54
28-55,28,1240,55
28-56,28,38,56
28-57,28,1281,57
28-58,28,1274,58
28-59,28,889,59
28-60,28,885,60
28-61,28,887,61
28-62,28,884,62
28-63,28,893,63
28-64,28,900,64
28-65,28,898,65
28-66,28,914,66
28-67,28,918,67
28-68,28,916,68
28-69,28,904,69
28-70,28,902,70
28-71,28,930,71
28-72,28,1021,72
28-73,28,1020,73
28-74,28,1025,74
28-75,28,1027,75
28-76,28,1034,76
28-77,28,2404,77
28-78,28,1029,78
28-79,28,2122,79
28-80,28,2123,80
29-1,29,1031,1
29-2,29,1036,2
29-3,29,5,3
29-4,29,1030,4
29-5,29,1033,5
29-6,29,926,6
29-7,29,880,7
29-8,29,928,8
29-9,29,1004,9
29-10,29,2346,10
29-11,29,172,11
29-12,29,1003,12
29-13,29,997,13
29-14,29,1001,14
29-15,29,993,15
29-16,29,991,16
29-17,29,978,17
29-18,29,2124,18
29-19,29,1078,19
29-20,29,1082,20
29-21,29,1080,21
29-22,29,1066,22
29-23,29,1058,23
29-24,29,1039,24
29-25,29,2174,25
29-26,29,1047,26
29-27,29,1052,27
29-28,29,6,28
29-29,29,340,29
29-30,29,355,30
29-31,29,349,31
29-32,29,346,32
29-33,29,351,33
29-34,29,236,34
29-35,29,232,35
29-36,29,235,36
29-37,29,227,37
29-38,29,2177,38
29-39,29,209,39
29-40,29,202,40
29-41,29,194,41
29-42,29,144,42
29-43,29,141,43
29-44,29,195,44
29-45,29,203,45
29-46,29,208,46
29-47,29,210,47
29-48,29,231,48
29-49,29,226,49
29-50,29,234,50
29-51,29,233,51
29-52,29,237,52
29-53,29,350,53
29-54,29,347,54
29-55,29,348,55
29-56,29,354,56
29-57,29,341,57
29-58,29,7,58
29-59,29,1051,59
29-60,29,2175,60
29-61,29,1048,61
29-62,29,1040,62
29-63,29,1057,63
29-64,29,1065,64
29-65,29,2130,65
29-66,29,1083,66
29-67,29,1079,67
29-68,29,1075,68
29-69,29,977,69
29-70,29,990,70
29-71,29,992,71
29-72,29,1000,72
29-73,29,996,73
29-74,29,1002,74
29-75,29,173,75
29-76,29,1008,76
29-77,29,1005,77
29-78,29,929,78
29-79,29,881,79
29-80,29,925,80
29-81,29,1032,81
29-82,29,1029,82
29-83,29,2122,83
29-84,29,2123,84
29-85,29,1031,85
30-Pyay-1,30-Pyay,1031,1
30-Pyay-2,30-Pyay,1036,2
30-Pyay-3,30-Pyay,5,3
30-Pyay-4,30-Pyay,1030,4
30-Pyay-5,30-Pyay,1033,5
30-Pyay-6,30-Pyay,2412,6
30-Pyay-7,30-Pyay,2407,7
30-Pyay-8,30-Pyay,2409,8
30-Pyay-9,30-Pyay,2411,9
30-Pyay-10,30-Pyay,926,10
30-Pyay-11,30-Pyay,880,11
30-Pyay-12,30-Pyay,928,12
30-Pyay-13,30-Pyay,1004,13
30-Pyay-14,30-Pyay,2346,14
30-Pyay-15,30-Pyay,172,15
30-Pyay-16,30-Pyay,1003,16
30-Pyay-17,30-Pyay,997,17
30-Pyay-18,30-Pyay,1001,18
30-Pyay-19,30-Pyay,993,19
30-Pyay-20,30-Pyay,991,20
30-Pyay-21,30-Pyay,978,21
30-Pyay-22,30-Pyay,1074,22
30-Pyay-23,30-Pyay,2352,23
30-Pyay-24,30-Pyay,1247,24
30-Pyay-25,30-Pyay,1249,25
30-Pyay-26,30-Pyay,1816,26
30-Pyay-27,30-Pyay,1237,27
30-Pyay-28,30-Pyay,1817,28
30-Pyay-29,30-Pyay,1238,29
30-Pyay-30,30-Pyay,1240,30
30-Pyay-31,30-Pyay,1819,31
30-Pyay-32,30-Pyay,1265,32
30-Pyay-33,30-Pyay,1234,33
30-Pyay-34,30-Pyay,1228,34
30-Pyay-35,30-Pyay,2193,35
30-Pyay-36,30-Pyay,1187,36
30-Pyay-37,30-Pyay,1191,37
30-Pyay-38,30-Pyay,1189,38
30-Pyay-39,30-Pyay,290,39
30-Pyay-40,30-Pyay,295,40
30-Pyay-41,30-Pyay,302,41
30-Pyay-42,30-Pyay,278,42
30-Pyay-43,30-Pyay,292,43
30-Pyay-44,30-Pyay,259,44
30-Pyay-45,30-Pyay,252,45
30-Pyay-46,30-Pyay,242,46
30-Pyay-47,30-Pyay,240,47
30-Pyay-48,30-Pyay,91,48
30-Pyay-49,30-Pyay,88,49
30-Pyay-50,30-Pyay,90,50
30-Pyay-51,30-Pyay,103,51
30-Pyay-52,30-Pyay,102,52
30-Pyay-53,30-Pyay,114,53
30-Pyay-54,30-Pyay,101,54
30-Pyay-55,30-Pyay,104,55
30-Pyay-56,30-Pyay,89,56
30-Pyay-57,30-Pyay,87,57
30-Pyay-58,30-Pyay,92,58
30-Pyay-59,30-Pyay,241,59
30-Pyay-60,30-Pyay,243,60
30-Pyay-61,30-Pyay,253,61
30-Pyay-62,30-Pyay,258,62
30-Pyay-63,30-Pyay,291,63
30-Pyay-64,30-Pyay,277,64
30-Pyay-65,30-Pyay,301,65
30-Pyay-66,30-Pyay,296,66
30-Pyay-67,30-Pyay,289,67
30-Pyay-68,30-Pyay,1188,68
30-Pyay-69,30-Pyay,1190,69
30-Pyay-70,30-Pyay,1186,70
30-Pyay-71,30-Pyay,1235,71
30-Pyay-72,30-Pyay,1229,72
30-Pyay-73,30-Pyay,1233,73
30-Pyay-74,30-Pyay,1262,74
30-Pyay-75,30-Pyay,1820,75
30-Pyay-76,30-Pyay,1818,76
30-Pyay-77,30-Pyay,1239,77
30-Pyay-78,30-Pyay,2480,78
30-Pyay-79,30-Pyay,1815,79
30-Pyay-80,30-Pyay,1248,80
30-Pyay-81,30-Pyay,2125,81
30-Pyay-82,30-Pyay,1081,82
30-Pyay-83,30-Pyay,1073,83
30-Pyay-84,30-Pyay,977,84
30-Pyay-85,30-Pyay,990,85
30-Pyay-86,30-Pyay,992,86
30-Pyay-87,30-Pyay,1000,87
30-Pyay-88,30-Pyay,996,88
30-Pyay-89,30-Pyay,1002,89
30-Pyay-90,30-Pyay,173,90
30-Pyay-91,30-Pyay,1009,91
30-Pyay-92,30-Pyay,1008,92
30-Pyay-93,30-Pyay,1005,93
30-Pyay-94,30-Pyay,929,94
30-Pyay-95,30-Pyay,881,95
30-Pyay-96,30-Pyay,925,96
30-Pyay-97,30-Pyay,2410,97
30-Pyay-98,30-Pyay,2408,98
30-Pyay-99,30-Pyay,2406,99
30-Pyay-100,30-Pyay,2413,100
30-Pyay-101,30-Pyay,1032,101
30-Pyay-102,30-Pyay,1029,102
30-Pyay-103,30-Pyay,2122,103
30-Pyay-104,30-Pyay,2123,104
30-Pyay-105,30-Pyay,1031,105
30-Thamine-1,30-Thamine,1036,1
30-Thamine-2,30-Thamine,5,2
30-Thamine-3,30-Thamine,1030,3
30-Thamine-4,30-Thamine,2509,4
30-Thamine-5,30-Thamine,2405,5
30-Thamine-6,30-Thamine,2412,6
30-Thamine-7,30-Thamine,2407,7
30-Thamine-8,30-Thamine,2409,8
30-Thamine-9,30-Thamine,2411,9
30-Thamine-10,30-Thamine,926,10
30-Thamine-11,30-Thamine,880,11
30-Thamine-12,30-Thamine,928,12
30-Thamine-13,30-Thamine,1004,13
30-Thamine-14,30-Thamine,2346,14
30-Thamine-15,30-Thamine,172,15
30-Thamine-16,30-Thamine,1003,16
30-Thamine-17,30-Thamine,997,17
30-Thamine-18,30-Thamine,1001,18
30-Thamine-19,30-Thamine,993,19
30-Thamine-20,30-Thamine,991,20
30-Thamine-21,30-Thamine,978,21
30-Thamine-22,30-Thamine,1074,22
30-Thamine-23,30-Thamine,2352,23
30-Thamine-24,30-Thamine,1247,24
30-Thamine-25,30-Thamine,1249,25
30-Thamine-26,30-Thamine,1816,26
30-Thamine-27,30-Thamine,1237,27
30-Thamine-28,30-Thamine,1817,28
30-Thamine-29,30-Thamine,1238,29
30-Thamine-30,30-Thamine,1240,30
30-Thamine-31,30-Thamine,1819,31
30-Thamine-32,30-Thamine,1265,32
30-Thamine-33,30-Thamine,1267,33
30-Thamine-34,30-Thamine,1271,34
30-Thamine-35,30-Thamine,1255,35
30-Thamine-36,30-Thamine,1257,36
30-Thamine-37,30-Thamine,1221,37
30-Thamine-38,30-Thamine,1219,38
30-Thamine-39,30-Thamine,1218,39
30-Thamine-40,30-Thamine,1211,40
30-Thamine-41,30-Thamine,1180,41
30-Thamine-42,30-Thamine,1182,42
30-Thamine-43,30-Thamine,1171,43
30-Thamine-44,30-Thamine,1176,44
30-Thamine-45,30-Thamine,1174,45
30-Thamine-46,30-Thamine,288,46
30-Thamine-47,30-Thamine,290,47
30-Thamine-48,30-Thamine,295,48
30-Thamine-49,30-Thamine,302,49
30-Thamine-50,30-Thamine,277,50
30-Thamine-51,30-Thamine,291,51
30-Thamine-52,30-Thamine,259,52
30-Thamine-53,30-Thamine,252,53
30-Thamine-54,30-Thamine,242,54
30-Thamine-55,30-Thamine,240,55
30-Thamine-56,30-Thamine,91,56
30-Thamine-57,30-Thamine,88,57
30-Thamine-58,30-Thamine,90,58
30-Thamine-59,30-Thamine,103,59
30-Thamine-60,30-Thamine,102,60
30-Thamine-61,30-Thamine,114,61
30-Thamine-62,30-Thamine,108,62
30-Thamine-63,30-Thamine,101,63
30-Thamine-64,30-Thamine,104,64
30-Thamine-65,30-Thamine,89,65
30-Thamine-66,30-Thamine,87,66
30-Thamine-67,30-Thamine,92,67
30-Thamine-68,30-Thamine,241,68
30-Thamine-69,30-Thamine,243,69
30-Thamine-70,30-Thamine,253,70
30-Thamine-71,30-Thamine,258,71
30-Thamine-72,30-Thamine,291,72
30-Thamine-73,30-Thamine,277,73
30-Thamine-74,30-Thamine,301,74
30-Thamine-75,30-Thamine,296,75
30-Thamine-76,30-Thamine,289,76
30-Thamine-77,30-Thamine,287,77
30-Thamine-78,30-Thamine,1175,78
30-Thamine-79,30-Thamine,1177,79
30-Thamine-80,30-Thamine,1170,80
30-Thamine-81,30-Thamine,1181,81
30-Thamine-82,30-Thamine,1179,82
30-Thamine-83,30-Thamine,1212,83
30-Thamine-84,30-Thamine,1217,84
30-Thamine-85,30-Thamine,2392,85
30-Thamine-86,30-Thamine,1223,86
30-Thamine-87,30-Thamine,1220,87
30-Thamine-88,30-Thamine,1256,88
30-Thamine-89,30-Thamine,1254,89
30-Thamine-90,30-Thamine,1270,90
30-Thamine-91,30-Thamine,1266,91
30-Thamine-92,30-Thamine,1262,92
30-Thamine-93,30-Thamine,1820,93
30-Thamine-94,30-Thamine,1818,94
30-Thamine-95,30-Thamine,1239,95
30-Thamine-96,30-Thamine,2480,96
30-Thamine-97,30-Thamine,1815,97
30-Thamine-98,30-Thamine,1248,98
30-Thamine-99,30-Thamine,2125,99
30-Thamine-100,30-Thamine,1081,100
30-Thamine-101,30-Thamine,1073,101
30-Thamine-102,30-Thamine,977,102
30-Thamine-103,30-Thamine,990,103
30-Thamine-104,30-Thamine,992,104
30-Thamine-105,30-Thamine,1000,105
30-Thamine-106,30-Thamine,996,106
30-Thamine-107,30-Thamine,1002,107
30-Thamine-108,30-Thamine,173,108
30-Thamine-109,30-Thamine,1009,109
30-Thamine-110,30-Thamine,1008,110
30-Thamine-111,30-Thamine,1005,111
30-Thamine-112,30-Thamine,929,112
30-Thamine-113,30-Thamine,881,113
30-Thamine-114,30-Thamine,925,114
30-Thamine-115,30-Thamine,2410,115
30-Thamine-116,30-Thamine,2408,116
30-Thamine-117,30-Thamine,2406,117
30-Thamine-118,30-Thamine,2413,118
30-Thamine-119,30-Thamine,2404,119
30-Thamine-120,30-Thamine,2510,120
30-Thamine-121,30-Thamine,1029,121
30-Thamine-122,30-Thamine,2122,122
30-Thamine-123,30-Thamine,2123,123
31-1,31,167,1
31-2,31,162,2
31-3,31,416,3
31-4,31,2220,4
31-5,31,471,5
31-6,31,477,6
31-7,31,431,7
31-8,31,435,8
31-9,31,426,9
31-10,31,432,10
31-11,31,483,11
31-12,31,489,12
31-13,31,495,13
31-14,31,479,14
31-15,31,493,15
31-16,31,497,16
31-17,31,485,17
31-18,31,487,18
31-19,31,481,19
31-20,31,505,20
31-21,31,503,21
31-22,31,543,22
31-23,31,507,23
31-24,31,1618,24
31-25,31,1811,25
31-26,31,541,26
31-27,31,1813,27
31-28,31,1629,28
31-29,31,1631,29
31-30,31,1633,30
31-31,31,1824,31
31-32,31,1637,32
31-33,31,1639,33
31-34,31,1642,34
31-35,31,1641,35
31-36,31,1640,36
31-37,31,1638,37
31-38,31,1825,38
31-39,31,1634,39
31-40,31,1632,40
31-41,31,1630,41
31-42,31,1812,42
31-43,31,1643,43
31-44,31,1810,44
31-45,31,1619,45
31-46,31,508,46
31-47,31,544,47
31-48,31,504,48
31-49,31,506,49
31-50,31,488,50
31-51,31,486,51
31-52,31,498,52
31-53,31,494,53
31-54,31,480,54
31-55,31,496,55
31-56,31,490,56
31-57,31,484,57
31-58,31,433,58
31-59,31,427,59
31-60,31,436,60
31-61,31,430,61
31-62,31,478,62
31-63,31,472,63
31-64,31,2219,64
31-65,31,413,65
32-1,32,2470,1
32-2,32,2473,2
32-3,32,2474,3
32-4,32,2476,4
32-5,32,1632,5
32-6,32,1630,6
32-7,32,1812,7
32-8,32,1643,8
32-9,32,1810,9
32-10,32,1628,10
32-11,32,1626,11
32-12,32,1624,12
32-13,32,1622,13
32-14,32,1808,14
32-15,32,1807,15
32-16,32,1805,16
32-17,32,1803,17
32-18,32,1801,18
32-19,32,1619,19
32-20,32,508,20
32-21,32,549,21
32-22,32,547,22
32-23,32,546,23
32-24,32,552,24
32-25,32,2159,25
32-26,32,530,26
32-27,32,526,27
32-28,32,524,28
32-29,32,398,29
32-30,32,404,30
32-31,32,2394,31
32-32,32,357,32
32-33,32,360,33
32-34,32,366,34
32-35,32,368,35
32-36,32,1069,36
32-37,32,1054,37
32-38,32,13,38
32-39,32,11,39
32-40,32,12,40
32-41,32,14,41
32-42,32,1072,42
32-43,32,1068,43
32-44,32,1077,44
32-45,32,17,45
32-46,32,303,46
32-47,32,2125,47
32-48,32,1081,48
32-49,32,1073,49
32-50,32,1288,50
32-51,32,1286,51
32-52,32,1282,52
32-53,32,1278,53
32-54,32,1273,54
32-55,32,1277,55
32-56,32,889,56
32-57,32,885,57
32-58,32,887,58
32-59,32,882,59
32-60,32,861,60
32-61,32,865,61
32-62,32,863,62
32-63,32,842,63
32-64,32,857,64
32-65,32,849,65
32-66,32,1823,66
32-67,32,818,67
32-68,32,810,68
32-69,32,813,69
32-70,32,815,70
32-71,32,1419,71
32-72,32,1416,72
32-73,32,590,73
32-74,32,1423,74
32-75,32,1420,75
32-76,32,1424,76
32-77,32,51,77
32-78,32,1450,78
32-79,32,1448,79
32-80,32,1458,80
32-81,32,1454,81
32-82,32,1453,82
32-83,32,1457,83
32-84,32,1428,84
32-85,32,55,85
32-86,32,1440,86
32-87,32,1432,87
32-88,32,1465,88
32-89,32,1479,89
32-90,32,1482,90
32-91,32,1476,91
32-92,32,1480,92
32-93,32,61,93
32-94,32,1471,94
32-95,32,66,95
32-96,32,1469,96
32-97,32,2206,97
32-98,32,1970,98
32-99,32,1972,99
32-100,32,1971,100
32-101,32,2207,101
32-102,32,1468,102
32-103,32,65,103
32-104,32,1470,104
32-105,32,62,105
32-106,32,1481,106
32-107,32,1477,107
32-108,32,1483,108
32-109,32,1478,109
32-110,32,1464,110
32-111,32,1433,111
32-112,32,1441,112
32-113,32,56,113
32-114,32,1429,114
32-115,32,1456,115
32-116,32,1452,116
32-117,32,1455,117
32-118,32,1459,118
32-119,32,1449,119
32-120,32,1451,120
32-121,32,52,121
32-122,32,1425,122
32-123,32,1421,123
32-124,32,1422,124
32-125,32,589,125
32-126,32,1415,126
32-127,32,1418,127
32-128,32,814,128
32-129,32,812,129
32-130,32,809,130
32-131,32,819,131
32-132,32,2401,132
32-133,32,850,133
32-134,32,858,134
32-135,32,843,135
32-136,32,864,136
32-137,32,866,137
32-138,32,862,138
32-139,32,883,139
32-140,32,888,140
32-141,32,886,141
32-142,32,890,142
32-143,32,1276,143
32-144,32,1272,144
32-145,32,1279,145
32-146,32,1283,146
32-147,32,1287,147
32-148,32,1289,148
32-149,32,1074,149
32-150,32,2352,150
32-151,32,1247,151
32-152,32,304,152
32-153,32,16,153
32-154,32,1076,154
32-155,32,1067,155
32-156,32,1066,156
32-157,32,2132,157
32-158,32,15,158
32-159,32,1053,159
32-160,32,2131,160
32-161,32,369,161
32-162,32,367,162
32-163,32,361,163
32-164,32,356,164
32-165,32,572,165
32-166,32,403,166
32-167,32,397,167
32-168,32,523,168
32-169,32,525,169
32-170,32,529,170
32-171,32,553,171
32-172,32,551,172
32-173,32,545,173
32-174,32,550,174
32-175,32,507,175
32-176,32,1618,176
32-177,32,1800,177
32-178,32,1802,178
32-179,32,1804,179
32-180,32,1806,180
32-181,32,1809,181
32-182,32,1621,182
32-183,32,1623,183
32-184,32,1625,184
32-185,32,1627,185
32-186,32,1811,186
32-187,32,541,187
32-188,32,1813,188
32-189,32,1629,189
32-190,32,1631,190
32-191,32,2477,191
32-192,32,2475,192
32-193,32,2472,193
32-194,32,2471,194
33-1,33,1879,1
33-2,33,1878,2
33-3,33,1876,3
33-4,33,1874,4
33-5,33,1872,5
33-6,33,1870,6
33-7,33,1868,7
33-8,33,1866,8
33-9,33,1864,9
33-10,33,1862,10
33-11,33,1860,11
33-12,33,1858,12
33-13,33,1856,13
33-14,33,1854,14
33-15,33,1852,15
33-16,33,1850,16
33-17,33,1848,17
33-18,33,2118,18
33-19,33,1846,19
33-20,33,1844,20
33-21,33,1842,21
33-22,33,1840,22
33-23,33,1838,23
33-24,33,1836,24
33-25,33,1834,25
33-26,33,1832,26
33-27,33,1830,27
33-28,33,1828,28
33-29,33,1826,29
33-30,33,1825,30
33-31,33,1634,31
33-32,33,1632,32
33-33,33,1630,33
33-34,33,1812,34
33-35,33,1643,35
33-36,33,1810,36
33-37,33,1619,37
33-38,33,508,38
33-39,33,549,39
33-40,33,546,40
33-41,33,552,41
33-42,33,2159,42
33-43,33,530,43
33-44,33,526,44
33-45,33,524,45
33-46,33,398,46
33-47,33,404,47
33-48,33,408,48
33-49,33,410,49
33-50,33,395,50
33-51,33,467,51
33-52,33,474,52
33-53,33,476,53
33-54,33,470,54
33-55,33,452,55
33-56,33,443,56
33-57,33,184,57
33-58,33,388,58
33-59,33,374,59
33-60,33,454,60
33-61,33,444,61
33-62,33,451,62
33-63,33,469,63
33-64,33,475,64
33-65,33,473,65
33-66,33,468,66
33-67,33,396,67
33-68,33,409,68
33-69,33,407,69
33-70,33,403,70
33-71,33,397,71
33-72,33,523,72
33-73,33,525,73
33-74,33,529,74
33-75,33,553,75
33-76,33,551,76
33-77,33,545,77
33-78,33,550,78
33-79,33,507,79
33-80,33,1618,80
33-81,33,1811,81
33-82,33,541,82
33-83,33,1813,83
33-84,33,1629,84
33-85,33,1631,85
33-86,33,1633,86
33-87,33,1824,87
33-88,33,1827,88
33-89,33,1829,89
33-90,33,1831,90
33-91,33,1833,91
33-92,33,1835,92
33-93,33,1837,93
33-94,33,1839,94
33-95,33,1841,95
33-96,33,1843,96
33-97,33,1845,97
33-98,33,1847,98
33-99,33,2119,99
33-100,33,1849,100
33-101,33,1851,101
33-102,33,1853,102
33-103,33,1855,103
33-104,33,1857,104
33-105,33,1859,105
33-106,33,1861,106
33-107,33,1863,107
33-108,33,1865,108
33-109,33,1867,109
33-110,33,1869,110
33-111,33,1871,111
33-112,33,1873,112
33-113,33,1875,113
33-114,33,1877,114
33-115,33,1878,115
33-116,33,1879,116
34-1,34,1968,1
34-2,34,1966,2
34-3,34,1964,3
34-4,34,1962,4
34-5,34,1960,5
34-6,34,1958,6
34-7,34,1956,7
34-8,34,1954,8
34-9,34,1952,9
34-10,34,1950,10
34-11,34,1948,11
34-12,34,1946,12
34-13,34,1944,13
34-14,34,1942,14
34-15,34,1940,15
34-16,34,1938,16
34-17,34,1936,17
34-18,34,1934,18
34-19,34,1932,19
34-20,34,1930,20
34-21,34,1928,21
34-22,34,1926,22
34-23,34,1932,23
34-24,34,1922,24
34-25,34,1916,25
34-26,34,1920,26
34-27,34,1914,27
34-28,34,1918,28
34-29,34,1912,29
34-30,34,1910,30
34-31,34,1908,31
34-32,34,1906,32
34-33,34,1904,33
34-34,34,1902,34
34-35,34,1900,35
34-36,34,1898,36
34-37,34,2083,37
34-38,34,1896,38
34-39,34,1894,39
34-40,34,1892,40
34-41,34,1890,41
34-42,34,1888,42
34-43,34,1886,43
34-44,34,1884,44
34-45,34,1882,45
34-46,34,1881,46
34-47,34,1641,47
34-48,34,1640,48
34-49,34,1638,49
34-50,34,1825,50
34-51,34,1634,51
34-52,34,1632,52
34-53,34,1630,53
34-54,34,1812,54
34-55,34,1643,55
34-56,34,1810,56
34-57,34,1619,57
34-58,34,508,58
34-59,34,546,59
34-60,34,552,60
34-61,34,2159,61
34-62,34,530,62
34-63,34,526,63
34-64,34,521,64
34-65,34,528,65
34-66,34,516,66
34-67,34,520,67
34-68,34,499,68
34-69,34,455,69
34-70,34,464,70
34-71,34,465,71
34-72,34,462,72
34-73,34,1610,73
34-74,34,458,74
34-75,34,435,75
34-76,34,430,76
34-77,34,478,77
34-78,34,472,78
34-79,34,2219,79
34-80,34,415,80
34-81,34,162,81
34-82,34,167,82
34-83,34,166,83
34-84,34,154,84
34-85,34,159,85
34-86,34,157,86
34-87,34,416,87
34-88,34,2220,88
34-89,34,471,89
34-90,34,477,90
34-91,34,431,91
34-92,34,436,92
34-93,34,457,93
34-94,34,1611,94
34-95,34,461,95
34-96,34,466,96
34-97,34,463,97
34-98,34,456,98
34-99,34,500,99
34-100,34,519,100
34-101,34,515,101
34-102,34,527,102
34-103,34,522,103
34-104,34,525,104
34-105,34,529,105
34-106,34,553,106
34-107,34,551,107
34-108,34,545,108
34-109,34,507,109
34-110,34,1618,110
34-111,34,1811,111
34-112,34,541,112
34-113,34,1813,113
34-114,34,1629,114
34-115,34,1631,115
34-116,34,1633,116
34-117,34,1824,117
34-118,34,1637,118
34-119,34,1639,119
34-120,34,1642,120
34-121,34,1880,121
34-122,34,1883,122
34-123,34,1885,123
34-124,34,1887,124
34-125,34,1889,125
34-126,34,1891,126
34-127,34,1893,127
34-128,34,1895,128
34-129,34,1897,129
34-130,34,2082,130
34-131,34,1899,131
34-132,34,1901,132
34-133,34,1903,133
34-134,34,1905,134
34-135,34,1907,135
34-136,34,1909,136
34-137,34,1911,137
34-138,34,1913,138
34-139,34,1919,139
34-140,34,1915,140
34-141,34,1921,141
34-142,34,1917,142
34-143,34,1923,143
34-144,34,1927,144
34-145,34,1929,145
34-146,34,1931,146
34-147,34,1933,147
34-148,34,1935,148
34-149,34,1937,149
34-150,34,1939,150
34-151,34,1941,151
34-152,34,1943,152
34-153,34,1945,153
34-154,34,1947,154
34-155,34,1949,155
34-156,34,1951,156
34-157,34,1953,157
34-158,34,1955,158
34-159,34,1957,159
34-160,34,1959,160
34-161,34,1961,161
34-162,34,1963,162
34-163,34,1965,163
34-164,34,1967,164
34-165,34,1969,165
35-1,35,1971,1
35-2,35,2207,2
35-3,35,1468,3
35-4,35,65,4
35-5,35,1470,5
35-6,35,62,6
35-7,35,1481,7
35-8,35,1477,8
35-9,35,1483,9
35-10,35,1478,10
35-11,35,1464,11
35-12,35,1433,12
35-13,35,1441,13
35-14,35,56,14
35-15,35,1429,15
35-16,35,1456,16
35-17,35,1452,17
35-18,35,1455,18
35-19,35,1459,19
35-20,35,1449,20
35-21,35,1451,21
35-22,35,52,22
35-23,35,1425,23
35-24,35,1421,24
35-25,35,1422,25
35-26,35,589,26
35-27,35,1415,27
35-28,35,1417,28
35-29,35,814,29
35-30,35,812,30
35-31,35,809,31
35-32,35,819,32
35-33,35,2401,33
35-34,35,850,34
35-35,35,858,35
35-36,35,843,36
35-37,35,864,37
35-38,35,866,38
35-39,35,862,39
35-40,35,883,40
35-41,35,888,41
35-42,35,886,42
35-43,35,890,43
35-44,35,1275,44
35-45,35,1821,45
35-46,35,1280,46
35-47,35,1819,47
35-48,35,1265,48
35-49,35,1234,49
35-50,35,1228,50
35-51,35,2193,51
35-52,35,1187,52
35-53,35,1191,53
35-54,35,1188,54
35-55,35,320,55
35-56,35,263,56
35-57,35,265,57
35-58,35,269,58
35-59,35,199,59
35-60,35,197,60
35-61,35,118,61
35-62,35,125,62
35-63,35,2423,63
35-64,35,121,64
35-65,35,122,65
35-66,35,1284,66
35-67,35,126,67
35-68,35,117,68
35-69,35,196,69
35-70,35,198,70
35-71,35,268,71
35-72,35,264,72
35-73,35,262,73
35-74,35,319,74
35-75,35,1189,75
35-76,35,1190,76
35-77,35,1186,77
35-78,35,1235,78
35-79,35,1229,79
35-80,35,1233,80
35-81,35,1262,81
35-82,35,1820,82
35-83,35,38,83
35-84,35,1281,84
35-85,35,1274,85
35-86,35,889,86
35-87,35,885,87
35-88,35,887,88
35-89,35,882,89
35-90,35,861,90
35-91,35,865,91
35-92,35,863,92
35-93,35,842,93
35-94,35,857,94
35-95,35,848,95
35-96,35,1823,96
35-97,35,818,97
35-98,35,810,98
35-99,35,813,99
35-100,35,815,100
35-101,35,1419,101
35-102,35,1416,102
35-103,35,590,103
35-104,35,1423,104
35-105,35,1420,105
35-106,35,1424,106
35-107,35,51,107
35-108,35,1450,108
35-109,35,1448,109
35-110,35,1458,110
35-111,35,1454,111
35-112,35,1453,112
35-113,35,1457,113
35-114,35,1428,114
35-115,35,55,115
35-116,35,1440,116
35-117,35,1432,117
35-118,35,1465,118
35-119,35,1479,119
35-120,35,1482,120
35-121,35,1476,121
35-122,35,1480,122
35-123,35,61,123
35-124,35,1471,124
35-125,35,66,125
35-126,35,1469,126
35-127,35,2206,127
35-128,35,1970,128
36-AungMingalar-1,36-AungMingalar,812,1
36-AungMingalar-2,36-AungMingalar,809,2
36-AungMingalar-3,36-AungMingalar,819,3
36-AungMingalar-4,36-AungMingalar,2401,4
36-AungMingalar-5,36-AungMingalar,850,5
36-AungMingalar-6,36-AungMingalar,858,6
36-AungMingalar-7,36-AungMingalar,843,7
36-AungMingalar-8,36-AungMingalar,864,8
36-AungMingalar-9,36-AungMingalar,866,9
36-AungMingalar-10,36-AungMingalar,862,10
36-AungMingalar-11,36-AungMingalar,883,11
36-AungMingalar-12,36-AungMingalar,888,12
36-AungMingalar-13,36-AungMingalar,886,13
36-AungMingalar-14,36-AungMingalar,890,14
36-AungMingalar-15,36-AungMingalar,1275,15
36-AungMingalar-16,36-AungMingalar,1821,16
36-AungMingalar-17,36-AungMingalar,1280,17
36-AungMingalar-18,36-AungMingalar,1818,18
36-AungMingalar-19,36-AungMingalar,1239,19
36-AungMingalar-20,36-AungMingalar,1236,20
36-AungMingalar-21,36-AungMingalar,36,21
36-AungMingalar-22,36-AungMingalar,1242,22
36-AungMingalar-23,36-AungMingalar,1246,23
36-AungMingalar-24,36-AungMingalar,2424,24
36-AungMingalar-25,36-AungMingalar,324,25
36-AungMingalar-26,36-AungMingalar,322,26
36-AungMingalar-27,36-AungMingalar,230,27
36-AungMingalar-28,36-AungMingalar,209,28
36-AungMingalar-29,36-AungMingalar,202,29
36-AungMingalar-30,36-AungMingalar,194,30
36-AungMingalar-31,36-AungMingalar,144,31
36-AungMingalar-32,36-AungMingalar,141,32
36-AungMingalar-33,36-AungMingalar,195,33
36-AungMingalar-34,36-AungMingalar,203,34
36-AungMingalar-35,36-AungMingalar,208,35
36-AungMingalar-36,36-AungMingalar,210,36
36-AungMingalar-37,36-AungMingalar,2425,37
36-AungMingalar-38,36-AungMingalar,321,38
36-AungMingalar-39,36-AungMingalar,323,39
36-AungMingalar-40,36-AungMingalar,325,40
36-AungMingalar-41,36-AungMingalar,1245,41
36-AungMingalar-42,36-AungMingalar,1241,42
36-AungMingalar-43,36-AungMingalar,37,43
36-AungMingalar-44,36-AungMingalar,1817,44
36-AungMingalar-45,36-AungMingalar,1238,45
36-AungMingalar-46,36-AungMingalar,1240,46
36-AungMingalar-47,36-AungMingalar,38,47
36-AungMingalar-48,36-AungMingalar,1281,48
36-AungMingalar-49,36-AungMingalar,1274,49
36-AungMingalar-50,36-AungMingalar,889,50
36-AungMingalar-51,36-AungMingalar,885,51
36-AungMingalar-52,36-AungMingalar,887,52
36-AungMingalar-53,36-AungMingalar,882,53
36-AungMingalar-54,36-AungMingalar,861,54
36-AungMingalar-55,36-AungMingalar,865,55
36-AungMingalar-56,36-AungMingalar,863,56
36-AungMingalar-57,36-AungMingalar,842,57
36-AungMingalar-58,36-AungMingalar,857,58
36-AungMingalar-59,36-AungMingalar,849,59
36-AungMingalar-60,36-AungMingalar,1823,60
36-AungMingalar-61,36-AungMingalar,818,61
36-AungMingalar-62,36-AungMingalar,810,62
36-AungMingalar-63,36-AungMingalar,813,63
36-HtaukKyant-1,36-HtaukKyant,1971,1
36-HtaukKyant-2,36-HtaukKyant,2207,2
36-HtaukKyant-3,36-HtaukKyant,1468,3
36-HtaukKyant-4,36-HtaukKyant,65,4
36-HtaukKyant-5,36-HtaukKyant,1470,5
36-HtaukKyant-6,36-HtaukKyant,62,6
36-HtaukKyant-7,36-HtaukKyant,1481,7
36-HtaukKyant-8,36-HtaukKyant,1477,8
36-HtaukKyant-9,36-HtaukKyant,1483,9
36-HtaukKyant-10,36-HtaukKyant,1478,10
36-HtaukKyant-11,36-HtaukKyant,1464,11
36-HtaukKyant-12,36-HtaukKyant,1433,12
36-HtaukKyant-13,36-HtaukKyant,1441,13
36-HtaukKyant-14,36-HtaukKyant,56,14
36-HtaukKyant-15,36-HtaukKyant,1429,15
36-HtaukKyant-16,36-HtaukKyant,1456,16
36-HtaukKyant-17,36-HtaukKyant,1452,17
36-HtaukKyant-18,36-HtaukKyant,1455,18
36-HtaukKyant-19,36-HtaukKyant,1459,19
36-HtaukKyant-20,36-HtaukKyant,1449,20
36-HtaukKyant-21,36-HtaukKyant,1451,21
36-HtaukKyant-22,36-HtaukKyant,52,22
36-HtaukKyant-23,36-HtaukKyant,1425,23
36-HtaukKyant-24,36-HtaukKyant,1421,24
36-HtaukKyant-25,36-HtaukKyant,1422,25
36-HtaukKyant-26,36-HtaukKyant,589,26
36-HtaukKyant-27,36-HtaukKyant,1415,27
36-HtaukKyant-28,36-HtaukKyant,1417,28
36-HtaukKyant-29,36-HtaukKyant,814,29
36-HtaukKyant-30,36-HtaukKyant,812,30
36-HtaukKyant-31,36-HtaukKyant,809,31
36-HtaukKyant-32,36-HtaukKyant,819,32
36-HtaukKyant-33,36-HtaukKyant,2401,33
36-HtaukKyant-34,36-HtaukKyant,850,34
36-HtaukKyant-35,36-HtaukKyant,858,35
36-HtaukKyant-36,36-HtaukKyant,843,36
36-HtaukKyant-37,36-HtaukKyant,864,37
36-HtaukKyant-38,36-HtaukKyant,866,38
36-HtaukKyant-39,36-HtaukKyant,862,39
36-HtaukKyant-40,36-HtaukKyant,883,40
36-HtaukKyant-41,36-HtaukKyant,888,41
36-HtaukKyant-42,36-HtaukKyant,886,42
36-HtaukKyant-43,36-HtaukKyant,890,43
36-HtaukKyant-44,36-HtaukKyant,1275,44
36-HtaukKyant-45,36-HtaukKyant,1821,45
36-HtaukKyant-46,36-HtaukKyant,1280,46
36-HtaukKyant-47,36-HtaukKyant,1818,47
36-HtaukKyant-48,36-HtaukKyant,1239,48
36-HtaukKyant-49,36-HtaukKyant,1236,49
36-HtaukKyant-50,36-HtaukKyant,36,50
36-HtaukKyant-51,36-HtaukKyant,1242,51
36-HtaukKyant-52,36-HtaukKyant,1246,52
36-HtaukKyant-53,36-HtaukKyant,2424,53
36-HtaukKyant-54,36-HtaukKyant,324,54
36-HtaukKyant-55,36-HtaukKyant,322,55
36-HtaukKyant-56,36-HtaukKyant,2490,56
36-HtaukKyant-57,36-HtaukKyant,230,57
36-HtaukKyant-58,36-HtaukKyant,209,58
36-HtaukKyant-59,36-HtaukKyant,202,59
36-HtaukKyant-60,36-HtaukKyant,194,60
36-HtaukKyant-61,36-HtaukKyant,144,61
36-HtaukKyant-62,36-HtaukKyant,141,62
36-HtaukKyant-63,36-HtaukKyant,195,63
36-HtaukKyant-64,36-HtaukKyant,203,64
36-HtaukKyant-65,36-HtaukKyant,208,65
36-HtaukKyant-66,36-HtaukKyant,210,66
36-HtaukKyant-67,36-HtaukKyant,2425,67
36-HtaukKyant-68,36-HtaukKyant,2491,68
36-HtaukKyant-69,36-HtaukKyant,321,69
36-HtaukKyant-70,36-HtaukKyant,323,70
36-HtaukKyant-71,36-HtaukKyant,325,71
36-HtaukKyant-72,36-HtaukKyant,1245,72
36-HtaukKyant-73,36-HtaukKyant,1241,73
36-HtaukKyant-74,36-HtaukKyant,37,74
36-HtaukKyant-75,36-HtaukKyant,1817,75
36-HtaukKyant-76,36-HtaukKyant,1238,76
36-HtaukKyant-77,36-HtaukKyant,1240,77
36-HtaukKyant-78,36-HtaukKyant,38,78
36-HtaukKyant-79,36-HtaukKyant,1281,79
36-HtaukKyant-80,36-HtaukKyant,1274,80
36-HtaukKyant-81,36-HtaukKyant,889,81
36-HtaukKyant-82,36-HtaukKyant,885,82
36-HtaukKyant-83,36-HtaukKyant,887,83
36-HtaukKyant-84,36-HtaukKyant,882,84
36-HtaukKyant-85,36-HtaukKyant,861,85
36-HtaukKyant-86,36-HtaukKyant,865,86
36-HtaukKyant-87,36-HtaukKyant,863,87
36-HtaukKyant-88,36-HtaukKyant,842,88
36-HtaukKyant-89,36-HtaukKyant,857,89
36-HtaukKyant-90,36-HtaukKyant,848,90
36-HtaukKyant-91,36-HtaukKyant,1823,91
36-HtaukKyant-92,36-HtaukKyant,818,92
36-HtaukKyant-93,36-HtaukKyant,810,93
36-HtaukKyant-94,36-HtaukKyant,813,94
36-HtaukKyant-95,36-HtaukKyant,815,95
36-HtaukKyant-96,36-HtaukKyant,1419,96
36-HtaukKyant-97,36-HtaukKyant,1416,97
36-HtaukKyant-98,36-HtaukKyant,590,98
36-HtaukKyant-99,36-HtaukKyant,1423,99
36-HtaukKyant-100,36-HtaukKyant,1420,100
36-HtaukKyant-101,36-HtaukKyant,1424,101
36-HtaukKyant-102,36-HtaukKyant,51,102
36-HtaukKyant-103,36-HtaukKyant,1450,103
36-HtaukKyant-104,36-HtaukKyant,1448,104
36-HtaukKyant-105,36-HtaukKyant,1458,105
36-HtaukKyant-106,36-HtaukKyant,1454,106
36-HtaukKyant-107,36-HtaukKyant,1453,107
36-HtaukKyant-108,36-HtaukKyant,1457,108
36-HtaukKyant-109,36-HtaukKyant,1428,109
36-HtaukKyant-110,36-HtaukKyant,55,110
36-HtaukKyant-111,36-HtaukKyant,1440,111
36-HtaukKyant-112,36-HtaukKyant,1432,112
36-HtaukKyant-113,36-HtaukKyant,1465,113
36-HtaukKyant-114,36-HtaukKyant,1479,114
36-HtaukKyant-115,36-HtaukKyant,1482,115
36-HtaukKyant-116,36-HtaukKyant,1476,116
36-HtaukKyant-117,36-HtaukKyant,1480,117
36-HtaukKyant-118,36-HtaukKyant,61,118
36-HtaukKyant-119,36-HtaukKyant,1471,119
36-HtaukKyant-120,36-HtaukKyant,66,120
36-HtaukKyant-121,36-HtaukKyant,1469,121
36-HtaukKyant-122,36-HtaukKyant,2206,122
36-HtaukKyant-123,36-HtaukKyant,1970,123
36-ShwePaukKan-1,36-ShwePaukKan,2212,1
36-ShwePaukKan-2,36-ShwePaukKan,1605,2
36-ShwePaukKan-3,36-ShwePaukKan,2215,3
36-ShwePaukKan-4,36-ShwePaukKan,839,4
36-ShwePaukKan-5,36-ShwePaukKan,830,5
36-ShwePaukKan-6,36-ShwePaukKan,833,6
36-ShwePaukKan-7,36-ShwePaukKan,835,7
36-ShwePaukKan-8,36-ShwePaukKan,828,8
36-ShwePaukKan-9,36-ShwePaukKan,824,9
36-ShwePaukKan-10,36-ShwePaukKan,1607,10
36-ShwePaukKan-11,36-ShwePaukKan,826,11
36-ShwePaukKan-12,36-ShwePaukKan,819,12
36-ShwePaukKan-13,36-ShwePaukKan,2401,13
36-ShwePaukKan-14,36-ShwePaukKan,850,14
36-ShwePaukKan-15,36-ShwePaukKan,858,15
36-ShwePaukKan-16,36-ShwePaukKan,843,16
36-ShwePaukKan-17,36-ShwePaukKan,864,17
36-ShwePaukKan-18,36-ShwePaukKan,866,18
36-ShwePaukKan-19,36-ShwePaukKan,862,19
36-ShwePaukKan-20,36-ShwePaukKan,883,20
36-ShwePaukKan-21,36-ShwePaukKan,888,21
36-ShwePaukKan-22,36-ShwePaukKan,886,22
36-ShwePaukKan-23,36-ShwePaukKan,887,23
36-ShwePaukKan-24,36-ShwePaukKan,885,24
36-ShwePaukKan-25,36-ShwePaukKan,890,25
36-ShwePaukKan-26,36-ShwePaukKan,1275,26
36-ShwePaukKan-27,36-ShwePaukKan,1821,27
36-ShwePaukKan-28,36-ShwePaukKan,1280,28
36-ShwePaukKan-29,36-ShwePaukKan,1818,29
36-ShwePaukKan-30,36-ShwePaukKan,1239,30
36-ShwePaukKan-31,36-ShwePaukKan,1236,31
36-ShwePaukKan-32,36-ShwePaukKan,36,32
36-ShwePaukKan-33,36-ShwePaukKan,1242,33
36-ShwePaukKan-34,36-ShwePaukKan,1246,34
36-ShwePaukKan-35,36-ShwePaukKan,2424,35
36-ShwePaukKan-36,36-ShwePaukKan,324,36
36-ShwePaukKan-37,36-ShwePaukKan,322,37
36-ShwePaukKan-38,36-ShwePaukKan,230,38
36-ShwePaukKan-39,36-ShwePaukKan,209,39
36-ShwePaukKan-40,36-ShwePaukKan,202,40
36-ShwePaukKan-41,36-ShwePaukKan,194,41
36-ShwePaukKan-42,36-ShwePaukKan,144,42
36-ShwePaukKan-43,36-ShwePaukKan,141,43
36-ShwePaukKan-44,36-ShwePaukKan,195,44
36-ShwePaukKan-45,36-ShwePaukKan,203,45
36-ShwePaukKan-46,36-ShwePaukKan,208,46
36-ShwePaukKan-47,36-ShwePaukKan,210,47
36-ShwePaukKan-48,36-ShwePaukKan,2425,48
36-ShwePaukKan-49,36-ShwePaukKan,321,49
36-ShwePaukKan-50,36-ShwePaukKan,323,50
36-ShwePaukKan-51,36-ShwePaukKan,325,51
36-ShwePaukKan-52,36-ShwePaukKan,1245,52
36-ShwePaukKan-53,36-ShwePaukKan,1241,53
36-ShwePaukKan-54,36-ShwePaukKan,37,54
36-ShwePaukKan-55,36-ShwePaukKan,1817,55
36-ShwePaukKan-56,36-ShwePaukKan,1238,56
36-ShwePaukKan-57,36-ShwePaukKan,1240,57
36-ShwePaukKan-58,36-ShwePaukKan,38,58
36-ShwePaukKan-59,36-ShwePaukKan,1281,59
36-ShwePaukKan-60,36-ShwePaukKan,1274,60
36-ShwePaukKan-61,36-ShwePaukKan,889,61
36-ShwePaukKan-62,36-ShwePaukKan,882,62
36-ShwePaukKan-63,36-ShwePaukKan,861,63
36-ShwePaukKan-64,36-ShwePaukKan,865,64
36-ShwePaukKan-65,36-ShwePaukKan,863,65
36-ShwePaukKan-66,36-ShwePaukKan,842,66
36-ShwePaukKan-67,36-ShwePaukKan,857,67
36-ShwePaukKan-68,36-ShwePaukKan,848,68
36-ShwePaukKan-69,36-ShwePaukKan,1823,69
36-ShwePaukKan-70,36-ShwePaukKan,820,70
36-ShwePaukKan-71,36-ShwePaukKan,825,71
36-ShwePaukKan-72,36-ShwePaukKan,1606,72
36-ShwePaukKan-73,36-ShwePaukKan,822,73
36-ShwePaukKan-74,36-ShwePaukKan,827,74
36-ShwePaukKan-75,36-ShwePaukKan,834,75
36-ShwePaukKan-76,36-ShwePaukKan,831,76
36-ShwePaukKan-77,36-ShwePaukKan,829,77
36-ShwePaukKan-78,36-ShwePaukKan,838,78
36-ShwePaukKan-79,36-ShwePaukKan,2214,79
36-ShwePaukKan-80,36-ShwePaukKan,1604,80
36-ShwePaukKan-81,36-ShwePaukKan,2213,81
37-Hlegu-1,37-Hlegu,2014,1
37-Hlegu-2,37-Hlegu,2342,2
37-Hlegu-3,37-Hlegu,2012,3
37-Hlegu-4,37-Hlegu,2010,4
37-Hlegu-5,37-Hlegu,2009,5
37-Hlegu-6,37-Hlegu,2006,6
37-Hlegu-7,37-Hlegu,2004,7
37-Hlegu-8,37-Hlegu,2002,8
37-Hlegu-9,37-Hlegu,2000,9
37-Hlegu-10,37-Hlegu,1998,10
37-Hlegu-11,37-Hlegu,1996,11
37-Hlegu-12,37-Hlegu,1994,12
37-Hlegu-13,37-Hlegu,1992,13
37-Hlegu-14,37-Hlegu,1990,14
37-Hlegu-15,37-Hlegu,1988,15
37-Hlegu-16,37-Hlegu,1986,16
37-Hlegu-17,37-Hlegu,1984,17
37-Hlegu-18,37-Hlegu,1982,18
37-Hlegu-19,37-Hlegu,1980,19
37-Hlegu-20,37-Hlegu,1978,20
37-Hlegu-21,37-Hlegu,1976,21
37-Hlegu-22,37-Hlegu,1974,22
37-Hlegu-23,37-Hlegu,1972,23
37-Hlegu-24,37-Hlegu,1971,24
37-Hlegu-25,37-Hlegu,2207,25
37-Hlegu-26,37-Hlegu,1468,26
37-Hlegu-27,37-Hlegu,63,27
37-Hlegu-28,37-Hlegu,1461,28
37-Hlegu-29,37-Hlegu,60,29
37-Hlegu-30,37-Hlegu,1474,30
37-Hlegu-31,37-Hlegu,1473,31
37-Hlegu-32,37-Hlegu,1484,32
37-Hlegu-33,37-Hlegu,1463,33
37-Hlegu-34,37-Hlegu,1467,34
37-Hlegu-35,37-Hlegu,1438,35
37-Hlegu-36,37-Hlegu,1447,36
37-Hlegu-37,37-Hlegu,1443,37
37-Hlegu-38,37-Hlegu,1426,38
37-Hlegu-39,37-Hlegu,58,39
37-Hlegu-40,37-Hlegu,1444,40
37-Hlegu-41,37-Hlegu,1414,41
37-Hlegu-42,37-Hlegu,1412,42
37-Hlegu-43,37-Hlegu,1408,43
37-Hlegu-44,37-Hlegu,1405,44
37-Hlegu-45,37-Hlegu,50,45
37-Hlegu-46,37-Hlegu,1410,46
37-Hlegu-47,37-Hlegu,1398,47
37-Hlegu-48,37-Hlegu,1062,48
37-Hlegu-49,37-Hlegu,1400,49
37-Hlegu-50,37-Hlegu,1393,50
37-Hlegu-51,37-Hlegu,1374,51
37-Hlegu-52,37-Hlegu,1372,52
37-Hlegu-53,37-Hlegu,46,53
37-Hlegu-54,37-Hlegu,1297,54
37-Hlegu-55,37-Hlegu,1294,55
37-Hlegu-56,37-Hlegu,39,56
37-Hlegu-57,37-Hlegu,1301,57
37-Hlegu-58,37-Hlegu,1299,58
37-Hlegu-59,37-Hlegu,1258,59
37-Hlegu-60,37-Hlegu,1260,60
37-Hlegu-61,37-Hlegu,1269,61
37-Hlegu-62,37-Hlegu,1234,62
37-Hlegu-63,37-Hlegu,1228,63
37-Hlegu-64,37-Hlegu,2193,64
37-Hlegu-65,37-Hlegu,1187,65
37-Hlegu-66,37-Hlegu,1191,66
37-Hlegu-67,37-Hlegu,1189,67
37-Hlegu-68,37-Hlegu,320,68
37-Hlegu-69,37-Hlegu,263,69
37-Hlegu-70,37-Hlegu,265,70
37-Hlegu-71,37-Hlegu,269,71
37-Hlegu-72,37-Hlegu,199,72
37-Hlegu-73,37-Hlegu,197,73
37-Hlegu-74,37-Hlegu,117,74
37-Hlegu-75,37-Hlegu,190,75
37-Hlegu-76,37-Hlegu,189,76
37-Hlegu-77,37-Hlegu,191,77
37-Hlegu-78,37-Hlegu,144,78
37-Hlegu-79,37-Hlegu,136,79
37-Hlegu-80,37-Hlegu,129,80
37-Hlegu-81,37-Hlegu,2355,81
37-Hlegu-82,37-Hlegu,1284,82
37-Hlegu-83,37-Hlegu,126,83
37-Hlegu-84,37-Hlegu,118,84
37-Hlegu-85,37-Hlegu,196,85
37-Hlegu-86,37-Hlegu,198,86
37-Hlegu-87,37-Hlegu,268,87
37-Hlegu-88,37-Hlegu,264,88
37-Hlegu-89,37-Hlegu,262,89
37-Hlegu-90,37-Hlegu,319,90
37-Hlegu-91,37-Hlegu,1188,91
37-Hlegu-92,37-Hlegu,1190,92
37-Hlegu-93,37-Hlegu,1186,93
37-Hlegu-94,37-Hlegu,1235,94
37-Hlegu-95,37-Hlegu,1229,95
37-Hlegu-96,37-Hlegu,1233,96
37-Hlegu-97,37-Hlegu,1268,97
37-Hlegu-98,37-Hlegu,1261,98
37-Hlegu-99,37-Hlegu,1259,99
37-Hlegu-100,37-Hlegu,1298,100
37-Hlegu-101,37-Hlegu,1300,101
37-Hlegu-102,37-Hlegu,40,102
37-Hlegu-103,37-Hlegu,1295,103
37-Hlegu-104,37-Hlegu,1296,104
37-Hlegu-105,37-Hlegu,45,105
37-Hlegu-106,37-Hlegu,1371,106
37-Hlegu-107,37-Hlegu,1373,107
37-Hlegu-108,37-Hlegu,1394,108
37-Hlegu-109,37-Hlegu,1399,109
37-Hlegu-110,37-Hlegu,1061,110
37-Hlegu-111,37-Hlegu,1397,111
37-Hlegu-112,37-Hlegu,1409,112
37-Hlegu-113,37-Hlegu,49,113
37-Hlegu-114,37-Hlegu,1406,114
37-Hlegu-115,37-Hlegu,1407,115
37-Hlegu-116,37-Hlegu,1411,116
37-Hlegu-117,37-Hlegu,1413,117
37-Hlegu-118,37-Hlegu,1445,118
37-Hlegu-119,37-Hlegu,57,119
37-Hlegu-120,37-Hlegu,1427,120
37-Hlegu-121,37-Hlegu,1442,121
37-Hlegu-122,37-Hlegu,1446,122
37-Hlegu-123,37-Hlegu,1439,123
37-Hlegu-124,37-Hlegu,1466,124
37-Hlegu-125,37-Hlegu,1462,125
37-Hlegu-126,37-Hlegu,1485,126
37-Hlegu-127,37-Hlegu,1472,127
37-Hlegu-128,37-Hlegu,1475,128
37-Hlegu-129,37-Hlegu,59,129
37-Hlegu-130,37-Hlegu,1460,130
37-Hlegu-131,37-Hlegu,64,131
37-Hlegu-132,37-Hlegu,1469,132
37-Hlegu-133,37-Hlegu,2206,133
37-Hlegu-134,37-Hlegu,1970,134
37-Hlegu-135,37-Hlegu,1973,135
37-Hlegu-136,37-Hlegu,1975,136
37-Hlegu-137,37-Hlegu,1977,137
37-Hlegu-138,37-Hlegu,1979,138
37-Hlegu-139,37-Hlegu,1981,139
37-Hlegu-140,37-Hlegu,1983,140
37-Hlegu-141,37-Hlegu,1985,141
37-Hlegu-142,37-Hlegu,1987,142
37-Hlegu-143,37-Hlegu,1989,143
37-Hlegu-144,37-Hlegu,1991,144
37-Hlegu-145,37-Hlegu,1993,145
37-Hlegu-146,37-Hlegu,1995,146
37-Hlegu-147,37-Hlegu,1997,147
37-Hlegu-148,37-Hlegu,1999,148
37-Hlegu-149,37-Hlegu,2001,149
37-Hlegu-150,37-Hlegu,2003,150
37-Hlegu-151,37-Hlegu,2005,151
37-Hlegu-152,37-Hlegu,2007,152
37-Hlegu-153,37-Hlegu,2008,153
37-Hlegu-154,37-Hlegu,2011,154
37-Hlegu-155,37-Hlegu,2013,155
37-Hlegu-156,37-Hlegu,2343,156
37-Hmawbi-1,37-Hmawbi,1723,1
37-Hmawbi-2,37-Hmawbi,1721,2
37-Hmawbi-3,37-Hmawbi,1719,3
37-Hmawbi-4,37-Hmawbi,1717,4
37-Hmawbi-5,37-Hmawbi,1715,5
37-Hmawbi-6,37-Hmawbi,1713,6
37-Hmawbi-7,37-Hmawbi,1710,7
37-Hmawbi-8,37-Hmawbi,1708,8
37-Hmawbi-9,37-Hmawbi,1707,9
37-Hmawbi-10,37-Hmawbi,1705,10
37-Hmawbi-11,37-Hmawbi,1703,11
37-Hmawbi-12,37-Hmawbi,1701,12
37-Hmawbi-13,37-Hmawbi,1699,13
37-Hmawbi-14,37-Hmawbi,1697,14
37-Hmawbi-15,37-Hmawbi,1695,15
37-Hmawbi-16,37-Hmawbi,1693,16
37-Hmawbi-17,37-Hmawbi,1691,17
37-Hmawbi-18,37-Hmawbi,1687,18
37-Hmawbi-19,37-Hmawbi,1685,19
37-Hmawbi-20,37-Hmawbi,1683,20
37-Hmawbi-21,37-Hmawbi,1681,21
37-Hmawbi-22,37-Hmawbi,1679,22
37-Hmawbi-23,37-Hmawbi,1677,23
37-Hmawbi-24,37-Hmawbi,1675,24
37-Hmawbi-25,37-Hmawbi,1673,25
37-Hmawbi-26,37-Hmawbi,1671,26
37-Hmawbi-27,37-Hmawbi,1669,27
37-Hmawbi-28,37-Hmawbi,1667,28
37-Hmawbi-29,37-Hmawbi,1665,29
37-Hmawbi-30,37-Hmawbi,1662,30
37-Hmawbi-31,37-Hmawbi,1660,31
37-Hmawbi-32,37-Hmawbi,1659,32
37-Hmawbi-33,37-Hmawbi,1657,33
37-Hmawbi-34,37-Hmawbi,1655,34
37-Hmawbi-35,37-Hmawbi,1653,35
37-Hmawbi-36,37-Hmawbi,1650,36
37-Hmawbi-37,37-Hmawbi,1649,37
37-Hmawbi-38,37-Hmawbi,1646,38
37-Hmawbi-39,37-Hmawbi,1644,39
37-Hmawbi-40,37-Hmawbi,1487,40
37-Hmawbi-41,37-Hmawbi,2207,41
37-Hmawbi-42,37-Hmawbi,1468,42
37-Hmawbi-43,37-Hmawbi,63,43
37-Hmawbi-44,37-Hmawbi,1461,44
37-Hmawbi-45,37-Hmawbi,60,45
37-Hmawbi-46,37-Hmawbi,1474,46
37-Hmawbi-47,37-Hmawbi,1473,47
37-Hmawbi-48,37-Hmawbi,1484,48
37-Hmawbi-49,37-Hmawbi,1463,49
37-Hmawbi-50,37-Hmawbi,1467,50
37-Hmawbi-51,37-Hmawbi,1438,51
37-Hmawbi-52,37-Hmawbi,1447,52
37-Hmawbi-53,37-Hmawbi,1443,53
37-Hmawbi-54,37-Hmawbi,1426,54
37-Hmawbi-55,37-Hmawbi,58,55
37-Hmawbi-56,37-Hmawbi,1444,56
37-Hmawbi-57,37-Hmawbi,1414,57
37-Hmawbi-58,37-Hmawbi,1412,58
37-Hmawbi-59,37-Hmawbi,1408,59
37-Hmawbi-60,37-Hmawbi,1405,60
37-Hmawbi-61,37-Hmawbi,50,61
37-Hmawbi-62,37-Hmawbi,1410,62
37-Hmawbi-63,37-Hmawbi,1398,63
37-Hmawbi-64,37-Hmawbi,1062,64
37-Hmawbi-65,37-Hmawbi,1400,65
37-Hmawbi-66,37-Hmawbi,1393,66
37-Hmawbi-67,37-Hmawbi,1374,67
37-Hmawbi-68,37-Hmawbi,1372,68
37-Hmawbi-69,37-Hmawbi,46,69
37-Hmawbi-70,37-Hmawbi,1297,70
37-Hmawbi-71,37-Hmawbi,1294,71
37-Hmawbi-72,37-Hmawbi,39,72
37-Hmawbi-73,37-Hmawbi,1301,73
37-Hmawbi-74,37-Hmawbi,1299,74
37-Hmawbi-75,37-Hmawbi,1258,75
37-Hmawbi-76,37-Hmawbi,1260,76
37-Hmawbi-77,37-Hmawbi,1269,77
37-Hmawbi-78,37-Hmawbi,1234,78
37-Hmawbi-79,37-Hmawbi,1228,79
37-Hmawbi-80,37-Hmawbi,2193,80
37-Hmawbi-81,37-Hmawbi,1187,81
37-Hmawbi-82,37-Hmawbi,1191,82
37-Hmawbi-83,37-Hmawbi,1189,83
37-Hmawbi-84,37-Hmawbi,320,84
37-Hmawbi-85,37-Hmawbi,263,85
37-Hmawbi-86,37-Hmawbi,265,86
37-Hmawbi-87,37-Hmawbi,269,87
37-Hmawbi-88,37-Hmawbi,199,88
37-Hmawbi-89,37-Hmawbi,197,89
37-Hmawbi-90,37-Hmawbi,117,90
37-Hmawbi-91,37-Hmawbi,190,91
37-Hmawbi-92,37-Hmawbi,189,92
37-Hmawbi-93,37-Hmawbi,191,93
37-Hmawbi-94,37-Hmawbi,144,94
37-Hmawbi-95,37-Hmawbi,136,95
37-Hmawbi-96,37-Hmawbi,129,96
37-Hmawbi-97,37-Hmawbi,2355,97
37-Hmawbi-98,37-Hmawbi,2423,98
37-Hmawbi-99,37-Hmawbi,126,99
37-Hmawbi-100,37-Hmawbi,118,100
37-Hmawbi-101,37-Hmawbi,196,101
37-Hmawbi-102,37-Hmawbi,198,102
37-Hmawbi-103,37-Hmawbi,268,103
37-Hmawbi-104,37-Hmawbi,264,104
37-Hmawbi-105,37-Hmawbi,262,105
37-Hmawbi-106,37-Hmawbi,319,106
37-Hmawbi-107,37-Hmawbi,1188,107
37-Hmawbi-108,37-Hmawbi,1190,108
37-Hmawbi-109,37-Hmawbi,1186,109
37-Hmawbi-110,37-Hmawbi,1235,110
37-Hmawbi-111,37-Hmawbi,1229,111
37-Hmawbi-112,37-Hmawbi,1233,112
37-Hmawbi-113,37-Hmawbi,1268,113
37-Hmawbi-114,37-Hmawbi,1261,114
37-Hmawbi-115,37-Hmawbi,1259,115
37-Hmawbi-116,37-Hmawbi,1298,116
37-Hmawbi-117,37-Hmawbi,1300,117
37-Hmawbi-118,37-Hmawbi,40,118
37-Hmawbi-119,37-Hmawbi,1295,119
37-Hmawbi-120,37-Hmawbi,1296,120
37-Hmawbi-121,37-Hmawbi,45,121
37-Hmawbi-122,37-Hmawbi,1371,122
37-Hmawbi-123,37-Hmawbi,1373,123
37-Hmawbi-124,37-Hmawbi,1394,124
37-Hmawbi-125,37-Hmawbi,1399,125
37-Hmawbi-126,37-Hmawbi,1061,126
37-Hmawbi-127,37-Hmawbi,1397,127
37-Hmawbi-128,37-Hmawbi,1409,128
37-Hmawbi-129,37-Hmawbi,49,129
37-Hmawbi-130,37-Hmawbi,1406,130
37-Hmawbi-131,37-Hmawbi,1407,131
37-Hmawbi-132,37-Hmawbi,1411,132
37-Hmawbi-133,37-Hmawbi,1413,133
37-Hmawbi-134,37-Hmawbi,1445,134
37-Hmawbi-135,37-Hmawbi,57,135
37-Hmawbi-136,37-Hmawbi,1427,136
37-Hmawbi-137,37-Hmawbi,1442,137
37-Hmawbi-138,37-Hmawbi,1446,138
37-Hmawbi-139,37-Hmawbi,1439,139
37-Hmawbi-140,37-Hmawbi,1466,140
37-Hmawbi-141,37-Hmawbi,1462,141
37-Hmawbi-142,37-Hmawbi,1485,142
37-Hmawbi-143,37-Hmawbi,1472,143
37-Hmawbi-144,37-Hmawbi,1475,144
37-Hmawbi-145,37-Hmawbi,59,145
37-Hmawbi-146,37-Hmawbi,1460,146
37-Hmawbi-147,37-Hmawbi,64,147
37-Hmawbi-148,37-Hmawbi,1469,148
37-Hmawbi-149,37-Hmawbi,2206,149
37-Hmawbi-150,37-Hmawbi,1486,150
37-Hmawbi-151,37-Hmawbi,1645,151
37-Hmawbi-152,37-Hmawbi,1647,152
37-Hmawbi-153,37-Hmawbi,1648,153
37-Hmawbi-154,37-Hmawbi,1651,154
37-Hmawbi-155,37-Hmawbi,1652,155
37-Hmawbi-156,37-Hmawbi,1654,156
37-Hmawbi-157,37-Hmawbi,1656,157
37-Hmawbi-158,37-Hmawbi,1658,158
37-Hmawbi-159,37-Hmawbi,1661,159
37-Hmawbi-160,37-Hmawbi,1663,160
37-Hmawbi-161,37-Hmawbi,1664,161
37-Hmawbi-162,37-Hmawbi,1666,162
37-Hmawbi-163,37-Hmawbi,1668,163
37-Hmawbi-164,37-Hmawbi,1670,164
37-Hmawbi-165,37-Hmawbi,1672,165
37-Hmawbi-166,37-Hmawbi,1674,166
37-Hmawbi-167,37-Hmawbi,1676,167
37-Hmawbi-168,37-Hmawbi,1678,168
37-Hmawbi-169,37-Hmawbi,1680,169
37-Hmawbi-170,37-Hmawbi,1682,170
37-Hmawbi-171,37-Hmawbi,1684,171
37-Hmawbi-172,37-Hmawbi,1686,172
37-Hmawbi-173,37-Hmawbi,1690,173
37-Hmawbi-174,37-Hmawbi,1692,174
37-Hmawbi-175,37-Hmawbi,1694,175
37-Hmawbi-176,37-Hmawbi,1696,176
37-Hmawbi-177,37-Hmawbi,1698,177
37-Hmawbi-178,37-Hmawbi,1700,178
37-Hmawbi-179,37-Hmawbi,1702,179
37-Hmawbi-180,37-Hmawbi,1704,180
37-Hmawbi-181,37-Hmawbi,1706,181
37-Hmawbi-182,37-Hmawbi,1709,182
37-Hmawbi-183,37-Hmawbi,1711,183
37-Hmawbi-184,37-Hmawbi,1712,184
37-Hmawbi-185,37-Hmawbi,1714,185
37-Hmawbi-186,37-Hmawbi,1716,186
37-Hmawbi-187,37-Hmawbi,1718,187
37-Hmawbi-188,37-Hmawbi,1720,188
37-Hmawbi-189,37-Hmawbi,1722,189
37-HtaukKyant-1,37-HtaukKyant,1644,1
37-HtaukKyant-2,37-HtaukKyant,1487,2
37-HtaukKyant-3,37-HtaukKyant,2207,3
37-HtaukKyant-4,37-HtaukKyant,1468,4
37-HtaukKyant-5,37-HtaukKyant,63,5
37-HtaukKyant-6,37-HtaukKyant,1461,6
37-HtaukKyant-7,37-HtaukKyant,60,7
37-HtaukKyant-8,37-HtaukKyant,1474,8
37-HtaukKyant-9,37-HtaukKyant,1473,9
37-HtaukKyant-10,37-HtaukKyant,1484,10
37-HtaukKyant-11,37-HtaukKyant,1463,11
37-HtaukKyant-12,37-HtaukKyant,1467,12
37-HtaukKyant-13,37-HtaukKyant,1438,13
37-HtaukKyant-14,37-HtaukKyant,1447,14
37-HtaukKyant-15,37-HtaukKyant,1443,15
37-HtaukKyant-16,37-HtaukKyant,1426,16
37-HtaukKyant-17,37-HtaukKyant,58,17
37-HtaukKyant-18,37-HtaukKyant,1444,18
37-HtaukKyant-19,37-HtaukKyant,1414,19
37-HtaukKyant-20,37-HtaukKyant,1412,20
37-HtaukKyant-21,37-HtaukKyant,1408,21
37-HtaukKyant-22,37-HtaukKyant,1405,22
37-HtaukKyant-23,37-HtaukKyant,50,23
37-HtaukKyant-24,37-HtaukKyant,1410,24
37-HtaukKyant-25,37-HtaukKyant,1397,25
37-HtaukKyant-26,37-HtaukKyant,1062,26
37-HtaukKyant-27,37-HtaukKyant,1400,27
37-HtaukKyant-28,37-HtaukKyant,1393,28
37-HtaukKyant-29,37-HtaukKyant,1374,29
37-HtaukKyant-30,37-HtaukKyant,1372,30
37-HtaukKyant-31,37-HtaukKyant,46,31
37-HtaukKyant-32,37-HtaukKyant,1297,32
37-HtaukKyant-33,37-HtaukKyant,1294,33
37-HtaukKyant-34,37-HtaukKyant,39,34
37-HtaukKyant-35,37-HtaukKyant,1301,35
37-HtaukKyant-36,37-HtaukKyant,1299,36
37-HtaukKyant-37,37-HtaukKyant,1258,37
37-HtaukKyant-38,37-HtaukKyant,1260,38
37-HtaukKyant-39,37-HtaukKyant,1269,39
37-HtaukKyant-40,37-HtaukKyant,1234,40
37-HtaukKyant-41,37-HtaukKyant,1228,41
37-HtaukKyant-42,37-HtaukKyant,2193,42
37-HtaukKyant-43,37-HtaukKyant,1187,43
37-HtaukKyant-44,37-HtaukKyant,1191,44
37-HtaukKyant-45,37-HtaukKyant,1189,45
37-HtaukKyant-46,37-HtaukKyant,320,46
37-HtaukKyant-47,37-HtaukKyant,263,47
37-HtaukKyant-48,37-HtaukKyant,265,48
37-HtaukKyant-49,37-HtaukKyant,269,49
37-HtaukKyant-50,37-HtaukKyant,199,50
37-HtaukKyant-51,37-HtaukKyant,197,51
37-HtaukKyant-52,37-HtaukKyant,117,52
37-HtaukKyant-53,37-HtaukKyant,190,53
37-HtaukKyant-54,37-HtaukKyant,189,54
37-HtaukKyant-55,37-HtaukKyant,191,55
37-HtaukKyant-56,37-HtaukKyant,144,56
37-HtaukKyant-57,37-HtaukKyant,136,57
37-HtaukKyant-58,37-HtaukKyant,129,58
37-HtaukKyant-59,37-HtaukKyant,2355,59
37-HtaukKyant-60,37-HtaukKyant,1284,60
37-HtaukKyant-61,37-HtaukKyant,126,61
37-HtaukKyant-62,37-HtaukKyant,118,62
37-HtaukKyant-63,37-HtaukKyant,196,63
37-HtaukKyant-64,37-HtaukKyant,198,64
37-HtaukKyant-65,37-HtaukKyant,268,65
37-HtaukKyant-66,37-HtaukKyant,264,66
37-HtaukKyant-67,37-HtaukKyant,262,67
37-HtaukKyant-68,37-HtaukKyant,319,68
37-HtaukKyant-69,37-HtaukKyant,1188,69
37-HtaukKyant-70,37-HtaukKyant,1190,70
37-HtaukKyant-71,37-HtaukKyant,1186,71
37-HtaukKyant-72,37-HtaukKyant,1235,72
37-HtaukKyant-73,37-HtaukKyant,1229,73
37-HtaukKyant-74,37-HtaukKyant,1233,74
37-HtaukKyant-75,37-HtaukKyant,1268,75
37-HtaukKyant-76,37-HtaukKyant,1261,76
37-HtaukKyant-77,37-HtaukKyant,1259,77
37-HtaukKyant-78,37-HtaukKyant,1298,78
37-HtaukKyant-79,37-HtaukKyant,1300,79
37-HtaukKyant-80,37-HtaukKyant,40,80
37-HtaukKyant-81,37-HtaukKyant,1295,81
37-HtaukKyant-82,37-HtaukKyant,1296,82
37-HtaukKyant-83,37-HtaukKyant,45,83
37-HtaukKyant-84,37-HtaukKyant,1371,84
37-HtaukKyant-85,37-HtaukKyant,1373,85
37-HtaukKyant-86,37-HtaukKyant,1394,86
37-HtaukKyant-87,37-HtaukKyant,1399,87
37-HtaukKyant-88,37-HtaukKyant,1061,88
37-HtaukKyant-89,37-HtaukKyant,1398,89
37-HtaukKyant-90,37-HtaukKyant,1409,90
37-HtaukKyant-91,37-HtaukKyant,49,91
37-HtaukKyant-92,37-HtaukKyant,1406,92
37-HtaukKyant-93,37-HtaukKyant,1407,93
37-HtaukKyant-94,37-HtaukKyant,1411,94
37-HtaukKyant-95,37-HtaukKyant,1413,95
37-HtaukKyant-96,37-HtaukKyant,1445,96
37-HtaukKyant-97,37-HtaukKyant,57,97
37-HtaukKyant-98,37-HtaukKyant,1427,98
37-HtaukKyant-99,37-HtaukKyant,1442,99
37-HtaukKyant-100,37-HtaukKyant,1446,100
37-HtaukKyant-101,37-HtaukKyant,1439,101
37-HtaukKyant-102,37-HtaukKyant,1466,102
37-HtaukKyant-103,37-HtaukKyant,1462,103
37-HtaukKyant-104,37-HtaukKyant,1485,104
37-HtaukKyant-105,37-HtaukKyant,1472,105
37-HtaukKyant-106,37-HtaukKyant,1475,106
37-HtaukKyant-107,37-HtaukKyant,59,107
37-HtaukKyant-108,37-HtaukKyant,1460,108
37-HtaukKyant-109,37-HtaukKyant,64,109
37-HtaukKyant-110,37-HtaukKyant,1469,110
37-HtaukKyant-111,37-HtaukKyant,2206,111
37-HtaukKyant-112,37-HtaukKyant,1486,112
37-HtaukKyant-113,37-HtaukKyant,1645,113
37-Okekan-1,37-Okekan,2505,1
37-Okekan-2,37-Okekan,1798,2
37-Okekan-3,37-Okekan,1796,3
37-Okekan-4,37-Okekan,1794,4
37-Okekan-5,37-Okekan,1792,5
37-Okekan-6,37-Okekan,1790,6
37-Okekan-7,37-Okekan,1788,7
37-Okekan-8,37-Okekan,1784,8
37-Okekan-9,37-Okekan,1782,9
37-Okekan-10,37-Okekan,1780,10
37-Okekan-11,37-Okekan,1778,11
37-Okekan-12,37-Okekan,1776,12
37-Okekan-13,37-Okekan,1774,13
37-Okekan-14,37-Okekan,1772,14
37-Okekan-15,37-Okekan,1770,15
37-Okekan-16,37-Okekan,1768,16
37-Okekan-17,37-Okekan,1766,17
37-Okekan-18,37-Okekan,1763,18
37-Okekan-19,37-Okekan,1762,19
37-Okekan-20,37-Okekan,1760,20
37-Okekan-21,37-Okekan,1758,21
37-Okekan-22,37-Okekan,1756,22
37-Okekan-23,37-Okekan,1754,23
37-Okekan-24,37-Okekan,1752,24
37-Okekan-25,37-Okekan,1750,25
37-Okekan-26,37-Okekan,1748,26
37-Okekan-27,37-Okekan,1746,27
37-Okekan-28,37-Okekan,1744,28
37-Okekan-29,37-Okekan,1742,29
37-Okekan-30,37-Okekan,1739,30
37-Okekan-31,37-Okekan,1738,31
37-Okekan-32,37-Okekan,1736,32
37-Okekan-33,37-Okekan,1734,33
37-Okekan-34,37-Okekan,1731,34
37-Okekan-35,37-Okekan,1729,35
37-Okekan-36,37-Okekan,1727,36
37-Okekan-37,37-Okekan,1724,37
37-Okekan-38,37-Okekan,1723,38
37-Okekan-39,37-Okekan,1721,39
37-Okekan-40,37-Okekan,1719,40
37-Okekan-41,37-Okekan,1717,41
37-Okekan-42,37-Okekan,1715,42
37-Okekan-43,37-Okekan,1713,43
37-Okekan-44,37-Okekan,1710,44
37-Okekan-45,37-Okekan,1708,45
37-Okekan-46,37-Okekan,1707,46
37-Okekan-47,37-Okekan,1705,47
37-Okekan-48,37-Okekan,1703,48
37-Okekan-49,37-Okekan,1700,49
37-Okekan-50,37-Okekan,1699,50
37-Okekan-51,37-Okekan,1697,51
37-Okekan-52,37-Okekan,1695,52
37-Okekan-53,37-Okekan,1693,53
37-Okekan-54,37-Okekan,1691,54
37-Okekan-55,37-Okekan,1687,55
37-Okekan-56,37-Okekan,1685,56
37-Okekan-57,37-Okekan,1683,57
37-Okekan-58,37-Okekan,1681,58
37-Okekan-59,37-Okekan,1679,59
37-Okekan-60,37-Okekan,1677,60
37-Okekan-61,37-Okekan,1675,61
37-Okekan-62,37-Okekan,1673,62
37-Okekan-63,37-Okekan,1671,63
37-Okekan-64,37-Okekan,1669,64
37-Okekan-65,37-Okekan,1667,65
37-Okekan-66,37-Okekan,1665,66
37-Okekan-67,37-Okekan,1662,67
37-Okekan-68,37-Okekan,1660,68
37-Okekan-69,37-Okekan,1659,69
37-Okekan-70,37-Okekan,1657,70
37-Okekan-71,37-Okekan,1655,71
37-Okekan-72,37-Okekan,1653,72
37-Okekan-73,37-Okekan,1650,73
37-Okekan-74,37-Okekan,1649,74
37-Okekan-75,37-Okekan,1646,75
37-Okekan-76,37-Okekan,1644,76
37-Okekan-77,37-Okekan,1487,77
37-Okekan-78,37-Okekan,2207,78
37-Okekan-79,37-Okekan,1468,79
37-Okekan-80,37-Okekan,63,80
37-Okekan-81,37-Okekan,1461,81
37-Okekan-82,37-Okekan,60,82
37-Okekan-83,37-Okekan,1474,83
37-Okekan-84,37-Okekan,1473,84
37-Okekan-85,37-Okekan,1484,85
37-Okekan-86,37-Okekan,1463,86
37-Okekan-87,37-Okekan,1467,87
37-Okekan-88,37-Okekan,1438,88
37-Okekan-89,37-Okekan,1447,89
37-Okekan-90,37-Okekan,1443,90
37-Okekan-91,37-Okekan,1426,91
37-Okekan-92,37-Okekan,58,92
37-Okekan-93,37-Okekan,1444,93
37-Okekan-94,37-Okekan,1414,94
37-Okekan-95,37-Okekan,1412,95
37-Okekan-96,37-Okekan,1408,96
37-Okekan-97,37-Okekan,1405,97
37-Okekan-98,37-Okekan,50,98
37-Okekan-99,37-Okekan,1410,99
37-Okekan-100,37-Okekan,1398,100
37-Okekan-101,37-Okekan,1062,101
37-Okekan-102,37-Okekan,1400,102
37-Okekan-103,37-Okekan,1393,103
37-Okekan-104,37-Okekan,1374,104
37-Okekan-105,37-Okekan,1372,105
37-Okekan-106,37-Okekan,46,106
37-Okekan-107,37-Okekan,1297,107
37-Okekan-108,37-Okekan,1294,108
37-Okekan-109,37-Okekan,39,109
37-Okekan-110,37-Okekan,1301,110
37-Okekan-111,37-Okekan,1299,111
37-Okekan-112,37-Okekan,1258,112
37-Okekan-113,37-Okekan,1260,113
37-Okekan-114,37-Okekan,1269,114
37-Okekan-115,37-Okekan,1234,115
37-Okekan-116,37-Okekan,1228,116
37-Okekan-117,37-Okekan,2193,117
37-Okekan-118,37-Okekan,1187,118
37-Okekan-119,37-Okekan,1191,119
37-Okekan-120,37-Okekan,1189,120
37-Okekan-121,37-Okekan,320,121
37-Okekan-122,37-Okekan,263,122
37-Okekan-123,37-Okekan,265,123
37-Okekan-124,37-Okekan,269,124
37-Okekan-125,37-Okekan,199,125
37-Okekan-126,37-Okekan,197,126
37-Okekan-127,37-Okekan,117,127
37-Okekan-128,37-Okekan,190,128
37-Okekan-129,37-Okekan,189,129
37-Okekan-130,37-Okekan,191,130
37-Okekan-131,37-Okekan,144,131
37-Okekan-132,37-Okekan,136,132
37-Okekan-133,37-Okekan,129,133
37-Okekan-134,37-Okekan,2355,134
37-Okekan-135,37-Okekan,1284,135
37-Okekan-136,37-Okekan,126,136
37-Okekan-137,37-Okekan,118,137
37-Okekan-138,37-Okekan,196,138
37-Okekan-139,37-Okekan,198,139
37-Okekan-140,37-Okekan,268,140
37-Okekan-141,37-Okekan,264,141
37-Okekan-142,37-Okekan,262,142
37-Okekan-143,37-Okekan,319,143
37-Okekan-144,37-Okekan,1188,144
37-Okekan-145,37-Okekan,1190,145
37-Okekan-146,37-Okekan,1186,146
37-Okekan-147,37-Okekan,1235,147
37-Okekan-148,37-Okekan,1229,148
37-Okekan-149,37-Okekan,1233,149
37-Okekan-150,37-Okekan,1268,150
37-Okekan-151,37-Okekan,1261,151
37-Okekan-152,37-Okekan,1259,152
37-Okekan-153,37-Okekan,1298,153
37-Okekan-154,37-Okekan,1300,154
37-Okekan-155,37-Okekan,40,155
37-Okekan-156,37-Okekan,1295,156
37-Okekan-157,37-Okekan,1296,157
37-Okekan-158,37-Okekan,45,158
37-Okekan-159,37-Okekan,1371,159
37-Okekan-160,37-Okekan,1373,160
37-Okekan-161,37-Okekan,1394,161
37-Okekan-162,37-Okekan,1399,162
37-Okekan-163,37-Okekan,1061,163
37-Okekan-164,37-Okekan,1397,164
37-Okekan-165,37-Okekan,1409,165
37-Okekan-166,37-Okekan,49,166
37-Okekan-167,37-Okekan,1406,167
37-Okekan-168,37-Okekan,1407,168
37-Okekan-169,37-Okekan,1411,169
37-Okekan-170,37-Okekan,1413,170
37-Okekan-171,37-Okekan,1445,171
37-Okekan-172,37-Okekan,57,172
37-Okekan-173,37-Okekan,1427,173
37-Okekan-174,37-Okekan,1442,174
37-Okekan-175,37-Okekan,1446,175
37-Okekan-176,37-Okekan,1439,176
37-Okekan-177,37-Okekan,1466,177
37-Okekan-178,37-Okekan,1462,178
37-Okekan-179,37-Okekan,1485,179
37-Okekan-180,37-Okekan,1472,180
37-Okekan-181,37-Okekan,1475,181
37-Okekan-182,37-Okekan,59,182
37-Okekan-183,37-Okekan,1460,183
37-Okekan-184,37-Okekan,64,184
37-Okekan-185,37-Okekan,1469,185
37-Okekan-186,37-Okekan,2206,186
37-Okekan-187,37-Okekan,1486,187
37-Okekan-188,37-Okekan,1645,188
37-Okekan-189,37-Okekan,1647,189
37-Okekan-190,37-Okekan,1648,190
37-Okekan-191,37-Okekan,1651,191
37-Okekan-192,37-Okekan,1652,192
37-Okekan-193,37-Okekan,1654,193
37-Okekan-194,37-Okekan,1656,194
37-Okekan-195,37-Okekan,1658,195
37-Okekan-196,37-Okekan,1661,196
37-Okekan-197,37-Okekan,1663,197
37-Okekan-198,37-Okekan,1664,198
37-Okekan-199,37-Okekan,1666,199
37-Okekan-200,37-Okekan,1668,200
37-Okekan-201,37-Okekan,1670,201
37-Okekan-202,37-Okekan,1672,202
37-Okekan-203,37-Okekan,1674,203
37-Okekan-204,37-Okekan,1676,204
37-Okekan-205,37-Okekan,1678,205
37-Okekan-206,37-Okekan,1680,206
37-Okekan-207,37-Okekan,1682,207
37-Okekan-208,37-Okekan,1684,208
37-Okekan-209,37-Okekan,1686,209
37-Okekan-210,37-Okekan,1690,210
37-Okekan-211,37-Okekan,1692,211
37-Okekan-212,37-Okekan,1694,212
37-Okekan-213,37-Okekan,1696,213
37-Okekan-214,37-Okekan,1698,214
37-Okekan-215,37-Okekan,1701,215
37-Okekan-216,37-Okekan,1702,216
37-Okekan-217,37-Okekan,1704,217
37-Okekan-218,37-Okekan,1706,218
37-Okekan-219,37-Okekan,1709,219
37-Okekan-220,37-Okekan,1711,220
37-Okekan-221,37-Okekan,1712,221
37-Okekan-222,37-Okekan,1714,222
37-Okekan-223,37-Okekan,1716,223
37-Okekan-224,37-Okekan,1718,224
37-Okekan-225,37-Okekan,1720,225
37-Okekan-226,37-Okekan,1722,226
37-Okekan-227,37-Okekan,1725,227
37-Okekan-228,37-Okekan,1726,228
37-Okekan-229,37-Okekan,1728,229
37-Okekan-230,37-Okekan,1730,230
37-Okekan-231,37-Okekan,1733,231
37-Okekan-232,37-Okekan,1735,232
37-Okekan-233,37-Okekan,1737,233
37-Okekan-234,37-Okekan,1740,234
37-Okekan-235,37-Okekan,1741,235
37-Okekan-236,37-Okekan,1743,236
37-Okekan-237,37-Okekan,1745,237
37-Okekan-238,37-Okekan,1747,238
37-Okekan-239,37-Okekan,1749,239
37-Okekan-240,37-Okekan,1751,240
37-Okekan-241,37-Okekan,1753,241
37-Okekan-242,37-Okekan,1755,242
37-Okekan-243,37-Okekan,1757,243
37-Okekan-244,37-Okekan,1759,244
37-Okekan-245,37-Okekan,1761,245
37-Okekan-246,37-Okekan,1764,246
37-Okekan-247,37-Okekan,1765,247
37-Okekan-248,37-Okekan,1767,248
37-Okekan-249,37-Okekan,1769,249
37-Okekan-250,37-Okekan,1771,250
37-Okekan-251,37-Okekan,1773,251
37-Okekan-252,37-Okekan,1775,252
37-Okekan-253,37-Okekan,1777,253
37-Okekan-254,37-Okekan,1779,254
37-Okekan-255,37-Okekan,1781,255
37-Okekan-256,37-Okekan,1783,256
37-Okekan-257,37-Okekan,1787,257
37-Okekan-258,37-Okekan,1789,258
37-Okekan-259,37-Okekan,1791,259
37-Okekan-260,37-Okekan,1793,260
37-Okekan-261,37-Okekan,1795,261
37-Okekan-262,37-Okekan,1797,262
37-Okekan-263,37-Okekan,2504,263
37-Waryarlatt-1,37-Waryarlatt,1412,1
37-Waryarlatt-2,37-Waryarlatt,1408,2
37-Waryarlatt-3,37-Waryarlatt,1405,3
37-Waryarlatt-4,37-Waryarlatt,50,4
37-Waryarlatt-5,37-Waryarlatt,1410,5
37-Waryarlatt-6,37-Waryarlatt,1398,6
37-Waryarlatt-7,37-Waryarlatt,1062,7
37-Waryarlatt-8,37-Waryarlatt,1400,8
37-Waryarlatt-9,37-Waryarlatt,1393,9
37-Waryarlatt-10,37-Waryarlatt,1374,10
37-Waryarlatt-11,37-Waryarlatt,1372,11
37-Waryarlatt-12,37-Waryarlatt,46,12
37-Waryarlatt-13,37-Waryarlatt,1297,13
37-Waryarlatt-14,37-Waryarlatt,1294,14
37-Waryarlatt-15,37-Waryarlatt,39,15
37-Waryarlatt-16,37-Waryarlatt,1301,16
37-Waryarlatt-17,37-Waryarlatt,1299,17
37-Waryarlatt-18,37-Waryarlatt,1258,18
37-Waryarlatt-19,37-Waryarlatt,1260,19
37-Waryarlatt-20,37-Waryarlatt,1269,20
37-Waryarlatt-21,37-Waryarlatt,1234,21
37-Waryarlatt-22,37-Waryarlatt,1228,22
37-Waryarlatt-23,37-Waryarlatt,2193,23
37-Waryarlatt-24,37-Waryarlatt,1187,24
37-Waryarlatt-25,37-Waryarlatt,1191,25
37-Waryarlatt-26,37-Waryarlatt,1189,26
37-Waryarlatt-27,37-Waryarlatt,320,27
37-Waryarlatt-28,37-Waryarlatt,263,28
37-Waryarlatt-29,37-Waryarlatt,265,29
37-Waryarlatt-30,37-Waryarlatt,269,30
37-Waryarlatt-31,37-Waryarlatt,199,31
37-Waryarlatt-32,37-Waryarlatt,197,32
37-Waryarlatt-33,37-Waryarlatt,117,33
37-Waryarlatt-34,37-Waryarlatt,190,34
37-Waryarlatt-35,37-Waryarlatt,189,35
37-Waryarlatt-36,37-Waryarlatt,191,36
37-Waryarlatt-37,37-Waryarlatt,144,37
37-Waryarlatt-38,37-Waryarlatt,138,38
37-Waryarlatt-39,37-Waryarlatt,137,39
37-Waryarlatt-40,37-Waryarlatt,130,40
37-Waryarlatt-41,37-Waryarlatt,133,41
37-Waryarlatt-42,37-Waryarlatt,126,42
37-Waryarlatt-43,37-Waryarlatt,118,43
37-Waryarlatt-44,37-Waryarlatt,196,44
37-Waryarlatt-45,37-Waryarlatt,198,45
37-Waryarlatt-46,37-Waryarlatt,268,46
37-Waryarlatt-47,37-Waryarlatt,264,47
37-Waryarlatt-48,37-Waryarlatt,262,48
37-Waryarlatt-49,37-Waryarlatt,319,49
37-Waryarlatt-50,37-Waryarlatt,1188,50
37-Waryarlatt-51,37-Waryarlatt,1190,51
37-Waryarlatt-52,37-Waryarlatt,1186,52
37-Waryarlatt-53,37-Waryarlatt,1235,53
37-Waryarlatt-54,37-Waryarlatt,1229,54
37-Waryarlatt-55,37-Waryarlatt,1233,55
37-Waryarlatt-56,37-Waryarlatt,1268,56
37-Waryarlatt-57,37-Waryarlatt,1261,57
37-Waryarlatt-58,37-Waryarlatt,1259,58
37-Waryarlatt-59,37-Waryarlatt,1298,59
37-Waryarlatt-60,37-Waryarlatt,1300,60
37-Waryarlatt-61,37-Waryarlatt,40,61
37-Waryarlatt-62,37-Waryarlatt,1295,62
37-Waryarlatt-63,37-Waryarlatt,1296,63
37-Waryarlatt-64,37-Waryarlatt,45,64
37-Waryarlatt-65,37-Waryarlatt,1371,65
37-Waryarlatt-66,37-Waryarlatt,1373,66
37-Waryarlatt-67,37-Waryarlatt,1394,67
37-Waryarlatt-68,37-Waryarlatt,1399,68
37-Waryarlatt-69,37-Waryarlatt,1061,69
37-Waryarlatt-70,37-Waryarlatt,1397,70
37-Waryarlatt-71,37-Waryarlatt,1409,71
37-Waryarlatt-72,37-Waryarlatt,49,72
37-Waryarlatt-73,37-Waryarlatt,1406,73
37-Waryarlatt-74,37-Waryarlatt,1407,74
37-Waryarlatt-75,37-Waryarlatt,1411,75
38-1,38,1248,1
38-2,38,2125,2
38-3,38,1081,3
38-4,38,1073,4
38-5,38,2124,5
38-6,38,1078,6
38-7,38,2128,7
38-8,38,1082,8
38-9,38,1080,9
38-10,38,1066,10
38-11,38,1058,11
38-12,38,1039,12
38-13,38,2174,13
38-14,38,1047,14
38-15,38,1052,15
38-16,38,6,16
38-17,38,331,17
38-18,38,326,18
38-19,38,2424,19
38-20,38,2323,20
38-21,38,2325,21
38-22,38,2327,22
38-23,38,2329,23
38-24,38,2331,24
38-25,38,318,25
38-26,38,290,26
38-27,38,295,27
38-28,38,307,28
38-29,38,309,29
38-30,38,1183,30
38-31,38,1163,31
38-32,38,1160,32
38-33,38,1164,33
38-34,38,1166,34
38-35,38,1165,35
38-36,38,1161,36
38-37,38,1162,37
38-38,38,1184,38
38-39,38,310,39
38-40,38,308,40
38-41,38,296,41
38-42,38,289,42
38-43,38,2194,43
38-44,38,2333,44
38-45,38,2335,45
38-46,38,2337,46
38-47,38,2339,47
38-48,38,2341,48
38-49,38,325,49
38-50,38,327,50
38-51,38,330,51
38-52,38,7,52
38-53,38,1051,53
38-54,38,2175,54
38-55,38,1048,55
38-56,38,1040,56
38-57,38,1057,57
38-58,38,1065,58
38-59,38,2130,59
38-60,38,1083,60
38-61,38,2127,61
38-62,38,1079,62
38-63,38,1075,63
38-64,38,1074,64
38-65,38,2352,65
38-66,38,1247,66
38-67,38,1249,67
39-1,39,121,1
39-2,39,1284,2
39-3,39,126,3
39-4,39,118,4
39-5,39,196,5
39-6,39,198,6
39-7,39,268,7
39-8,39,264,8
39-9,39,262,9
39-10,39,319,10
39-11,39,287,11
39-12,39,1175,12
39-13,39,1177,13
39-14,39,1170,14
39-15,39,1181,15
39-16,39,1179,16
39-17,39,1212,17
39-18,39,1217,18
39-19,39,2392,19
39-20,39,1223,20
39-21,39,1250,21
39-22,39,1252,22
39-23,39,1311,23
39-24,39,1312,24
39-25,39,1341,25
39-26,39,1344,26
39-27,39,2202,27
39-28,39,1319,28
39-29,39,1337,29
39-30,39,1361,30
39-31,39,44,31
39-32,39,1356,32
39-33,39,1364,33
39-34,39,42,34
39-35,39,1381,35
39-36,39,1378,36
39-37,39,1384,37
39-38,39,1380,38
39-39,39,69,39
39-40,39,1514,40
39-41,39,1512,41
39-42,39,1510,42
39-43,39,1507,43
39-44,39,1508,44
39-45,39,1519,45
39-46,39,1516,46
39-47,39,71,47
39-48,39,1498,48
39-49,39,1494,49
39-50,39,1488,50
39-51,39,1490,51
39-52,39,1497,52
39-53,39,1492,53
39-54,39,67,54
39-55,39,1594,55
39-56,39,1599,56
39-57,39,1595,57
39-58,39,1602,58
39-59,39,1598,59
39-60,39,1587,60
39-61,39,1597,61
39-62,39,1601,62
39-63,39,1596,63
39-64,39,1600,64
39-65,39,2249,65
39-66,39,68,66
39-67,39,1493,67
39-68,39,1496,68
39-69,39,1491,69
39-70,39,1489,70
39-71,39,1495,71
39-72,39,1499,72
39-73,39,72,73
39-74,39,1517,74
39-75,39,1518,75
39-76,39,1509,76
39-77,39,1506,77
39-78,39,1511,78
39-79,39,1513,79
39-80,39,1515,80
39-81,39,70,81
39-82,39,1379,82
39-83,39,1383,83
39-84,39,1377,84
39-85,39,1382,85
39-86,39,41,86
39-87,39,1363,87
39-88,39,1355,88
39-89,39,43,89
39-90,39,1362,90
39-91,39,1338,91
39-92,39,1318,92
39-93,39,2203,93
39-94,39,1343,94
39-95,39,1342,95
39-96,39,1313,96
39-97,39,1310,97
39-98,39,1253,98
39-99,39,1251,99
39-100,39,2402,100
39-101,39,1219,101
39-102,39,1218,102
39-103,39,1211,103
39-104,39,1180,104
39-105,39,1182,105
39-106,39,1171,106
39-107,39,1176,107
39-108,39,1174,108
39-109,39,288,109
39-110,39,320,110
39-111,39,263,111
39-112,39,265,112
39-113,39,269,113
39-114,39,199,114
39-115,39,197,115
39-116,39,117,116
39-117,39,125,117
39-118,39,2423,118
39-119,39,123,119
3A-1,3A,792,1
3A-2,3A,789,2
3A-3,3A,782,3
3A-4,3A,780,4
3A-5,3A,772,5
3A-6,3A,773,6
3A-7,3A,666,7
3A-8,3A,732,8
3A-9,3A,730,9
3A-10,3A,2136,10
3A-11,3A,724,11
3A-12,3A,720,12
3A-13,3A,713,13
3A-14,3A,714,14
3A-15,3A,688,15
3A-16,3A,692,16
3A-17,3A,648,17
3A-18,3A,702,18
3A-19,3A,696,19
3A-20,3A,682,20
3A-21,3A,678,21
3A-22,3A,674,22
3A-23,3A,628,23
3A-24,3A,634,24
3A-25,3A,2160,25
3A-26,3A,597,26
3A-27,3A,609,27
3A-28,3A,602,28
3A-29,3A,616,29
3A-30,3A,367,30
3A-31,3A,361,31
3A-32,3A,356,32
3A-33,3A,365,33
3A-34,3A,345,34
3A-35,3A,343,35
3A-36,3A,238,36
3A-37,3A,388,37
3A-38,3A,374,38
3A-39,3A,454,39
3A-40,3A,444,40
3A-41,3A,450,41
3A-42,3A,448,42
3A-43,3A,161,43
3A-44,3A,2221,44
3A-45,3A,162,45
3A-46,3A,155,46
3A-47,3A,147,47
3A-48,3A,151,48
3A-49,3A,152,49
3A-50,3A,141,50
3A-51,3A,174,51
3A-52,3A,176,52
3A-53,3A,156,53
3A-54,3A,447,54
3A-55,3A,449,55
3A-56,3A,443,56
3A-57,3A,453,57
3A-58,3A,375,58
3A-59,3A,387,59
3A-60,3A,239,60
3A-61,3A,342,61
3A-62,3A,344,62
3A-63,3A,364,63
3A-64,3A,357,64
3A-65,3A,360,65
3A-66,3A,366,66
3A-67,3A,615,67
3A-68,3A,601,68
3A-69,3A,610,69
3A-70,3A,598,70
3A-71,3A,2161,71
3A-72,3A,635,72
3A-73,3A,629,73
3A-74,3A,673,74
3A-75,3A,677,75
3A-76,3A,681,76
3A-77,3A,695,77
3A-78,3A,701,78
3A-79,3A,2138,79
3A-80,3A,691,80
3A-81,3A,687,81
3A-82,3A,715,82
3A-83,3A,712,83
3A-84,3A,721,84
3A-85,3A,2134,85
3A-86,3A,2135,86
3A-87,3A,729,87
3A-88,3A,731,88
3A-89,3A,664,89
3A-90,3A,774,90
3A-91,3A,771,91
3A-92,3A,779,92
3A-93,3A,781,93
3A-94,3A,790,94
3A-95,3A,791,95
3B-1,3B,792,1
3B-2,3B,789,2
3B-3,3B,781,3
3B-4,3B,780,4
3B-5,3B,772,5
3B-6,3B,773,6
3B-7,3B,666,7
3B-8,3B,732,8
3B-9,3B,730,9
3B-10,3B,2136,10
3B-11,3B,724,11
3B-12,3B,720,12
3B-13,3B,713,13
3B-14,3B,714,14
3B-15,3B,688,15
3B-16,3B,692,16
3B-17,3B,648,17
3B-18,3B,702,18
3B-19,3B,696,19
3B-20,3B,682,20
3B-21,3B,678,21
3B-22,3B,674,22
3B-23,3B,628,23
3B-24,3B,630,24
3B-25,3B,626,25
3B-26,3B,637,26
3B-27,3B,592,27
3B-28,3B,582,28
3B-29,3B,584,29
3B-30,3B,563,30
3B-31,3B,561,31
3B-32,3B,566,32
3B-33,3B,574,33
3B-34,3B,570,34
3B-35,3B,359,35
3B-36,3B,392,36
3B-37,3B,377,37
3B-38,3B,371,38
3B-39,3B,390,39
3B-40,3B,441,40
3B-41,3B,439,41
3B-42,3B,450,42
3B-43,3B,448,43
3B-44,3B,161,44
3B-45,3B,2221,45
3B-46,3B,162,46
3B-47,3B,155,47
3B-48,3B,147,48
3B-49,3B,151,49
3B-50,3B,141,50
3B-51,3B,144,51
3B-52,3B,174,52
3B-53,3B,176,53
3B-54,3B,156,54
3B-55,3B,447,55
3B-56,3B,449,56
3B-57,3B,440,57
3B-58,3B,442,58
3B-59,3B,389,59
3B-60,3B,370,60
3B-61,3B,376,61
3B-62,3B,391,62
3B-63,3B,358,63
3B-64,3B,569,64
3B-65,3B,573,65
3B-66,3B,565,66
3B-67,3B,562,67
3B-68,3B,564,68
3B-69,3B,585,69
3B-70,3B,583,70
3B-71,3B,591,71
3B-72,3B,636,72
3B-73,3B,627,73
3B-74,3B,631,74
3B-75,3B,629,75
3B-76,3B,673,76
3B-77,3B,677,77
3B-78,3B,681,78
3B-79,3B,695,79
3B-80,3B,701,80
3B-81,3B,2138,81
3B-82,3B,691,82
3B-83,3B,687,83
3B-84,3B,715,84
3B-85,3B,712,85
3B-86,3B,721,86
3B-87,3B,2134,87
3B-88,3B,2135,88
3B-89,3B,729,89
3B-90,3B,731,90
3B-91,3B,664,91
3B-92,3B,774,92
3B-93,3B,771,93
3B-94,3B,779,94
3B-95,3B,782,95
3B-96,3B,790,96
3B-97,3B,791,97
4-1,4,2141,1
4-2,4,792,2
4-3,4,789,3
4-4,4,782,4
4-5,4,780,5
4-6,4,772,6
4-7,4,773,7
4-8,4,666,8
4-9,4,651,9
4-10,4,2139,10
4-11,4,639,11
4-12,4,643,12
4-13,4,557,13
4-14,4,549,14
4-15,4,546,15
4-16,4,552,16
4-17,4,2159,17
4-18,4,530,18
4-19,4,526,19
4-20,4,524,20
4-21,4,398,21
4-22,4,404,22
4-23,4,408,23
4-24,4,410,24
4-25,4,395,25
4-26,4,467,26
4-27,4,474,27
4-28,4,476,28
4-29,4,470,29
4-30,4,2219,30
4-31,4,423,31
4-32,4,175,32
4-33,4,158,33
4-34,4,148,34
4-35,4,145,35
4-36,4,152,36
4-37,4,149,37
4-38,4,146,38
4-39,4,159,39
4-40,4,157,40
4-41,4,416,41
4-42,4,2220,42
4-43,4,469,43
4-44,4,475,44
4-45,4,473,45
4-46,4,468,46
4-47,4,396,47
4-48,4,409,48
4-49,4,407,49
4-50,4,403,50
4-51,4,397,51
4-52,4,523,52
4-53,4,525,53
4-54,4,529,54
4-55,4,553,55
4-56,4,551,56
4-57,4,545,57
4-58,4,550,58
4-59,4,555,59
4-60,4,642,60
4-61,4,638,61
4-62,4,2140,62
4-63,4,652,63
4-64,4,663,64
4-65,4,774,65
4-66,4,771,66
4-67,4,779,67
4-68,4,781,68
4-69,4,790,69
4-70,4,791,70
4-71,4,2345,71
40-1,40,1586,1
40-2,40,1590,2
40-3,40,1589,3
40-4,40,1592,4
40-5,40,1572,5
40-6,40,1574,6
40-7,40,1570,7
40-8,40,1580,8
40-9,40,1582,9
40-10,40,1579,10
40-11,40,1585,11
40-12,40,85,12
40-13,40,1577,13
40-14,40,1567,14
40-15,40,1564,15
40-16,40,1557,16
40-17,40,1563,17
40-18,40,83,18
40-19,40,1558,19
40-20,40,1554,20
40-21,40,1539,21
40-22,40,1542,22
40-23,40,1535,23
40-24,40,1536,24
40-25,40,1541,25
40-26,40,1531,26
40-27,40,77,27
40-28,40,1503,28
40-29,40,70,29
40-30,40,1379,30
40-31,40,1383,31
40-32,40,1377,32
40-33,40,1382,33
40-34,40,41,34
40-35,40,1363,35
40-36,40,1355,36
40-37,40,43,37
40-38,40,1358,38
40-39,40,1335,39
40-40,40,1333,40
40-41,40,1328,41
40-42,40,2201,42
40-43,40,1330,43
40-44,40,1305,44
40-45,40,1302,45
40-46,40,1306,46
40-47,40,1314,47
40-48,40,1308,48
40-49,40,1193,49
40-50,40,1196,50
40-51,40,1201,51
40-52,40,1167,52
40-53,40,1165,53
40-54,40,1161,54
40-55,40,1162,55
40-56,40,1184,56
40-57,40,310,57
40-58,40,308,58
40-59,40,302,59
40-60,40,278,60
40-61,40,292,61
40-62,40,259,62
40-63,40,253,63
40-64,40,243,64
40-65,40,240,65
40-66,40,91,66
40-67,40,88,67
40-68,40,90,68
40-69,40,103,69
40-70,40,102,70
40-71,40,114,71
40-72,40,115,72
40-73,40,101,73
40-74,40,104,74
40-75,40,89,75
40-76,40,87,76
40-77,40,92,77
40-78,40,241,78
40-79,40,242,79
40-80,40,252,80
40-81,40,258,81
40-82,40,291,82
40-83,40,277,83
40-84,40,301,84
40-85,40,307,85
40-86,40,309,86
40-87,40,1183,87
40-88,40,1163,88
40-89,40,1160,89
40-90,40,1164,90
40-91,40,1166,91
40-92,40,1200,92
40-93,40,1197,93
40-94,40,1192,94
40-95,40,1309,95
40-96,40,1315,96
40-97,40,1307,97
40-98,40,1303,98
40-99,40,1304,99
40-100,40,1329,100
40-101,40,1326,101
40-102,40,1327,102
40-103,40,1334,103
40-104,40,1336,104
40-105,40,1357,105
40-106,40,44,106
40-107,40,1356,107
40-108,40,1364,108
40-109,40,42,109
40-110,40,1381,110
40-111,40,1378,111
40-112,40,1384,112
40-113,40,1380,113
40-114,40,69,114
40-115,40,1502,115
40-116,40,78,116
40-117,40,1530,117
40-118,40,1540,118
40-119,40,1537,119
40-120,40,1534,120
40-121,40,1543,121
40-122,40,1538,122
40-123,40,1555,123
40-124,40,1559,124
40-125,40,84,125
40-126,40,1562,126
40-127,40,1556,127
40-128,40,1565,128
40-129,40,1566,129
40-130,40,1576,130
40-131,40,86,131
40-132,40,1584,132
40-133,40,1578,133
40-134,40,1583,134
40-135,40,1581,135
40-136,40,1571,136
40-137,40,1575,137
40-138,40,1573,138
40-139,40,1593,139
40-140,40,1588,140
40-141,40,1591,141
40-142,40,1587,142
41-1,41,1735,1
41-2,41,1733,2
41-3,41,1730,3
41-4,41,1728,4
41-5,41,1726,5
41-6,41,1725,6
41-7,41,1722,7
41-8,41,1720,8
41-9,41,1718,9
41-10,41,1716,10
41-11,41,1714,11
41-12,41,1712,12
41-13,41,1711,13
41-14,41,1709,14
41-15,41,1707,15
41-16,41,1705,16
41-17,41,1703,17
41-18,41,1701,18
41-19,41,1699,19
41-20,41,1697,20
41-21,41,1695,21
41-22,41,1693,22
41-23,41,1691,23
41-24,41,1687,24
41-25,41,1685,25
41-26,41,1683,26
41-27,41,1681,27
41-28,41,1679,28
41-29,41,1677,29
41-30,41,1675,30
41-31,41,1673,31
41-32,41,1671,32
41-33,41,1669,33
41-34,41,1667,34
41-35,41,1665,35
41-36,41,1662,36
41-37,41,1660,37
41-38,41,1659,38
41-39,41,1657,39
41-40,41,1655,40
41-41,41,1653,41
41-42,41,1650,42
41-43,41,1649,43
41-44,41,1646,44
41-45,41,1645,45
41-46,41,1487,46
41-47,41,2207,47
41-48,41,1468,48
41-49,41,63,49
41-50,41,1461,50
41-51,41,60,51
41-52,41,1474,52
41-53,41,1473,53
41-54,41,1484,54
41-55,41,1463,55
41-56,41,1467,56
41-57,41,1438,57
41-58,41,1447,58
41-59,41,1443,59
41-60,41,1426,60
41-61,41,58,61
41-62,41,1444,62
41-63,41,1414,63
41-64,41,1412,64
41-65,41,1408,65
41-66,41,1405,66
41-67,41,50,67
41-68,41,1410,68
41-69,41,1398,69
41-70,41,1062,70
41-71,41,1400,71
41-72,41,1393,72
41-73,41,1374,73
41-74,41,1372,74
41-75,41,46,75
41-76,41,2250,76
41-77,41,1340,77
41-78,41,1354,78
41-79,41,1352,79
41-80,41,2196,80
41-81,41,1345,81
41-82,41,1342,82
41-83,41,1313,83
41-84,41,1310,84
41-85,41,1253,85
41-86,41,1251,86
41-87,41,1222,87
41-88,41,1219,88
41-89,41,1218,89
41-90,41,1211,90
41-91,41,1180,91
41-92,41,1182,92
41-93,41,1171,93
41-94,41,1176,94
41-95,41,1174,95
41-96,41,288,96
41-97,41,290,97
41-98,41,295,98
41-99,41,284,99
41-100,41,279,100
41-101,41,300,101
41-102,41,250,102
41-103,41,256,103
41-104,41,247,104
41-105,41,244,105
41-106,41,97,106
41-107,41,95,107
41-108,41,93,108
41-109,41,99,109
41-110,41,109,110
41-111,41,2427,111
41-112,41,110,112
41-113,41,100,113
41-114,41,94,114
41-115,41,96,115
41-116,41,98,116
41-117,41,245,117
41-118,41,246,118
41-119,41,257,119
41-120,41,251,120
41-121,41,299,121
41-122,41,280,122
41-123,41,283,123
41-124,41,296,124
41-125,41,289,125
41-126,41,287,126
41-127,41,1175,127
41-128,41,1177,128
41-129,41,1170,129
41-130,41,1181,130
41-131,41,1179,131
41-132,41,1212,132
41-133,41,1217,133
41-134,41,2392,134
41-135,41,1223,135
41-136,41,1250,136
41-137,41,1252,137
41-138,41,1311,138
41-139,41,1312,139
41-140,41,1341,140
41-141,41,1346,141
41-142,41,2195,142
41-143,41,1351,143
41-144,41,1353,144
41-145,41,1339,145
41-146,41,2251,146
41-147,41,45,147
41-148,41,1371,148
41-149,41,1373,149
41-150,41,1394,150
41-151,41,1399,151
41-152,41,1061,152
41-153,41,1397,153
41-154,41,1409,154
41-155,41,49,155
41-156,41,1406,156
41-157,41,1407,157
41-158,41,1411,158
41-159,41,1413,159
41-160,41,1445,160
41-161,41,57,161
41-162,41,1427,162
41-163,41,1442,163
41-164,41,1446,164
41-165,41,1439,165
41-166,41,1466,166
41-167,41,1462,167
41-168,41,1485,168
41-169,41,1472,169
41-170,41,1475,170
41-171,41,59,171
41-172,41,1460,172
41-173,41,64,173
41-174,41,1469,174
41-175,41,2206,175
41-176,41,1486,176
41-177,41,1644,177
41-178,41,1647,178
41-179,41,1648,179
41-180,41,1651,180
41-181,41,1652,181
41-182,41,1654,182
41-183,41,1656,183
41-184,41,1658,184
41-185,41,1661,185
41-186,41,1663,186
41-187,41,1664,187
41-188,41,1666,188
41-189,41,1668,189
41-190,41,1670,190
41-191,41,1672,191
41-192,41,1674,192
41-193,41,1676,193
41-194,41,1678,194
41-195,41,1680,195
41-196,41,1682,196
41-197,41,1684,197
41-198,41,1686,198
41-199,41,1690,199
41-200,41,1692,200
41-201,41,1694,201
41-202,41,1696,202
41-203,41,1698,203
41-204,41,1700,204
41-205,41,1702,205
41-206,41,1704,206
41-207,41,1706,207
41-208,41,1708,208
41-209,41,1710,209
41-210,41,1713,210
41-211,41,1715,211
41-212,41,1717,212
41-213,41,1719,213
41-214,41,1721,214
41-215,41,1723,215
41-216,41,1724,216
41-217,41,1727,217
41-218,41,1729,218
41-219,41,1731,219
41-220,41,1734,220
41-221,41,1736,221
42-1,42,1586,1
42-2,42,1590,2
42-3,42,1589,3
42-4,42,1592,4
42-5,42,1572,5
42-6,42,1574,6
42-7,42,1570,7
42-8,42,1580,8
42-9,42,1582,9
42-10,42,1579,10
42-11,42,1585,11
42-12,42,85,12
42-13,42,1577,13
42-14,42,1567,14
42-15,42,1564,15
42-16,42,1557,16
42-17,42,1563,17
42-18,42,83,18
42-19,42,1558,19
42-20,42,1560,20
42-21,42,1568,21
42-22,42,1523,22
42-23,42,2358,23
42-24,42,1518,24
42-25,42,1509,25
42-26,42,1506,26
42-27,42,1511,27
42-28,42,1513,28
42-29,42,1515,29
42-30,42,74,30
42-31,42,1392,31
42-32,42,1385,32
42-33,42,1387,33
42-34,42,1389,34
42-35,42,48,35
42-36,42,1396,36
42-37,42,1403,37
42-38,42,1401,38
42-39,42,1417,39
42-40,42,814,40
42-41,42,812,41
42-42,42,809,42
42-43,42,819,43
42-44,42,850,44
42-45,42,858,45
42-46,42,843,46
42-47,42,864,47
42-48,42,866,48
42-49,42,862,49
42-50,42,883,50
42-51,42,888,51
42-52,42,886,52
42-53,42,890,53
42-54,42,1276,54
42-55,42,1272,55
42-56,42,1279,56
42-57,42,1283,57
42-58,42,1287,58
42-59,42,1289,59
42-60,42,2124,60
42-61,42,1078,61
42-62,42,1082,62
42-63,42,1086,63
42-64,42,2126,64
42-65,42,1089,65
42-66,42,614,66
42-67,42,633,67
42-68,42,630,68
42-69,42,626,69
42-70,42,637,70
42-71,42,577,71
42-72,42,580,72
42-73,42,587,73
42-74,42,2163,74
42-75,42,2165,75
42-76,42,539,76
42-77,42,551,77
42-78,42,546,78
42-79,42,545,79
42-80,42,550,80
42-81,42,544,81
42-82,42,546,82
42-83,42,552,83
42-84,42,2158,84
42-85,42,2164,85
42-86,42,2162,86
42-87,42,586,87
42-88,42,579,88
42-89,42,578,89
42-90,42,636,90
42-91,42,627,91
42-92,42,631,92
42-93,42,632,93
42-94,42,613,94
42-95,42,1090,95
42-96,42,1088,96
42-97,42,1087,97
42-98,42,1083,98
42-99,42,1079,99
42-100,42,1075,100
42-101,42,1288,101
42-102,42,1286,102
42-103,42,1282,103
42-104,42,1278,104
42-105,42,1273,105
42-106,42,1277,106
42-107,42,889,107
42-108,42,885,108
42-109,42,887,109
42-110,42,882,110
42-111,42,861,111
42-112,42,865,112
42-113,42,863,113
42-114,42,842,114
42-115,42,857,115
42-116,42,849,116
42-117,42,818,117
42-118,42,810,118
42-119,42,813,119
42-120,42,815,120
42-121,42,1418,121
42-122,42,1402,122
42-123,42,1404,123
42-124,42,1395,124
42-125,42,47,125
42-126,42,1390,126
42-127,42,1388,127
42-128,42,1386,128
42-129,42,1391,129
42-130,42,73,130
42-131,42,1514,131
42-132,42,1512,132
42-133,42,1510,133
42-134,42,1507,134
42-135,42,1508,135
42-136,42,1519,136
42-137,42,2357,137
42-138,42,1522,138
42-139,42,1569,139
42-140,42,1561,140
42-141,42,1559,141
42-142,42,84,142
42-143,42,1562,143
42-144,42,1556,144
42-145,42,1565,145
42-146,42,1566,146
42-147,42,1576,147
42-148,42,86,148
42-149,42,1584,149
42-150,42,1578,150
42-151,42,1583,151
42-152,42,1581,152
42-153,42,1571,153
42-154,42,1575,154
42-155,42,1573,155
42-156,42,1593,156
42-157,42,1588,157
42-158,42,1591,158
42-159,42,1587,159
43-1,43,1414,1
43-2,43,1412,2
43-3,43,1408,3
43-4,43,1405,4
43-5,43,50,5
43-6,43,1410,6
43-7,43,1398,7
43-8,43,1062,8
43-9,43,1400,9
43-10,43,1393,10
43-11,43,1374,11
43-12,43,1372,12
43-13,43,46,13
43-14,43,1297,14
43-15,43,1294,15
43-16,43,39,16
43-17,43,1301,17
43-18,43,1299,18
43-19,43,1258,19
43-20,43,1260,20
43-21,43,1269,21
43-22,43,1262,22
43-23,43,1820,23
43-24,43,1818,24
43-25,43,1239,25
43-26,43,1236,26
43-27,43,36,27
43-28,43,1242,28
43-29,43,1246,29
43-30,43,1052,30
43-31,43,6,31
43-32,43,340,32
43-33,43,355,33
43-34,43,349,34
43-35,43,346,35
43-36,43,351,36
43-37,43,236,37
43-38,43,238,38
43-39,43,388,39
43-40,43,374,40
43-41,43,387,41
43-42,43,375,42
43-43,43,454,43
43-44,43,186,44
43-45,43,182,45
43-46,43,188,46
43-47,43,177,47
43-48,43,160,48
43-49,43,154,49
43-50,43,2218,50
43-51,43,168,51
43-52,43,155,52
43-53,43,2386,53
43-54,43,2216,54
43-55,43,178,55
43-56,43,187,56
43-57,43,181,57
43-58,43,185,58
43-59,43,453,59
43-60,43,239,60
43-61,43,237,61
43-62,43,350,62
43-63,43,347,63
43-64,43,348,64
43-65,43,354,65
43-66,43,341,66
43-67,43,7,67
43-68,43,1051,68
43-69,43,1245,69
43-70,43,1241,70
43-71,43,37,71
43-72,43,1817,72
43-73,43,1238,73
43-74,43,1240,74
43-75,43,1819,75
43-76,43,1265,76
43-77,43,1268,77
43-78,43,1261,78
43-79,43,1259,79
43-80,43,1298,80
43-81,43,1300,81
43-82,43,40,82
43-83,43,1295,83
43-84,43,1296,84
43-85,43,45,85
43-86,43,1371,86
43-87,43,1373,87
43-88,43,1394,88
43-89,43,1399,89
43-90,43,1061,90
43-91,43,1397,91
43-92,43,1409,92
43-93,43,49,93
43-94,43,1406,94
43-95,43,1407,95
43-96,43,1411,96
43-97,43,1413,97
44-1,44,2342,1
44-2,44,2012,2
44-3,44,2010,3
44-4,44,2008,4
44-5,44,2006,5
44-6,44,2004,6
44-7,44,2002,7
44-8,44,2000,8
44-9,44,1998,9
44-10,44,1996,10
44-11,44,1994,11
44-12,44,1992,12
44-13,44,1990,13
44-14,44,1988,14
44-15,44,1986,15
44-16,44,1984,16
44-17,44,1982,17
44-18,44,1980,18
44-19,44,1978,19
44-20,44,1976,20
44-21,44,1974,21
44-22,44,1972,22
44-23,44,1971,23
44-24,44,2207,24
44-25,44,1468,25
44-26,44,63,26
44-27,44,1461,27
44-28,44,60,28
44-29,44,1474,29
44-30,44,1473,30
44-31,44,1484,31
44-32,44,1463,32
44-33,44,1467,33
44-34,44,1438,34
44-35,44,1447,35
44-36,44,1443,36
44-37,44,1426,37
44-38,44,58,38
44-39,44,1444,39
44-40,44,1414,40
44-41,44,1412,41
44-42,44,1408,42
44-43,44,1405,43
44-44,44,50,44
44-45,44,1410,45
44-46,44,1398,46
44-47,44,1062,47
44-48,44,1400,48
44-49,44,1393,49
44-50,44,1374,50
44-51,44,1372,51
44-52,44,46,52
44-53,44,1297,53
44-54,44,1294,54
44-55,44,39,55
44-56,44,1301,56
44-57,44,1299,57
44-58,44,1258,58
44-59,44,1260,59
44-60,44,1269,60
44-61,44,1267,61
44-62,44,1271,62
44-63,44,2508,63
44-64,44,1270,64
44-65,44,1266,65
44-66,44,1268,66
44-67,44,1261,67
44-68,44,1259,68
44-69,44,1298,69
44-70,44,1300,70
44-71,44,40,71
44-72,44,1295,72
44-73,44,1296,73
44-74,44,45,74
44-75,44,1371,75
44-76,44,1373,76
44-77,44,1394,77
44-78,44,1399,78
44-79,44,1061,79
44-80,44,1397,80
44-81,44,1409,81
44-82,44,49,82
44-83,44,1406,83
44-84,44,1407,84
44-85,44,1411,85
44-86,44,1413,86
44-87,44,1445,87
44-88,44,57,88
44-89,44,1427,89
44-90,44,1442,90
44-91,44,1446,91
44-92,44,1439,92
44-93,44,1466,93
44-94,44,1462,94
44-95,44,1485,95
44-96,44,1472,96
44-97,44,1475,97
44-98,44,59,98
44-99,44,1460,99
44-100,44,64,100
44-101,44,1469,101
44-102,44,2206,102
44-103,44,1970,103
44-104,44,1973,104
44-105,44,1975,105
44-106,44,1977,106
44-107,44,1979,107
44-108,44,1981,108
44-109,44,1983,109
44-110,44,1985,110
44-111,44,1987,111
44-112,44,1989,112
44-113,44,1991,113
44-114,44,1993,114
44-115,44,1995,115
44-116,44,1997,116
44-117,44,1999,117
44-118,44,2001,118
44-119,44,2003,119
44-120,44,2005,120
44-121,44,2007,121
44-122,44,2009,122
44-123,44,2011,123
44-124,44,2013,124
44-125,44,2343,125
45-1,45,2011,1
45-2,45,2013,2
45-3,45,2015,3
45-4,45,2017,4
45-5,45,2019,5
45-6,45,2021,6
45-7,45,2023,7
45-8,45,2025,8
45-9,45,2027,9
45-10,45,2029,10
45-11,45,2031,11
45-12,45,2033,12
45-13,45,2035,13
45-14,45,2037,14
45-15,45,2039,15
45-16,45,2041,16
45-17,45,2043,17
45-18,45,2045,18
45-19,45,2047,19
45-20,45,2049,20
45-21,45,2051,21
45-22,45,2053,22
45-23,45,2057,23
45-24,45,2055,24
45-25,45,2059,25
45-26,45,2061,26
45-27,45,2063,27
45-28,45,2065,28
45-29,45,2067,29
45-30,45,2069,30
45-31,45,2071,31
45-32,45,2073,32
45-33,45,2075,33
45-34,45,2077,34
45-35,45,2079,35
45-36,45,2081,36
45-37,45,2080,37
45-38,45,2078,38
45-39,45,2076,39
45-40,45,2074,40
45-41,45,2072,41
45-42,45,2070,42
45-43,45,2068,43
45-44,45,2066,44
45-45,45,2064,45
45-46,45,2062,46
45-47,45,2060,47
45-48,45,2058,48
45-49,45,2054,49
45-50,45,2056,50
45-51,45,2052,51
45-52,45,2050,52
45-53,45,2048,53
45-54,45,2046,54
45-55,45,2044,55
45-56,45,2042,56
45-57,45,2040,57
45-58,45,2038,58
45-59,45,2036,59
45-60,45,2034,60
45-61,45,2032,61
45-62,45,2030,62
45-63,45,2028,63
45-64,45,2026,64
45-65,45,2024,65
45-66,45,2022,66
45-67,45,2020,67
45-68,45,2018,68
45-69,45,2016,69
45-70,45,2014,70
45-71,45,2012,71
45-72,45,2010,72
46-1,46,2344,1
46-2,46,2085,2
46-3,46,2088,3
46-4,46,2090,4
46-5,46,2092,5
46-6,46,2094,6
46-7,46,2096,7
46-8,46,2098,8
46-9,46,2100,9
46-10,46,1617,10
46-11,46,2102,11
46-12,46,2104,12
46-13,46,2106,13
46-14,46,2108,14
46-15,46,2110,15
46-16,46,2112,16
46-17,46,2114,17
46-18,46,2116,18
46-19,46,762,19
46-20,46,758,20
46-21,46,746,21
46-22,46,1014,22
46-23,46,1012,23
46-24,46,1016,24
46-25,46,2,25
46-26,46,680,26
46-27,46,674,27
46-28,46,628,28
46-29,46,634,29
46-30,46,2160,30
46-31,46,597,31
46-32,46,609,32
46-33,46,602,33
46-34,46,616,34
46-35,46,367,35
46-36,46,366,36
46-37,46,615,37
46-38,46,601,38
46-39,46,610,39
46-40,46,598,40
46-41,46,2161,41
46-42,46,635,42
46-43,46,629,43
46-44,46,673,44
46-45,46,679,45
46-46,46,1,46
46-47,46,1015,47
46-48,46,1011,48
46-49,46,1013,49
46-50,46,745,50
46-51,46,757,51
46-52,46,761,52
46-53,46,2115,53
46-54,46,2113,54
46-55,46,2111,55
46-56,46,2109,56
46-57,46,2107,57
46-58,46,2105,58
46-59,46,2103,59
46-60,46,2101,60
46-61,46,1616,61
46-62,46,2099,62
46-63,46,2097,63
46-64,46,2095,64
46-65,46,2093,65
46-66,46,2091,66
46-67,46,2089,67
46-68,46,2087,68
46-69,46,2086,69
46-70,46,2084,70
5-1,5,787,1
5-2,5,2147,2
5-3,5,782,3
5-4,5,790,4
5-5,5,791,5
5-6,5,2345,6
5-7,5,2488,7
5-8,5,557,8
5-9,5,542,9
5-10,5,548,10
5-11,5,546,11
5-12,5,552,12
5-13,5,2159,13
5-14,5,530,14
5-15,5,526,15
5-16,5,521,16
5-17,5,528,17
5-18,5,516,18
5-19,5,520,19
5-20,5,500,20
5-21,5,455,21
5-22,5,464,22
5-23,5,465,23
5-24,5,462,24
5-25,5,1610,25
5-26,5,458,26
5-27,5,436,27
5-28,5,430,28
5-29,5,478,29
5-30,5,472,30
5-31,5,452,31
5-32,5,450,32
5-33,5,448,33
5-34,5,423,34
5-35,5,446,35
5-36,5,447,36
5-37,5,449,37
5-38,5,451,38
5-39,5,471,39
5-40,5,477,40
5-41,5,431,41
5-42,5,435,42
5-43,5,457,43
5-44,5,1611,44
5-45,5,461,45
5-46,5,466,46
5-47,5,463,47
5-48,5,456,48
5-49,5,499,49
5-50,5,519,50
5-51,5,515,51
5-52,5,527,52
5-53,5,522,53
5-54,5,525,54
5-55,5,529,55
5-56,5,553,56
5-57,5,551,57
5-58,5,545,58
5-59,5,555,59
5-60,5,2489,60
5-61,5,2141,61
5-62,5,792,62
5-63,5,789,63
5-64,5,781,64
5-65,5,2145,65
5-66,5,788,66
53-1,53,2362,1
53-2,53,1118,2
53-3,53,1120,3
53-4,53,23,4
53-5,53,2244,5
53-6,53,2242,6
53-7,53,2240,7
53-8,53,2227,8
53-9,53,2230,9
53-10,53,1128,10
53-11,53,1114,11
53-12,53,1112,12
53-13,53,1096,13
53-14,53,2362,14
54-1,54,1121,1
54-2,54,1126,2
54-3,54,2233,3
54-4,54,18,4
54-5,54,1110,5
54-6,54,1104,6
54-7,54,1097,7
54-8,54,1105,8
54-9,54,1108,9
54-10,54,1115,10
54-11,54,1111,11
54-12,54,1113,12
54-13,54,1127,13
54-14,54,2230,14
54-15,54,2223,15
54-16,54,1132,16
54-17,54,1144,17
54-18,54,1146,18
54-19,54,2229,19
54-20,54,1129,20
54-21,54,1128,21
54-22,54,1114,22
54-23,54,1112,23
54-24,54,1116,24
54-25,54,1107,25
54-26,54,1106,26
54-27,54,1098,27
54-28,54,1103,28
54-29,54,1109,29
54-30,54,19,30
54-31,54,2234,31
54-32,54,1125,32
54-33,54,1122,33
55-1,55,1249,1
55-2,55,1816,2
55-3,55,1237,3
55-4,55,1238,4
55-5,55,1240,5
55-6,55,1819,6
55-7,55,1265,7
55-8,55,1268,8
55-9,55,1261,9
55-10,55,1259,10
55-11,55,1298,11
55-12,55,1300,12
55-13,55,40,13
55-14,55,1295,14
55-15,55,1296,15
55-16,55,2250,16
55-17,55,1340,17
55-18,55,1354,18
55-19,55,1352,19
55-20,55,2196,20
55-21,55,1344,21
55-22,55,1324,22
55-23,55,1321,23
55-24,55,2395,24
55-25,55,1330,25
55-26,55,1304,26
55-27,55,1302,27
55-28,55,1306,28
55-29,55,1315,29
55-30,55,1308,30
55-31,55,1193,31
55-32,55,1196,32
55-33,55,1201,33
55-34,55,1167,34
55-35,55,1165,35
55-36,55,1161,36
55-37,55,1162,37
55-38,55,1184,38
55-39,55,310,39
55-40,55,307,40
55-41,55,302,41
55-42,55,278,42
55-43,55,292,43
55-44,55,258,44
55-45,55,252,45
55-46,55,242,46
55-47,55,240,47
55-48,55,91,48
55-49,55,88,49
55-50,55,90,50
55-51,55,103,51
55-52,55,102,52
55-53,55,114,53
55-54,55,115,54
55-55,55,101,55
55-56,55,104,56
55-57,55,89,57
55-58,55,87,58
55-59,55,92,59
55-60,55,241,60
55-61,55,243,61
55-62,55,253,62
55-63,55,259,63
55-64,55,291,64
55-65,55,277,65
55-66,55,301,66
55-67,55,308,67
55-68,55,309,68
55-69,55,1183,69
55-70,55,1163,70
55-71,55,1160,71
55-72,55,1164,72
55-73,55,1166,73
55-74,55,1200,74
55-75,55,1197,75
55-76,55,1192,76
55-77,55,1309,77
55-78,55,1314,78
55-79,55,1307,79
55-80,55,1303,80
55-81,55,1305,81
55-82,55,1329,82
55-83,55,1331,83
55-84,55,1320,84
55-85,55,1325,85
55-86,55,1343,86
55-87,55,2195,87
55-88,55,1351,88
55-89,55,1353,89
55-90,55,1339,90
55-91,55,2251,91
55-92,55,1297,92
55-93,55,1294,93
55-94,55,39,94
55-95,55,1301,95
55-96,55,1299,96
55-97,55,1258,97
55-98,55,1260,98
55-99,55,1269,99
55-100,55,1262,100
55-101,55,1820,101
55-102,55,1818,102
55-103,55,1239,103
55-104,55,2480,104
55-105,55,1815,105
55-106,55,1248,106
56-1,56,108,1
56-2,56,1814,2
56-3,56,190,3
56-4,56,189,4
56-5,56,191,5
56-6,56,174,6
56-7,56,176,7
56-8,56,156,8
56-9,56,446,9
56-10,56,425,10
56-11,56,418,11
56-12,56,162,12
56-13,56,155,13
56-14,56,147,14
56-15,56,151,15
56-16,56,139,16
56-17,56,129,17
56-18,56,132,18
56-19,56,123,19
56-20,56,119,20
56-21,56,113,21
56-22,56,115,22
56-23,56,2427,23
57-1,57,162,1
57-2,57,167,2
57-3,57,166,3
57-4,57,412,4
57-5,57,165,5
57-6,57,163,6
57-7,57,136,7
57-8,57,129,8
57-9,57,132,9
57-10,57,123,10
57-11,57,2354,11
57-12,57,111,12
57-13,57,115,13
57-14,57,2427,14
57-15,57,115,15
57-16,57,112,16
57-17,57,119,17
57-18,57,121,18
57-19,57,134,19
57-20,57,131,20
57-21,57,143,21
57-22,57,152,22
57-23,57,149,23
57-24,57,146,24
57-25,57,159,25
57-26,57,157,26
57-27,57,416,27
57-28,57,2219,28
57-29,57,422,29
57-30,57,413,30
57-31,57,418,31
58-1,58,114,1
58-2,58,111,2
58-3,58,2354,3
58-4,58,122,4
58-5,58,2355,5
58-6,58,2356,6
58-7,58,136,7
58-8,58,163,8
58-9,58,165,9
58-10,58,411,10
58-11,58,2218,11
58-12,58,168,12
58-13,58,414,13
58-14,58,421,14
58-15,58,424,15
58-16,58,423,16
58-17,58,175,17
58-18,58,158,18
58-19,58,148,19
58-20,58,145,20
58-21,58,138,21
58-22,58,137,22
58-23,58,130,23
58-24,58,133,24
58-25,58,127,25
58-26,58,124,26
58-27,58,113,27
58-28,58,108,28
58-29,58,2428,29
59-1,59,663,1
59-2,59,732,2
59-3,59,730,3
59-4,59,2136,4
59-5,59,724,5
59-6,59,720,6
59-7,59,713,7
59-8,59,714,8
59-9,59,688,9
59-10,59,692,10
59-11,59,648,11
59-12,59,702,12
59-13,59,696,13
59-14,59,682,14
59-15,59,678,15
59-16,59,674,16
59-17,59,628,17
59-18,59,630,18
59-19,59,626,19
59-20,59,637,20
59-21,59,592,21
59-22,59,582,22
59-23,59,584,23
59-24,59,563,24
59-25,59,561,25
59-26,59,566,26
59-27,59,574,27
59-28,59,570,28
59-29,59,359,29
59-30,59,392,30
59-31,59,372,31
59-32,59,380,32
59-33,59,383,33
59-34,59,333,34
59-35,59,233,35
59-36,59,235,36
59-37,59,227,37
59-38,59,2177,38
59-39,59,229,39
59-40,59,225,40
59-41,59,223,41
59-42,59,274,42
59-43,59,266,43
59-44,59,272,44
59-45,59,261,45
59-46,59,255,46
59-47,59,247,47
59-48,59,244,48
59-49,59,97,49
59-50,59,95,50
59-51,59,93,51
59-52,59,99,52
59-53,59,110,53
59-54,59,100,54
59-55,59,94,55
59-56,59,96,56
59-57,59,98,57
59-58,59,245,58
59-59,59,246,59
59-60,59,254,60
59-61,59,260,61
59-62,59,273,62
59-63,59,267,63
59-64,59,2389,64
59-65,59,222,65
59-66,59,224,66
59-67,59,228,67
59-68,59,231,68
59-69,59,226,69
59-70,59,234,70
59-71,59,232,71
59-72,59,332,72
59-73,59,382,73
59-74,59,381,74
59-75,59,373,75
59-76,59,391,76
59-77,59,358,77
59-78,59,569,78
59-79,59,573,79
59-80,59,565,80
59-81,59,562,81
59-82,59,564,82
59-83,59,585,83
59-84,59,583,84
59-85,59,591,85
59-86,59,636,86
59-87,59,627,87
59-88,59,631,88
59-89,59,629,89
59-90,59,673,90
59-91,59,677,91
59-92,59,681,92
59-93,59,695,93
59-94,59,701,94
59-95,59,2138,95
59-96,59,691,96
59-97,59,687,97
59-98,59,715,98
59-99,59,712,99
59-100,59,721,100
59-101,59,2134,101
59-102,59,2135,102
59-103,59,729,103
59-104,59,731,104
59-105,59,664,105
60-Mini-1,60-Mini,1167,1
60-Mini-2,60-Mini,1165,2
60-Mini-3,60-Mini,1161,3
60-Mini-4,60-Mini,1162,4
60-Mini-5,60-Mini,1184,5
60-Mini-6,60-Mini,310,6
60-Mini-7,60-Mini,308,7
60-Mini-8,60-Mini,296,8
60-Mini-9,60-Mini,289,9
60-Mini-10,60-Mini,2194,10
60-Mini-11,60-Mini,2333,11
60-Mini-12,60-Mini,2335,12
60-Mini-13,60-Mini,2327,13
60-Mini-14,60-Mini,2339,14
60-Mini-15,60-Mini,2341,15
60-Mini-16,60-Mini,325,16
60-Mini-17,60-Mini,327,17
60-Mini-18,60-Mini,330,18
60-Mini-19,60-Mini,7,19
60-Mini-20,60-Mini,1051,20
60-Mini-21,60-Mini,2175,21
60-Mini-22,60-Mini,1049,22
60-Mini-23,60-Mini,1059,23
60-Mini-24,60-Mini,1055,24
60-Mini-25,60-Mini,1070,25
60-Mini-26,60-Mini,11,26
60-Mini-27,60-Mini,611,27
60-Mini-28,60-Mini,605,28
60-Mini-29,60-Mini,595,29
60-Mini-30,60-Mini,599,30
60-Mini-31,60-Mini,593,31
60-Mini-32,60-Mini,614,32
60-Mini-33,60-Mini,633,33
60-Mini-34,60-Mini,629,34
60-Mini-35,60-Mini,673,35
60-Mini-36,60-Mini,677,36
60-Mini-37,60-Mini,695,37
60-Mini-38,60-Mini,701,38
60-Mini-39,60-Mini,2138,39
60-Mini-40,60-Mini,644,40
60-Mini-41,60-Mini,646,41
60-Mini-42,60-Mini,657,42
60-Mini-43,60-Mini,650,43
60-Mini-44,60-Mini,660,44
60-Mini-45,60-Mini,661,45
60-Mini-46,60-Mini,640,46
60-Mini-47,60-Mini,662,47
60-Mini-48,60-Mini,659,48
60-Mini-49,60-Mini,649,49
60-Mini-50,60-Mini,658,50
60-Mini-51,60-Mini,647,51
60-Mini-52,60-Mini,645,52
60-Mini-53,60-Mini,648,53
60-Mini-54,60-Mini,702,54
60-Mini-55,60-Mini,696,55
60-Mini-56,60-Mini,678,56
60-Mini-57,60-Mini,674,57
60-Mini-58,60-Mini,628,58
60-Mini-59,60-Mini,632,59
60-Mini-60,60-Mini,613,60
60-Mini-61,60-Mini,594,61
60-Mini-62,60-Mini,600,62
60-Mini-63,60-Mini,596,63
60-Mini-64,60-Mini,606,64
60-Mini-65,60-Mini,612,65
60-Mini-66,60-Mini,10,66
60-Mini-67,60-Mini,1071,67
60-Mini-68,60-Mini,1056,68
60-Mini-69,60-Mini,1060,69
60-Mini-70,60-Mini,1050,70
60-Mini-71,60-Mini,1047,71
60-Mini-72,60-Mini,1052,72
60-Mini-73,60-Mini,6,73
60-Mini-74,60-Mini,331,74
60-Mini-75,60-Mini,326,75
60-Mini-76,60-Mini,2424,76
60-Mini-77,60-Mini,2323,77
60-Mini-78,60-Mini,2325,78
60-Mini-79,60-Mini,2337,79
60-Mini-80,60-Mini,2329,80
60-Mini-81,60-Mini,2331,81
60-Mini-82,60-Mini,318,82
60-Mini-83,60-Mini,290,83
60-Mini-84,60-Mini,295,84
60-Mini-85,60-Mini,307,85
60-Mini-86,60-Mini,309,86
60-Mini-87,60-Mini,1183,87
60-Mini-88,60-Mini,1163,88
60-Mini-89,60-Mini,1160,89
60-Mini-90,60-Mini,1164,90
60-Mini-91,60-Mini,1166,91
60-1,60,1167,1
60-2,60,1165,2
60-3,60,1161,3
60-4,60,1162,4
60-5,60,1184,5
60-6,60,310,6
60-7,60,308,7
60-8,60,296,8
60-9,60,289,9
60-10,60,2194,10
60-11,60,2333,11
60-12,60,2335,12
60-13,60,2327,13
60-14,60,2339,14
60-15,60,2341,15
60-16,60,325,16
60-17,60,327,17
60-18,60,330,18
60-19,60,7,19
60-20,60,1051,20
60-21,60,2175,21
60-22,60,1049,22
60-23,60,1059,23
60-24,60,1055,24
60-25,60,1070,25
60-26,60,11,26
60-27,60,611,27
60-28,60,605,28
60-29,60,595,29
60-30,60,599,30
60-31,60,593,31
60-32,60,614,32
60-33,60,633,33
60-34,60,629,34
60-35,60,673,35
60-36,60,677,36
60-37,60,695,37
60-38,60,701,38
60-39,60,2138,39
60-40,60,644,40
60-41,60,646,41
60-42,60,657,42
60-43,60,650,43
60-44,60,660,44
60-45,60,661,45
60-46,60,640,46
60-47,60,651,47
60-48,60,663,48
60-49,60,773,49
60-50,60,771,50
60-51,60,779,51
60-52,60,782,52
60-53,60,780,53
60-54,60,772,54
60-55,60,666,55
60-56,60,652,56
60-57,60,641,57
60-58,60,662,58
60-59,60,659,59
60-60,60,649,60
60-61,60,658,61
60-62,60,647,62
60-63,60,645,63
60-64,60,648,64
60-65,60,702,65
60-66,60,696,66
60-67,60,678,67
60-68,60,674,68
60-69,60,628,69
60-70,60,632,70
60-71,60,613,71
60-72,60,594,72
60-73,60,600,73
60-74,60,596,74
60-75,60,606,75
60-76,60,612,76
60-77,60,10,77
60-78,60,1071,78
60-79,60,1056,79
60-80,60,1060,80
60-81,60,1050,81
60-82,60,1047,82
60-83,60,1052,83
60-84,60,6,84
60-85,60,331,85
60-86,60,326,86
60-87,60,2424,87
60-88,60,2323,88
60-89,60,2325,89
60-90,60,2337,90
60-91,60,2329,91
60-92,60,2331,92
60-93,60,318,93
60-94,60,290,94
60-95,60,295,95
60-96,60,307,96
60-97,60,309,97
60-98,60,1183,98
60-99,60,1163,99
60-100,60,1160,100
60-101,60,1164,101
60-102,60,1166,102
61-1,61,24,1
61-2,61,2351,2
61-3,61,1125,3
61-4,61,1121,4
61-5,61,1123,5
61-6,61,1130,6
61-7,61,2228,7
61-8,61,1134,8
61-9,61,1138,9
61-10,61,30,10
61-11,61,1322,11
61-12,61,1330,12
61-13,61,1305,13
61-14,61,1302,14
61-15,61,1306,15
61-16,61,1314,16
61-17,61,1308,17
61-18,61,1193,18
61-19,61,1195,19
61-20,61,1208,20
61-21,61,1225,21
61-22,61,2200,22
61-23,61,1223,23
61-24,61,2392,24
61-25,61,1218,25
61-26,61,1211,26
61-27,61,1180,27
61-28,61,1182,28
61-29,61,1171,29
61-30,61,1176,30
61-31,61,1174,31
61-32,61,288,32
61-33,61,320,33
61-34,61,263,34
61-35,61,265,35
61-36,61,269,36
61-37,61,267,37
61-38,61,2389,38
61-39,61,222,39
61-40,61,224,40
61-41,61,228,41
61-42,61,230,42
61-43,61,209,43
61-44,61,202,44
61-45,61,194,45
61-46,61,144,46
61-47,61,141,47
61-48,61,195,48
61-49,61,203,49
61-50,61,208,50
61-51,61,210,51
61-52,61,2425,52
61-53,61,229,53
61-54,61,225,54
61-55,61,223,55
61-56,61,274,56
61-57,61,266,57
61-58,61,264,58
61-59,61,262,59
61-60,61,319,60
61-61,61,287,61
61-62,61,1175,62
61-63,61,1177,63
61-64,61,1170,64
61-65,61,1181,65
61-66,61,1179,66
61-67,61,1212,67
61-68,61,1217,68
61-69,61,1219,69
61-70,61,1216,70
61-71,61,1224,71
61-72,61,1207,72
61-73,61,1194,73
61-74,61,35,74
61-75,61,1309,75
61-76,61,1315,76
61-77,61,1307,77
61-78,61,1303,78
61-79,61,1304,79
61-80,61,1329,80
61-81,61,1332,81
61-82,61,1323,82
61-83,61,31,83
61-84,61,1139,84
61-85,61,1135,85
61-86,61,2229,86
61-87,61,1131,87
61-88,61,1124,88
61-89,61,1122,89
61-90,61,1126,90
61-91,61,25,91
62-1,62,1031,1
62-2,62,1036,2
62-3,62,5,3
62-4,62,1030,4
62-5,62,2404,5
62-6,62,2363,6
62-7,62,2365,7
62-8,62,2367,8
62-9,62,2369,9
62-10,62,2371,10
62-11,62,878,11
62-12,62,1018,12
62-13,62,1023,13
62-14,62,1020,14
62-15,62,936,15
62-16,62,926,16
62-17,62,880,17
62-18,62,928,18
62-19,62,1004,19
62-20,62,2346,20
62-21,62,1006,21
62-22,62,1007,22
62-23,62,2349,23
62-24,62,1612,24
62-25,62,674,25
62-26,62,628,26
62-27,62,634,27
62-28,62,2160,28
62-29,62,597,29
62-30,62,609,30
62-31,62,602,31
62-32,62,616,32
62-33,62,367,33
62-34,62,361,34
62-35,62,356,35
62-36,62,365,36
62-37,62,345,37
62-38,62,343,38
62-39,62,333,39
62-40,62,232,40
62-41,62,235,41
62-42,62,227,42
62-43,62,2177,43
62-44,62,229,44
62-45,62,225,45
62-46,62,223,46
62-47,62,274,47
62-48,62,266,48
62-49,62,273,49
62-50,62,261,50
62-51,62,255,51
62-52,62,249,52
62-53,62,253,53
62-54,62,258,54
62-55,62,291,55
62-56,62,277,56
62-57,62,301,57
62-58,62,284,58
62-59,62,279,59
62-60,62,300,60
62-61,62,250,61
62-62,62,256,62
62-63,62,254,63
62-64,62,260,64
62-65,62,272,65
62-66,62,267,66
62-67,62,2389,67
62-68,62,222,68
62-69,62,224,69
62-70,62,228,70
62-71,62,231,71
62-72,62,226,72
62-73,62,234,73
62-74,62,233,74
62-75,62,332,75
62-76,62,342,76
62-77,62,344,77
62-78,62,364,78
62-79,62,357,79
62-80,62,360,80
62-81,62,366,81
62-82,62,615,82
62-83,62,601,83
62-84,62,610,84
62-85,62,598,85
62-86,62,2161,86
62-87,62,635,87
62-88,62,629,88
62-89,62,673,89
62-90,62,1613,90
62-91,62,1010,91
62-92,62,2348,92
62-93,62,2347,93
62-94,62,1009,94
62-95,62,1008,95
62-96,62,1005,96
62-97,62,929,97
62-98,62,881,98
62-99,62,925,99
62-100,62,935,100
62-101,62,1019,101
62-102,62,1024,102
62-103,62,1017,103
62-104,62,879,104
62-105,62,2372,105
62-106,62,2370,106
62-107,62,2368,107
62-108,62,2366,108
62-109,62,2364,109
62-110,62,2404,110
62-111,62,1029,111
62-112,62,2122,112
62-113,62,2123,113
63-1,63,1043,1
63-2,63,1049,2
63-3,63,1059,3
63-4,63,1055,4
63-5,63,1070,5
63-6,63,11,6
63-7,63,611,7
63-8,63,605,8
63-9,63,595,9
63-10,63,599,10
63-11,63,593,11
63-12,63,614,12
63-13,63,633,13
63-14,63,630,14
63-15,63,626,15
63-16,63,637,16
63-17,63,592,17
63-18,63,582,18
63-19,63,584,19
63-20,63,563,20
63-21,63,561,21
63-22,63,566,22
63-23,63,574,23
63-24,63,570,24
63-25,63,359,25
63-26,63,392,26
63-27,63,371,27
63-28,63,390,28
63-29,63,441,29
63-30,63,440,30
63-31,63,450,31
63-32,63,448,32
63-33,63,446,33
63-34,63,424,34
63-35,63,2373,35
63-36,63,2375,36
63-37,63,2374,37
63-38,63,425,38
63-39,63,445,39
63-40,63,447,40
63-41,63,449,41
63-42,63,439,42
63-43,63,442,43
63-44,63,389,44
63-45,63,370,45
63-46,63,391,46
63-47,63,358,47
63-48,63,569,48
63-49,63,573,49
63-50,63,565,50
63-51,63,562,51
63-52,63,564,52
63-53,63,585,53
63-54,63,583,54
63-55,63,591,55
63-56,63,636,56
63-57,63,627,57
63-58,63,631,58
63-59,63,632,59
63-60,63,613,60
63-61,63,594,61
63-62,63,600,62
63-63,63,596,63
63-64,63,606,64
63-65,63,612,65
63-66,63,10,66
63-67,63,1071,67
63-68,63,1056,68
63-69,63,1060,69
63-70,63,1050,70
63-71,63,1044,71
64A-1,64A,2376,1
64A-2,64A,2377,2
64A-3,64A,2378,3
64A-4,64A,2379,4
64A-5,64A,821,5
64A-6,64A,819,6
64A-7,64A,2401,7
64A-8,64A,850,8
64A-9,64A,858,9
64A-10,64A,843,10
64A-11,64A,864,11
64A-12,64A,866,12
64A-13,64A,862,13
64A-14,64A,883,14
64A-15,64A,888,15
64A-16,64A,886,16
64A-17,64A,890,17
64A-18,64A,1275,18
64A-19,64A,1821,19
64A-20,64A,1280,20
64A-21,64A,1818,21
64A-22,64A,1239,22
64A-23,64A,1817,23
64A-24,64A,37,24
64A-25,64A,1242,25
64A-26,64A,1246,26
64A-27,64A,2383,27
64A-28,64A,2385,28
64A-29,64A,355,29
64A-30,64A,349,30
64A-31,64A,346,31
64A-32,64A,351,32
64A-33,64A,236,33
64A-34,64A,238,34
64A-35,64A,388,35
64A-36,64A,374,36
64A-37,64A,454,37
64A-38,64A,186,38
64A-39,64A,182,39
64A-40,64A,188,40
64A-41,64A,177,41
64A-42,64A,160,42
64A-43,64A,2386,43
64A-44,64A,2218,44
64A-45,64A,412,45
64A-46,64A,165,46
64A-47,64A,163,47
64A-48,64A,152,48
64A-49,64A,149,49
64A-50,64A,146,50
64A-51,64A,2216,51
64A-52,64A,178,52
64A-53,64A,187,53
64A-54,64A,181,54
64A-55,64A,185,55
64A-56,64A,453,56
64A-57,64A,375,57
64A-58,64A,387,58
64A-59,64A,239,59
64A-60,64A,237,60
64A-61,64A,350,61
64A-62,64A,347,62
64A-63,64A,348,63
64A-64,64A,354,64
64A-65,64A,2387,65
64A-66,64A,2388,66
64A-67,64A,1245,67
64A-68,64A,1242,68
64A-69,64A,36,69
64A-70,64A,1236,70
64A-71,64A,1238,71
64A-72,64A,1240,72
64A-73,64A,38,73
64A-74,64A,1281,74
64A-75,64A,1274,75
64A-76,64A,889,76
64A-77,64A,885,77
64A-78,64A,887,78
64A-79,64A,882,79
64A-80,64A,861,80
64A-81,64A,865,81
64A-82,64A,863,82
64A-83,64A,842,83
64A-84,64A,857,84
64A-85,64A,849,85
64A-86,64A,1823,86
64A-87,64A,818,87
64A-88,64A,2380,88
64A-89,64A,2381,89
64A-90,64A,2382,90
64A-91,64A,2384,91
64B-1,64B,2376,1
64B-2,64B,2377,2
64B-3,64B,2378,3
64B-4,64B,2379,4
64B-5,64B,821,5
64B-6,64B,819,6
64B-7,64B,2401,7
64B-8,64B,850,8
64B-9,64B,2181,9
64B-10,64B,806,10
64B-11,64B,796,11
64B-12,64B,799,12
64B-13,64B,808,13
64B-14,64B,802,14
64B-15,64B,798,15
64B-16,64B,892,16
64B-17,64B,888,17
64B-18,64B,886,18
64B-19,64B,890,19
64B-20,64B,1275,20
64B-21,64B,1821,21
64B-22,64B,1280,22
64B-23,64B,1818,23
64B-24,64B,1239,24
64B-25,64B,1236,25
64B-26,64B,36,26
64B-27,64B,1242,27
64B-28,64B,1246,28
64B-29,64B,2388,29
64B-30,64B,2387,30
64B-31,64B,355,31
64B-32,64B,349,32
64B-33,64B,346,33
64B-34,64B,351,34
64B-35,64B,236,35
64B-36,64B,238,36
64B-37,64B,388,37
64B-38,64B,374,38
64B-39,64B,454,39
64B-40,64B,186,40
64B-41,64B,182,41
64B-42,64B,188,42
64B-43,64B,177,43
64B-44,64B,160,44
64B-45,64B,154,45
64B-46,64B,166,46
64B-47,64B,412,47
64B-48,64B,165,48
64B-49,64B,163,49
64B-50,64B,152,50
64B-51,64B,149,51
64B-52,64B,146,52
64B-53,64B,2216,53
64B-54,64B,178,54
64B-55,64B,187,55
64B-56,64B,181,56
64B-57,64B,185,57
64B-58,64B,453,58
64B-59,64B,375,59
64B-60,64B,387,60
64B-61,64B,239,61
64B-62,64B,237,62
64B-63,64B,350,63
64B-64,64B,347,64
64B-65,64B,348,65
64B-66,64B,354,66
64B-67,64B,2385,67
64B-68,64B,2383,68
64B-69,64B,1245,69
64B-70,64B,1241,70
64B-71,64B,37,71
64B-72,64B,1817,72
64B-73,64B,1238,73
64B-74,64B,1240,74
64B-75,64B,38,75
64B-76,64B,1281,76
64B-77,64B,1274,77
64B-78,64B,889,78
64B-79,64B,885,79
64B-80,64B,887,80
64B-81,64B,891,81
64B-82,64B,797,82
64B-83,64B,801,83
64B-84,64B,807,84
64B-85,64B,800,85
64B-86,64B,795,86
64B-87,64B,805,87
64B-88,64B,867,88
64B-89,64B,848,89
64B-90,64B,1823,90
64B-91,64B,2380,91
64B-92,64B,2381,92
64B-93,64B,2382,93
65A-1,65A,1586,1
65A-2,65A,1590,2
65A-3,65A,1589,3
65A-4,65A,1592,4
65A-5,65A,1572,5
65A-6,65A,1574,6
65A-7,65A,1570,7
65A-8,65A,1580,8
65A-9,65A,1582,9
65A-10,65A,1579,10
65A-11,65A,1585,11
65A-12,65A,85,12
65A-13,65A,1577,13
65A-14,65A,1567,14
65A-15,65A,1564,15
65A-16,65A,1557,16
65A-17,65A,1563,17
65A-18,65A,83,18
65A-19,65A,1558,19
65A-20,65A,1554,20
65A-21,65A,1539,21
65A-22,65A,1542,22
65A-23,65A,1535,23
65A-24,65A,1536,24
65A-25,65A,1541,25
65A-26,65A,1531,26
65A-27,65A,77,27
65A-28,65A,79,28
65A-29,65A,1502,29
65A-30,65A,70,30
65A-31,65A,1379,31
65A-32,65A,1383,32
65A-33,65A,1377,33
65A-34,65A,1382,34
65A-35,65A,41,35
65A-36,65A,1363,36
65A-37,65A,1355,37
65A-38,65A,43,38
65A-39,65A,1361,39
65A-40,65A,1360,40
65A-41,65A,1365,41
65A-42,65A,1367,42
65A-43,65A,1370,43
65A-44,65A,1350,44
65A-45,65A,1348,45
65A-46,65A,1345,46
65A-47,65A,1342,47
65A-48,65A,1313,48
65A-49,65A,1310,49
65A-50,65A,1253,50
65A-51,65A,1251,51
65A-52,65A,1222,52
65A-53,65A,1219,53
65A-54,65A,1218,54
65A-55,65A,1211,55
65A-56,65A,1180,56
65A-57,65A,1182,57
65A-58,65A,1171,58
65A-59,65A,1176,59
65A-60,65A,1174,60
65A-61,65A,288,61
65A-62,65A,320,62
65A-63,65A,263,63
65A-64,65A,265,64
65A-65,65A,269,65
65A-66,65A,267,66
65A-67,65A,2389,67
65A-68,65A,222,68
65A-69,65A,224,69
65A-70,65A,228,70
65A-71,65A,231,71
65A-72,65A,226,72
65A-73,65A,234,73
65A-74,65A,233,74
65A-75,65A,332,75
65A-76,65A,238,76
65A-77,65A,388,77
65A-78,65A,374,78
65A-79,65A,454,79
65A-80,65A,444,80
65A-81,65A,450,81
65A-82,65A,448,82
65A-83,65A,445,83
65A-84,65A,424,84
65A-85,65A,422,85
65A-86,65A,413,86
65A-87,65A,168,87
65A-88,65A,414,88
65A-89,65A,421,89
65A-90,65A,425,90
65A-91,65A,446,91
65A-92,65A,447,92
65A-93,65A,449,93
65A-94,65A,443,94
65A-95,65A,453,95
65A-96,65A,375,96
65A-97,65A,387,97
65A-98,65A,239,98
65A-99,65A,333,99
65A-100,65A,232,100
65A-101,65A,235,101
65A-102,65A,227,102
65A-103,65A,2177,103
65A-104,65A,229,104
65A-105,65A,225,105
65A-106,65A,223,106
65A-107,65A,274,107
65A-108,65A,266,108
65A-109,65A,264,109
65A-110,65A,262,110
65A-111,65A,319,111
65A-112,65A,287,112
65A-113,65A,1175,113
65A-114,65A,1177,114
65A-115,65A,1170,115
65A-116,65A,1181,116
65A-117,65A,1179,117
65A-118,65A,1212,118
65A-119,65A,1217,119
65A-120,65A,2392,120
65A-121,65A,1223,121
65A-122,65A,1250,122
65A-123,65A,1252,123
65A-124,65A,1311,124
65A-125,65A,1312,125
65A-126,65A,1341,126
65A-127,65A,1346,127
65A-128,65A,1347,128
65A-129,65A,1349,129
65A-130,65A,1369,130
65A-131,65A,1368,131
65A-132,65A,1366,132
65A-133,65A,1359,133
65A-134,65A,44,134
65A-135,65A,1356,135
65A-136,65A,1364,136
65A-137,65A,42,137
65A-138,65A,1381,138
65A-139,65A,1378,139
65A-140,65A,1384,140
65A-141,65A,1380,141
65A-142,65A,69,142
65A-143,65A,1503,143
65A-144,65A,80,144
65A-145,65A,78,145
65A-146,65A,1530,146
65A-147,65A,1540,147
65A-148,65A,1537,148
65A-149,65A,1534,149
65A-150,65A,1543,150
65A-151,65A,1538,151
65A-152,65A,1555,152
65A-153,65A,1559,153
65A-154,65A,84,154
65A-155,65A,1562,155
65A-156,65A,1556,156
65A-157,65A,1565,157
65A-158,65A,1566,158
65A-159,65A,1576,159
65A-160,65A,86,160
65A-161,65A,1584,161
65A-162,65A,1578,162
65A-163,65A,1583,163
65A-164,65A,1581,164
65A-165,65A,1571,165
65A-166,65A,1575,166
65A-167,65A,1573,167
65A-168,65A,1593,168
65A-169,65A,1588,169
65A-170,65A,1591,170
65A-171,65A,1587,171
65B-1,65B,1586,1
65B-2,65B,1590,2
65B-3,65B,1589,3
65B-4,65B,1592,4
65B-5,65B,1572,5
65B-6,65B,1574,6
65B-7,65B,1570,7
65B-8,65B,1580,8
65B-9,65B,1582,9
65B-10,65B,1579,10
65B-11,65B,1585,11
65B-12,65B,85,12
65B-13,65B,1577,13
65B-14,65B,1567,14
65B-15,65B,1564,15
65B-16,65B,1557,16
65B-17,65B,1563,17
65B-18,65B,83,18
65B-19,65B,1558,19
65B-20,65B,1560,20
65B-21,65B,1568,21
65B-22,65B,1523,22
65B-23,65B,2358,23
65B-24,65B,1518,24
65B-25,65B,1509,25
65B-26,65B,1506,26
65B-27,65B,1511,27
65B-28,65B,1513,28
65B-29,65B,1515,29
65B-30,65B,70,30
65B-31,65B,1379,31
65B-32,65B,1383,32
65B-33,65B,1377,33
65B-34,65B,1382,34
65B-35,65B,41,35
65B-36,65B,1363,36
65B-37,65B,1355,37
65B-38,65B,43,38
65B-39,65B,1361,39
65B-40,65B,1360,40
65B-41,65B,1365,41
65B-42,65B,1367,42
65B-43,65B,1370,43
65B-44,65B,1350,44
65B-45,65B,1348,45
65B-46,65B,1345,46
65B-47,65B,1342,47
65B-48,65B,1313,48
65B-49,65B,1310,49
65B-50,65B,1253,50
65B-51,65B,1251,51
65B-52,65B,1222,52
65B-53,65B,1219,53
65B-54,65B,1218,54
65B-55,65B,1211,55
65B-56,65B,1180,56
65B-57,65B,1182,57
65B-58,65B,1171,58
65B-59,65B,1176,59
65B-60,65B,1174,60
65B-61,65B,288,61
65B-62,65B,320,62
65B-63,65B,263,63
65B-64,65B,265,64
65B-65,65B,269,65
65B-66,65B,267,66
65B-67,65B,2389,67
65B-68,65B,222,68
65B-69,65B,224,69
65B-70,65B,228,70
65B-71,65B,231,71
65B-72,65B,226,72
65B-73,65B,234,73
65B-74,65B,233,74
65B-75,65B,332,75
65B-76,65B,238,76
65B-77,65B,388,77
65B-78,65B,374,78
65B-79,65B,454,79
65B-80,65B,444,80
65B-81,65B,450,81
65B-82,65B,448,82
65B-83,65B,445,83
65B-84,65B,424,84
65B-85,65B,422,85
65B-86,65B,413,86
65B-87,65B,167,87
65B-88,65B,414,88
65B-89,65B,421,89
65B-90,65B,425,90
65B-91,65B,446,91
65B-92,65B,447,92
65B-93,65B,449,93
65B-94,65B,443,94
65B-95,65B,453,95
65B-96,65B,375,96
65B-97,65B,387,97
65B-98,65B,239,98
65B-99,65B,333,99
65B-100,65B,232,100
65B-101,65B,235,101
65B-102,65B,227,102
65B-103,65B,2177,103
65B-104,65B,229,104
65B-105,65B,225,105
65B-106,65B,223,106
65B-107,65B,274,107
65B-108,65B,266,108
65B-109,65B,264,109
65B-110,65B,262,110
65B-111,65B,319,111
65B-112,65B,287,112
65B-113,65B,1175,113
65B-114,65B,1177,114
65B-115,65B,1170,115
65B-116,65B,1181,116
65B-117,65B,1179,117
65B-118,65B,1212,118
65B-119,65B,1217,119
65B-120,65B,2392,120
65B-121,65B,1223,121
65B-122,65B,1250,122
65B-123,65B,1252,123
65B-124,65B,1311,124
65B-125,65B,1312,125
65B-126,65B,1341,126
65B-127,65B,1346,127
65B-128,65B,1347,128
65B-129,65B,1349,129
65B-130,65B,1369,130
65B-131,65B,1368,131
65B-132,65B,1366,132
65B-133,65B,1359,133
65B-134,65B,44,134
65B-135,65B,1356,135
65B-136,65B,1364,136
65B-137,65B,42,137
65B-138,65B,1381,138
65B-139,65B,1378,139
65B-140,65B,1384,140
65B-141,65B,1380,141
65B-142,65B,69,142
65B-143,65B,1514,143
65B-144,65B,1512,144
65B-145,65B,1510,145
65B-146,65B,1507,146
65B-147,65B,1508,147
65B-148,65B,1519,148
65B-149,65B,2357,149
65B-150,65B,1522,150
65B-151,65B,1569,151
65B-152,65B,1561,152
65B-153,65B,1559,153
65B-154,65B,84,154
65B-155,65B,1562,155
65B-156,65B,1556,156
65B-157,65B,1565,157
65B-158,65B,1566,158
65B-159,65B,1576,159
65B-160,65B,86,160
65B-161,65B,1584,161
65B-162,65B,1578,162
65B-163,65B,1583,163
65B-164,65B,1581,164
65B-165,65B,1571,165
65B-166,65B,1575,166
65B-167,65B,1573,167
65B-168,65B,1593,168
65B-169,65B,1588,169
65B-170,65B,1591,170
65B-171,65B,1587,171
66-1,66,2249,1
66-2,66,68,2
66-3,66,1493,3
66-4,66,1496,4
66-5,66,1491,5
66-6,66,1489,6
66-7,66,1495,7
66-8,66,1499,8
66-9,66,72,9
66-10,66,1517,10
66-11,66,1518,11
66-12,66,1509,12
66-13,66,1506,13
66-14,66,1511,14
66-15,66,1513,15
66-16,66,1515,16
66-17,66,74,17
66-18,66,1392,18
66-19,66,1385,19
66-20,66,1387,20
66-21,66,1389,21
66-22,66,48,22
66-23,66,1396,23
66-24,66,1403,24
66-25,66,1401,25
66-26,66,2397,26
66-27,66,1417,27
66-28,66,814,28
66-29,66,812,29
66-30,66,809,30
66-31,66,819,31
66-32,66,2401,32
66-33,66,850,33
66-34,66,2359,34
66-35,66,851,35
66-36,66,859,36
66-37,66,844,37
66-38,66,855,38
66-39,66,853,39
66-40,66,872,40
66-41,66,870,41
66-42,66,874,42
66-43,66,878,43
66-44,66,1018,44
66-45,66,1023,45
66-46,66,1020,46
66-47,66,936,47
66-48,66,2350,48
66-49,66,2410,49
66-50,66,2408,50
66-51,66,2406,51
66-52,66,2413,52
66-53,66,1032,53
66-54,66,1038,54
66-55,66,2117,55
66-56,66,1037,56
66-57,66,1033,57
66-58,66,2412,58
66-59,66,2407,59
66-60,66,2409,60
66-61,66,2411,61
66-62,66,927,62
66-63,66,935,63
66-64,66,1019,64
66-65,66,1024,65
66-66,66,1017,66
66-67,66,879,67
66-68,66,875,68
66-69,66,871,69
66-70,66,873,70
66-71,66,854,71
66-72,66,856,72
66-73,66,846,73
66-74,66,860,74
66-75,66,852,75
66-76,66,847,76
66-77,66,849,77
66-78,66,1823,78
66-79,66,818,79
66-80,66,810,80
66-81,66,813,81
66-82,66,815,82
66-83,66,1418,83
66-84,66,2396,84
66-85,66,1402,85
66-86,66,1404,86
66-87,66,1395,87
66-88,66,47,88
66-89,66,1390,89
66-90,66,1388,90
66-91,66,1386,91
66-92,66,1391,92
66-93,66,73,93
66-94,66,1514,94
66-95,66,1512,95
66-96,66,1510,96
66-97,66,1507,97
66-98,66,1508,98
66-99,66,1519,99
66-100,66,1516,100
66-101,66,71,101
66-102,66,1498,102
66-103,66,1494,103
66-104,66,1488,104
66-105,66,1490,105
66-106,66,1497,106
66-107,66,1492,107
66-108,66,67,108
66-109,66,1594,109
68-1,68,1591,1
68-2,68,1588,2
68-3,68,1593,3
68-4,68,1572,4
68-5,68,1575,5
68-6,68,1571,6
68-7,68,1581,7
68-8,68,1583,8
68-9,68,1578,9
68-10,68,1585,10
68-11,68,86,11
68-12,68,1577,12
68-13,68,1566,13
68-14,68,1565,14
68-15,68,1556,15
68-16,68,1562,16
68-17,68,84,17
68-18,68,1559,18
68-19,68,1555,19
68-20,68,1538,20
68-21,68,1543,21
68-22,68,1534,22
68-23,68,1537,23
68-24,68,1540,24
68-25,68,1530,25
68-26,68,78,26
68-27,68,2445,27
68-28,68,2447,28
68-29,68,2449,29
68-30,68,2451,30
68-31,68,1360,31
68-32,68,1365,32
68-33,68,1367,33
68-34,68,1370,34
68-35,68,1350,35
68-36,68,1348,36
68-37,68,1345,37
68-38,68,1342,38
68-39,68,1313,39
68-40,68,1310,40
68-41,68,1253,41
68-42,68,1251,42
68-43,68,1222,43
68-44,68,1216,44
68-45,68,1224,45
68-46,68,1207,46
68-47,68,1194,47
68-48,68,1157,48
68-49,68,1155,49
68-50,68,1152,50
68-51,68,1148,51
68-52,68,33,52
68-53,68,1145,53
68-54,68,1133,54
68-55,68,2222,55
68-56,68,2224,56
68-57,68,1121,57
68-58,68,1126,58
68-59,68,25,59
68-60,68,24,60
68-61,68,2351,61
68-62,68,1125,62
68-63,68,1122,63
68-64,68,2225,64
68-65,68,2223,65
68-66,68,1132,66
68-67,68,1144,67
68-68,68,32,68
68-69,68,1149,69
68-70,68,1153,70
68-71,68,1154,71
68-72,68,1156,72
68-73,68,1195,73
68-74,68,1208,74
68-75,68,1225,75
68-76,68,2200,76
68-77,68,2402,77
68-78,68,1250,78
68-79,68,1252,79
68-80,68,1311,80
68-81,68,1312,81
68-82,68,1341,82
68-83,68,1346,83
68-84,68,1347,84
68-85,68,1349,85
68-86,68,1369,86
68-87,68,1368,87
68-88,68,1366,88
68-89,68,1359,89
68-90,68,1361,90
68-91,68,2452,91
68-92,68,2450,92
68-93,68,2448,93
68-94,68,2446,94
68-95,68,77,95
68-96,68,1531,96
68-97,68,1536,97
68-98,68,1535,98
68-99,68,1542,99
68-100,68,1539,100
68-101,68,1554,101
68-102,68,1558,102
68-103,68,83,103
68-104,68,1563,104
68-105,68,1557,105
68-106,68,1564,106
68-107,68,1567,107
68-108,68,1576,108
68-109,68,85,109
68-110,68,1584,110
68-111,68,1579,111
68-112,68,1582,112
68-113,68,1580,113
68-114,68,1570,114
68-115,68,1574,115
68-116,68,1573,116
68-117,68,1592,117
68-118,68,1589,118
68-119,68,1590,119
69-1,69,1587,1
69-2,69,1597,2
69-3,69,1601,3
69-4,69,1596,4
69-5,69,1600,5
69-6,69,2249,6
69-7,69,68,7
69-8,69,1493,8
69-9,69,1496,9
69-10,69,1491,10
69-11,69,1489,11
69-12,69,1495,12
69-13,69,1499,13
69-14,69,72,14
69-15,69,1517,15
69-16,69,1518,16
69-17,69,1509,17
69-18,69,1506,18
69-19,69,1511,19
69-20,69,1513,20
69-21,69,1515,21
69-22,69,70,22
69-23,69,1379,23
69-24,69,1383,24
69-25,69,1377,25
69-26,69,1382,26
69-27,69,41,27
69-28,69,1363,28
69-29,69,1355,29
69-30,69,43,30
69-31,69,1358,31
69-32,69,1335,32
69-33,69,1333,33
69-34,69,1328,34
69-35,69,2201,35
69-36,69,1332,36
69-37,69,1323,37
69-38,69,31,38
69-39,69,1139,39
69-40,69,1135,40
69-41,69,2229,41
69-42,69,1131,42
69-43,69,1124,43
69-44,69,1121,44
69-45,69,1126,45
69-46,69,25,46
69-47,69,1125,47
69-48,69,1122,48
69-49,69,1123,49
69-50,69,1130,50
69-51,69,2228,51
69-52,69,1134,52
69-53,69,1138,53
69-54,69,30,54
69-55,69,1322,55
69-56,69,2395,56
69-57,69,1326,57
69-58,69,1327,58
69-59,69,1334,59
69-60,69,1336,60
69-61,69,1357,61
69-62,69,44,62
69-63,69,1356,63
69-64,69,1364,64
69-65,69,42,65
69-66,69,1381,66
69-67,69,1378,67
69-68,69,1384,68
69-69,69,1380,69
69-70,69,69,70
69-71,69,1514,71
69-72,69,1512,72
69-73,69,1510,73
69-74,69,1507,74
69-75,69,1508,75
69-76,69,1519,76
69-77,69,1516,77
69-78,69,71,78
69-79,69,1498,79
69-80,69,1494,80
69-81,69,1488,81
69-82,69,1490,82
69-83,69,1497,83
69-84,69,1492,84
69-85,69,67,85
69-86,69,1594,86
69-87,69,1599,87
69-88,69,1595,88
69-89,69,1602,89
69-90,69,1598,90
69-91,69,1586,91
6A-1,6A,663,1
6A-2,6A,732,2
6A-3,6A,730,3
6A-4,6A,2136,4
6A-5,6A,724,5
6A-6,6A,720,6
6A-7,6A,713,7
6A-8,6A,714,8
6A-9,6A,688,9
6A-10,6A,692,10
6A-11,6A,648,11
6A-12,6A,702,12
6A-13,6A,696,13
6A-14,6A,682,14
6A-15,6A,678,15
6A-16,6A,674,16
6A-17,6A,628,17
6A-18,6A,632,18
6A-19,6A,613,19
6A-20,6A,1090,20
6A-21,6A,1088,21
6A-22,6A,1087,22
6A-23,6A,2129,23
6A-24,6A,1083,24
6A-25,6A,2127,25
6A-26,6A,1079,26
6A-27,6A,1075,27
6A-28,6A,1074,28
6A-29,6A,2352,29
6A-30,6A,1247,30
6A-31,6A,1249,31
6A-32,6A,1816,32
6A-33,6A,1237,33
6A-34,6A,1817,34
6A-35,6A,1238,35
6A-36,6A,1240,36
6A-37,6A,1819,37
6A-38,6A,1265,38
6A-39,6A,1268,39
6A-40,6A,1261,40
6A-41,6A,1259,41
6A-42,6A,1298,42
6A-43,6A,1300,43
6A-44,6A,40,44
6A-45,6A,1295,45
6A-46,6A,1340,46
6A-47,6A,1354,47
6A-48,6A,1352,48
6A-49,6A,2196,49
6A-50,6A,1344,50
6A-51,6A,1324,51
6A-52,6A,1321,52
6A-53,6A,1332,53
6A-54,6A,1323,54
6A-55,6A,31,55
6A-56,6A,1139,56
6A-57,6A,1135,57
6A-58,6A,2229,58
6A-59,6A,1131,59
6A-60,6A,1124,60
6A-61,6A,1121,61
6A-62,6A,1126,62
6A-63,6A,25,63
6A-64,6A,1125,64
6A-65,6A,1122,65
6A-66,6A,1123,66
6A-67,6A,1130,67
6A-68,6A,2228,68
6A-69,6A,1134,69
6A-70,6A,1138,70
6A-71,6A,30,71
6A-72,6A,1322,72
6A-73,6A,1331,73
6A-74,6A,1320,74
6A-75,6A,1325,75
6A-76,6A,1343,76
6A-77,6A,2195,77
6A-78,6A,1351,78
6A-79,6A,1353,79
6A-80,6A,1339,80
6A-81,6A,1294,81
6A-82,6A,39,82
6A-83,6A,1301,83
6A-84,6A,1299,84
6A-85,6A,1258,85
6A-86,6A,1260,86
6A-87,6A,1269,87
6A-88,6A,1262,88
6A-89,6A,1820,89
6A-90,6A,1818,90
6A-91,6A,1239,91
6A-92,6A,2480,92
6A-93,6A,1815,93
6A-94,6A,1248,94
6A-95,6A,2125,95
6A-96,6A,1081,96
6A-97,6A,1073,97
6A-98,6A,2124,98
6A-99,6A,1078,99
6A-100,6A,2128,100
6A-101,6A,1082,101
6A-102,6A,2146,102
6A-103,6A,1086,103
6A-104,6A,2126,104
6A-105,6A,1089,105
6A-106,6A,614,106
6A-107,6A,633,107
6A-108,6A,629,108
6A-109,6A,673,109
6A-110,6A,677,110
6A-111,6A,681,111
6A-112,6A,695,112
6A-113,6A,701,113
6A-114,6A,2138,114
6A-115,6A,691,115
6A-116,6A,687,116
6A-117,6A,715,117
6A-118,6A,712,118
6A-119,6A,721,119
6A-120,6A,2134,120
6A-121,6A,2135,121
6A-122,6A,729,122
6A-123,6A,731,123
6A-124,6A,664,124
6B-1,6B,765,1
6B-2,6B,740,2
6B-3,6B,744,3
6B-4,6B,734,4
6B-5,6B,736,5
6B-6,6B,717,6
6B-7,6B,718,7
6B-8,6B,2479,8
6B-9,6B,724,9
6B-10,6B,720,10
6B-11,6B,713,11
6B-12,6B,714,12
6B-13,6B,688,13
6B-14,6B,692,14
6B-15,6B,648,15
6B-16,6B,702,16
6B-17,6B,696,17
6B-18,6B,682,18
6B-19,6B,678,19
6B-20,6B,674,20
6B-21,6B,628,21
6B-22,6B,632,22
6B-23,6B,613,23
6B-24,6B,1090,24
6B-25,6B,1088,25
6B-26,6B,1087,26
6B-27,6B,2129,27
6B-28,6B,1083,28
6B-29,6B,2127,29
6B-30,6B,1079,30
6B-31,6B,1075,31
6B-32,6B,1074,32
6B-33,6B,2352,33
6B-34,6B,1247,34
6B-35,6B,1249,35
6B-36,6B,1816,36
6B-37,6B,1237,37
6B-38,6B,1817,38
6B-39,6B,1238,39
6B-40,6B,1240,40
6B-41,6B,1819,41
6B-42,6B,1265,42
6B-43,6B,1268,43
6B-44,6B,1261,44
6B-45,6B,1259,45
6B-46,6B,1298,46
6B-47,6B,1300,47
6B-48,6B,40,48
6B-49,6B,1295,49
6B-50,6B,1340,50
6B-51,6B,1354,51
6B-52,6B,1352,52
6B-53,6B,2196,53
6B-54,6B,1344,54
6B-55,6B,1324,55
6B-56,6B,1321,56
6B-57,6B,1332,57
6B-58,6B,1323,58
6B-59,6B,31,59
6B-60,6B,1139,60
6B-61,6B,1135,61
6B-62,6B,2229,62
6B-63,6B,1131,63
6B-64,6B,1124,64
6B-65,6B,1121,65
6B-66,6B,1126,66
6B-67,6B,25,67
6B-68,6B,1125,68
6B-69,6B,1122,69
6B-70,6B,1123,70
6B-71,6B,1130,71
6B-72,6B,2228,72
6B-73,6B,1134,73
6B-74,6B,1138,74
6B-75,6B,30,75
6B-76,6B,1322,76
6B-77,6B,1331,77
6B-78,6B,1320,78
6B-79,6B,1325,79
6B-80,6B,1343,80
6B-81,6B,2195,81
6B-82,6B,1351,82
6B-83,6B,1353,83
6B-84,6B,1339,84
6B-85,6B,1294,85
6B-86,6B,39,86
6B-87,6B,1301,87
6B-88,6B,1299,88
6B-89,6B,1258,89
6B-90,6B,1260,90
6B-91,6B,1269,91
6B-92,6B,1262,92
6B-93,6B,1820,93
6B-94,6B,1818,94
6B-95,6B,1239,95
6B-96,6B,2480,96
6B-97,6B,1815,97
6B-98,6B,1248,98
6B-99,6B,2125,99
6B-100,6B,1081,100
6B-101,6B,1073,101
6B-102,6B,2124,102
6B-103,6B,1078,103
6B-104,6B,2128,104
6B-105,6B,1082,105
6B-106,6B,2146,106
6B-107,6B,1086,107
6B-108,6B,2126,108
6B-109,6B,1089,109
6B-110,6B,614,110
6B-111,6B,633,111
6B-112,6B,629,112
6B-113,6B,673,113
6B-114,6B,677,114
6B-115,6B,681,115
6B-116,6B,695,116
6B-117,6B,701,117
6B-118,6B,2138,118
6B-119,6B,691,119
6B-120,6B,687,120
6B-121,6B,715,121
6B-122,6B,712,122
6B-123,6B,721,123
6B-124,6B,2134,124
6B-125,6B,2135,125
6B-126,6B,719,126
6B-127,6B,716,127
6B-128,6B,735,128
6B-129,6B,733,129
6B-130,6B,743,130
6B-131,6B,739,131
6B-132,6B,766,132
70-1,70,2118,1
70-2,70,1846,2
70-3,70,1844,3
70-4,70,1842,4
70-5,70,1840,5
70-6,70,1838,6
70-7,70,1836,7
70-8,70,1834,8
70-9,70,1832,9
70-10,70,1830,10
70-11,70,1828,11
70-12,70,1826,12
70-13,70,1825,13
70-14,70,1634,14
70-15,70,1632,15
70-16,70,1630,16
70-17,70,1812,17
70-18,70,1643,18
70-19,70,1810,19
70-20,70,1619,20
70-21,70,508,21
70-22,70,549,22
70-23,70,547,23
70-24,70,552,24
70-25,70,2159,25
70-26,70,530,26
70-27,70,526,27
70-28,70,521,28
70-29,70,528,29
70-30,70,516,30
70-31,70,520,31
70-32,70,500,32
70-33,70,456,33
70-34,70,464,34
70-35,70,465,35
70-36,70,462,36
70-37,70,1610,37
70-38,70,458,38
70-39,70,436,39
70-40,70,430,40
70-41,70,478,41
70-42,70,472,42
70-43,70,2219,43
70-44,70,471,44
70-45,70,477,45
70-46,70,431,46
70-47,70,435,47
70-48,70,457,48
70-49,70,1611,49
70-50,70,461,50
70-51,70,466,51
70-52,70,463,52
70-53,70,455,53
70-54,70,499,54
70-55,70,519,55
70-56,70,515,56
70-57,70,527,57
70-58,70,522,58
70-59,70,525,59
70-60,70,529,60
70-61,70,553,61
70-62,70,551,62
70-63,70,545,63
70-64,70,550,64
70-65,70,507,65
70-66,70,1618,66
70-67,70,1811,67
70-68,70,541,68
70-69,70,1813,69
70-70,70,1629,70
70-71,70,1631,71
70-72,70,1633,72
70-73,70,1824,73
70-74,70,1827,74
70-75,70,1831,75
70-76,70,1833,76
70-77,70,1835,77
70-78,70,1837,78
70-79,70,1839,79
70-80,70,1841,80
70-81,70,1843,81
70-82,70,1845,82
70-83,70,1847,83
70-84,70,2119,84
71-1,71,2344,1
71-2,71,2085,2
71-3,71,2088,3
71-4,71,2090,4
71-5,71,2092,5
71-6,71,2094,6
71-7,71,2096,7
71-8,71,2098,8
71-9,71,2100,9
71-10,71,1617,10
71-11,71,2102,11
71-12,71,2104,12
71-13,71,2106,13
71-14,71,2108,14
71-15,71,2110,15
71-16,71,2112,16
71-17,71,2114,17
71-18,71,2116,18
71-19,71,762,19
71-20,71,758,20
71-21,71,746,21
71-22,71,1014,22
71-23,71,1012,23
71-24,71,1016,24
71-25,71,2,25
71-26,71,680,26
71-27,71,674,27
71-28,71,628,28
71-29,71,634,29
71-30,71,2160,30
71-31,71,597,31
71-32,71,609,32
71-33,71,602,33
71-34,71,616,34
71-35,71,367,35
71-36,71,366,36
71-37,71,615,37
71-38,71,601,38
71-39,71,610,39
71-40,71,598,40
71-41,71,2161,41
71-42,71,635,42
71-43,71,629,43
71-44,71,673,44
71-45,71,679,45
71-46,71,1,46
71-47,71,1015,47
71-48,71,1011,48
71-49,71,1013,49
71-50,71,745,50
71-51,71,757,51
71-52,71,761,52
71-53,71,2115,53
71-54,71,2113,54
71-55,71,2111,55
71-56,71,2109,56
71-57,71,2107,57
71-58,71,2105,58
71-59,71,2103,59
71-60,71,2101,60
71-61,71,1616,61
71-62,71,2099,62
71-63,71,2097,63
71-64,71,2095,64
71-65,71,2093,65
71-66,71,2091,66
71-67,71,2089,67
71-68,71,2087,68
71-69,71,2086,69
71-70,71,2084,70
72-1,72,538,1
72-2,72,535,2
72-3,72,2429,3
72-4,72,2431,4
72-5,72,2434,5
72-6,72,488,6
72-7,72,486,7
72-8,72,498,8
72-9,72,492,9
72-10,72,502,10
72-11,72,460,11
72-12,72,400,12
72-13,72,396,13
72-14,72,409,14
72-15,72,407,15
72-16,72,405,16
72-17,72,376,17
72-18,72,372,18
72-19,72,380,19
72-20,72,385,20
72-21,72,379,21
72-22,72,388,22
72-23,72,374,23
72-24,72,454,24
72-25,72,186,25
72-26,72,182,26
72-27,72,2438,27
72-28,72,2439,28
72-29,72,2514,29
72-30,72,145,30
72-31,72,152,31
72-32,72,2515,32
72-33,72,2437,33
72-34,72,2440,34
72-35,72,181,35
72-36,72,185,36
72-37,72,453,37
72-38,72,375,38
72-39,72,387,39
72-40,72,378,40
72-41,72,384,41
72-42,72,381,42
72-43,72,373,43
72-44,72,377,44
72-45,72,406,45
72-46,72,408,46
72-47,72,410,47
72-48,72,395,48
72-49,72,399,49
72-50,72,459,50
72-51,72,501,51
72-52,72,491,52
72-53,72,497,53
72-54,72,485,54
72-55,72,487,55
72-56,72,2433,56
72-57,72,2432,57
72-58,72,2430,58
72-59,72,536,59
72-60,72,537,60
73-1,73,1971,1
73-2,73,2207,2
73-3,73,1468,3
73-4,73,65,4
73-5,73,1470,5
73-6,73,62,6
73-7,73,1481,7
73-8,73,1477,8
73-9,73,1483,9
73-10,73,1478,10
73-11,73,1464,11
73-12,73,1433,12
73-13,73,1441,13
73-14,73,56,14
73-15,73,1429,15
73-16,73,1456,16
73-17,73,1452,17
73-18,73,1455,18
73-19,73,1459,19
73-20,73,1449,20
73-21,73,1451,21
73-22,73,52,22
73-23,73,1425,23
73-24,73,1421,24
73-25,73,1422,25
73-26,73,589,26
73-27,73,1415,27
73-28,73,1418,28
73-29,73,2396,29
73-30,73,1402,30
73-31,73,1404,31
73-32,73,1395,32
73-33,73,47,33
73-34,73,1390,34
73-35,73,1388,35
73-36,73,1386,36
73-37,73,1391,37
73-38,73,73,38
73-39,73,1514,39
73-40,73,1512,40
73-41,73,1510,41
73-42,73,1507,42
73-43,73,1508,43
73-44,73,1519,44
73-45,73,2357,45
73-46,73,1522,46
73-47,73,1569,47
73-48,73,1561,48
73-49,73,1559,49
73-50,73,84,50
73-51,73,1562,51
73-52,73,1556,52
73-53,73,1565,53
73-54,73,1566,54
73-55,73,1576,55
73-56,73,86,56
73-57,73,1584,57
73-58,73,1578,58
73-59,73,1583,59
73-60,73,1581,60
73-61,73,1571,61
73-62,73,1575,62
73-63,73,1572,63
73-64,73,1593,64
73-65,73,1588,65
73-66,73,1591,66
73-67,73,1587,67
73-68,73,1590,68
73-69,73,1589,69
73-70,73,1592,70
73-71,73,1573,71
73-72,73,1574,72
73-73,73,1570,73
73-74,73,1580,74
73-75,73,1582,75
73-76,73,1579,76
73-77,73,1585,77
73-78,73,85,78
73-79,73,1577,79
73-80,73,1567,80
73-81,73,1564,81
73-82,73,1557,82
73-83,73,1563,83
73-84,73,83,84
73-85,73,1558,85
73-86,73,1560,86
73-87,73,1568,87
73-88,73,1523,88
73-89,73,2358,89
73-90,73,1518,90
73-91,73,1509,91
73-92,73,1506,92
73-93,73,1511,93
73-94,73,1513,94
73-95,73,1515,95
73-96,73,74,96
73-97,73,1392,97
73-98,73,1385,98
73-99,73,1387,99
73-100,73,1389,100
73-101,73,48,101
73-102,73,1396,102
73-103,73,1403,103
73-104,73,1401,104
73-105,73,2397,105
73-106,73,1419,106
73-107,73,1416,107
73-108,73,590,108
73-109,73,1423,109
73-110,73,1420,110
73-111,73,1424,111
73-112,73,51,112
73-113,73,1450,113
73-114,73,1448,114
73-115,73,1458,115
73-116,73,1454,116
73-117,73,1453,117
73-118,73,1457,118
73-119,73,1428,119
73-120,73,55,120
73-121,73,1440,121
73-122,73,1432,122
73-123,73,1465,123
73-124,73,1479,124
73-125,73,1482,125
73-126,73,1476,126
73-127,73,1480,127
73-128,73,61,128
73-129,73,1471,129
73-130,73,66,130
73-131,73,1469,131
73-132,73,2206,132
73-133,73,1970,133
74-1,74,83,1
74-2,74,1558,2
74-3,74,1560,3
74-4,74,1568,4
74-5,74,1523,5
74-6,74,2357,6
74-7,74,1518,7
74-8,74,1509,8
74-9,74,1506,9
74-10,74,1511,10
74-11,74,1513,11
74-12,74,1515,12
74-13,74,1503,13
74-14,74,80,14
74-15,74,1376,15
74-16,74,2245,16
74-17,74,1102,17
74-18,74,2362,18
74-19,74,2435,19
74-20,74,2238,20
74-21,74,1100,21
74-22,74,21,22
74-23,74,2236,23
74-24,74,2232,24
74-25,74,1105,25
74-26,74,1098,26
74-27,74,1103,27
74-28,74,1109,28
74-29,74,19,29
74-30,74,2234,30
74-31,74,25,31
74-32,74,2233,32
74-33,74,18,33
74-34,74,1110,34
74-35,74,1104,35
74-36,74,1097,36
74-37,74,1106,37
74-38,74,2231,38
74-39,74,2235,39
74-40,74,20,40
74-41,74,1099,41
74-42,74,2237,42
74-43,74,2436,43
74-44,74,1101,44
74-45,74,2246,45
74-46,74,1375,46
74-47,74,79,47
74-48,74,1502,48
74-49,74,1514,49
74-50,74,1512,50
74-51,74,1510,51
74-52,74,1507,52
74-53,74,1508,53
74-54,74,1519,54
74-55,74,2358,55
74-56,74,1522,56
74-57,74,1569,57
74-58,74,1561,58
74-59,74,1559,59
74-60,74,84,60
75-1,75,586,1
75-2,75,579,2
75-3,75,578,3
75-4,75,592,4
75-5,75,582,5
75-6,75,584,6
75-7,75,563,7
75-8,75,561,8
75-9,75,566,9
75-10,75,574,10
75-11,75,570,11
75-12,75,359,12
75-13,75,392,13
75-14,75,372,14
75-15,75,380,15
75-16,75,383,16
75-17,75,333,17
75-18,75,232,18
75-19,75,235,19
75-20,75,227,20
75-21,75,2177,21
75-22,75,229,22
75-23,75,225,23
75-24,75,223,24
75-25,75,274,25
75-26,75,266,26
75-27,75,273,27
75-28,75,261,28
75-29,75,255,29
75-30,75,257,30
75-31,75,251,31
75-32,75,299,32
75-33,75,291,33
75-34,75,277,34
75-35,75,301,35
75-36,75,284,36
75-37,75,279,37
75-38,75,300,38
75-39,75,250,39
75-40,75,256,40
75-41,75,254,41
75-42,75,260,42
75-43,75,272,43
75-44,75,267,44
75-45,75,2389,45
75-46,75,222,46
75-47,75,224,47
75-48,75,228,48
75-49,75,231,49
75-50,75,226,50
75-51,75,234,51
75-52,75,233,52
75-53,75,332,53
75-54,75,382,54
75-55,75,381,55
75-56,75,373,56
75-57,75,391,57
75-58,75,358,58
75-59,75,569,59
75-60,75,573,60
75-61,75,565,61
75-62,75,562,62
75-63,75,564,63
75-64,75,585,64
75-65,75,583,65
75-66,75,591,66
75-67,75,577,67
75-68,75,580,68
75-69,75,587,69
76-1,76,1641,1
76-2,76,1640,2
76-3,76,1638,3
76-4,76,1825,4
76-5,76,1634,5
76-6,76,1632,6
76-7,76,1630,7
76-8,76,1812,8
76-9,76,1643,9
76-10,76,1810,10
76-11,76,1628,11
76-12,76,1626,12
76-13,76,1807,13
76-14,76,1805,14
76-15,76,1803,15
76-16,76,1801,16
76-17,76,1619,17
76-18,76,508,18
76-19,76,549,19
76-20,76,547,20
76-21,76,546,21
76-22,76,552,22
76-23,76,2159,23
76-24,76,530,24
76-25,76,526,25
76-26,76,522,26
76-27,76,524,27
76-28,76,398,28
76-29,76,404,29
76-30,76,406,30
76-31,76,2394,31
76-32,76,569,32
76-33,76,359,33
76-34,76,392,34
76-35,76,372,35
76-36,76,380,36
76-37,76,383,37
76-38,76,237,38
76-39,76,350,39
76-40,76,347,40
76-41,76,348,41
76-42,76,354,42
76-43,76,2385,43
76-44,76,2383,44
76-45,76,327,45
76-46,76,330,46
76-47,76,340,47
76-48,76,355,48
76-49,76,349,49
76-50,76,346,50
76-51,76,351,51
76-52,76,236,52
76-53,76,382,53
76-54,76,381,54
76-55,76,373,55
76-56,76,391,56
76-57,76,358,57
76-58,76,2393,58
76-59,76,403,59
76-60,76,397,60
76-61,76,523,61
76-62,76,521,62
76-63,76,525,63
76-64,76,529,64
76-65,76,553,65
76-66,76,551,66
76-67,76,546,67
76-68,76,550,68
76-69,76,507,69
76-70,76,1618,70
76-71,76,1800,71
76-72,76,1802,72
76-73,76,1804,73
76-74,76,1806,74
76-75,76,1809,75
76-76,76,1621,76
76-77,76,1623,77
76-78,76,1625,78
76-79,76,1627,79
76-80,76,1811,80
76-81,76,541,81
76-82,76,1813,82
76-83,76,1629,83
76-84,76,1631,84
76-85,76,1633,85
76-86,76,1824,86
76-87,76,1637,87
76-88,76,1639,88
76-89,76,1642,89
77-1,77,1534,1
77-2,77,1511,2
77-3,77,1513,3
77-4,77,1515,4
77-5,77,70,5
77-6,77,1379,6
77-7,77,1383,7
77-8,77,1377,8
77-9,77,1382,9
77-10,77,41,10
77-11,77,1363,11
77-12,77,1355,12
77-13,77,43,13
77-14,77,1362,14
77-15,77,1360,15
77-16,77,1365,16
77-17,77,1367,17
77-18,77,1370,18
77-19,77,1350,19
77-20,77,1348,20
77-21,77,2195,21
77-22,77,1351,22
77-23,77,1353,23
77-24,77,1339,24
77-25,77,1294,25
77-26,77,39,26
77-27,77,1301,27
77-28,77,1299,28
77-29,77,1258,29
77-30,77,1260,30
77-31,77,1269,31
77-32,77,1267,32
77-33,77,1271,33
77-34,77,1255,34
77-35,77,1257,35
77-36,77,1221,36
77-37,77,1219,37
77-38,77,1218,38
77-39,77,1211,39
77-40,77,1180,40
77-41,77,1182,41
77-42,77,1171,42
77-43,77,1176,43
77-44,77,1174,44
77-45,77,288,45
77-46,77,320,46
77-47,77,263,47
77-48,77,265,48
77-49,77,269,49
77-50,77,267,50
77-51,77,2389,51
77-52,77,222,52
77-53,77,206,53
77-54,77,205,54
77-55,77,2426,55
77-56,77,193,56
77-57,77,201,57
77-58,77,204,58
77-59,77,207,59
77-60,77,223,60
77-61,77,274,61
77-62,77,266,62
77-63,77,264,63
77-64,77,262,64
77-65,77,319,65
77-66,77,287,66
77-67,77,1175,67
77-68,77,1177,68
77-69,77,1170,69
77-70,77,1181,70
77-71,77,1179,71
77-72,77,1212,72
77-73,77,1217,73
77-74,77,2392,74
77-75,77,1223,75
77-76,77,1220,76
77-77,77,1256,77
77-78,77,1254,78
77-79,77,1270,79
77-80,77,1266,80
77-81,77,1268,81
77-82,77,1261,82
77-83,77,1259,83
77-84,77,1298,84
77-85,77,1300,85
77-86,77,40,86
77-87,77,1295,87
77-88,77,1340,88
77-89,77,1354,89
77-90,77,1352,90
77-91,77,2196,91
77-92,77,1347,92
77-93,77,1349,93
77-94,77,1369,94
77-95,77,1368,95
77-96,77,1366,96
77-97,77,1359,97
77-98,77,1361,98
77-99,77,44,99
77-100,77,1356,100
77-101,77,1364,101
77-102,77,42,102
77-103,77,1381,103
77-104,77,1378,104
77-105,77,1384,105
77-106,77,1380,106
77-107,77,69,107
77-108,77,1514,108
77-109,77,1512,109
77-110,77,1510,110
77-111,77,1535,111
78-1,78,1594,1
78-2,78,68,2
78-3,78,1493,3
78-4,78,1496,4
78-5,78,1491,5
78-6,78,1489,6
78-7,78,1495,7
78-8,78,1499,8
78-9,78,72,9
78-10,78,1517,10
78-11,78,1518,11
78-12,78,1509,12
78-13,78,1506,13
78-14,78,1511,14
78-15,78,1513,15
78-16,78,1515,16
78-17,78,70,17
78-18,78,1379,18
78-19,78,1383,19
78-20,78,1377,20
78-21,78,1382,21
78-22,78,41,22
78-23,78,1363,23
78-24,78,1355,24
78-25,78,43,25
78-26,78,1362,26
78-27,78,1338,27
78-28,78,1318,28
78-29,78,2203,29
78-30,78,1343,30
78-31,78,1342,31
78-32,78,1313,32
78-33,78,1310,33
78-34,78,1253,34
78-35,78,1251,35
78-36,78,1222,36
78-37,78,1219,37
78-38,78,1218,38
78-39,78,1211,39
78-40,78,1180,40
78-41,78,1182,41
78-42,78,1171,42
78-43,78,1176,43
78-44,78,1174,44
78-45,78,288,45
78-46,78,320,46
78-47,78,263,47
78-48,78,265,48
78-49,78,269,49
78-50,78,199,50
78-51,78,197,51
78-52,78,117,52
78-53,78,125,53
78-54,78,1284,54
78-55,78,134,55
78-56,78,131,56
78-57,78,143,57
78-58,78,141,58
78-59,78,2437,59
78-60,78,194,60
78-61,78,144,61
78-62,78,138,62
78-63,78,137,63
78-64,78,130,64
78-65,78,133,65
78-66,78,126,66
78-67,78,118,67
78-68,78,196,68
78-69,78,198,69
78-70,78,268,70
78-71,78,264,71
78-72,78,262,72
78-73,78,319,73
78-74,78,287,74
78-75,78,1175,75
78-76,78,1177,76
78-77,78,1170,77
78-78,78,1181,78
78-79,78,1179,79
78-80,78,1212,80
78-81,78,1217,81
78-82,78,2392,82
78-83,78,1223,83
78-84,78,1250,84
78-85,78,1252,85
78-86,78,1311,86
78-87,78,1312,87
78-88,78,1341,88
78-89,78,1344,89
78-90,78,2202,90
78-91,78,1319,91
78-92,78,1337,92
78-93,78,1361,93
78-94,78,44,94
78-95,78,1356,95
78-96,78,1364,96
78-97,78,42,97
78-98,78,1381,98
78-99,78,1378,99
78-100,78,1384,100
78-101,78,1380,101
78-102,78,69,102
78-103,78,1514,103
78-104,78,1512,104
78-105,78,1510,105
78-106,78,1507,106
78-107,78,1508,107
78-108,78,1519,108
78-109,78,1516,109
78-110,78,71,110
78-111,78,1498,111
78-112,78,1494,112
78-113,78,1488,113
78-114,78,1490,114
78-115,78,1497,115
78-116,78,1492,116
78-117,78,67,117
78-118,78,2249,118
79-1,79,1094,1
79-2,79,2238,2
79-3,79,1100,3
79-4,79,21,4
79-5,79,2236,5
79-6,79,2232,6
79-7,79,1105,7
79-8,79,1098,8
79-9,79,1103,9
79-10,79,1109,10
79-11,79,19,11
79-12,79,2234,12
79-13,79,1125,13
79-14,79,1122,14
79-15,79,1123,15
79-16,79,1130,16
79-17,79,2228,17
79-18,79,1134,18
79-19,79,1139,19
79-20,79,30,20
79-21,79,1322,21
79-22,79,1330,22
79-23,79,1305,23
79-24,79,1302,24
79-25,79,1306,25
79-26,79,1314,26
79-27,79,1308,27
79-28,79,1193,28
79-29,79,1195,29
79-30,79,1208,30
79-31,79,1225,31
79-32,79,2200,32
79-33,79,1220,33
79-34,79,1257,34
79-35,79,1254,35
79-36,79,1270,36
79-37,79,1266,37
79-38,79,1262,38
79-39,79,1820,39
79-40,79,1818,40
79-41,79,1239,41
79-42,79,1236,42
79-43,79,36,43
79-44,79,1242,44
79-45,79,1246,45
79-46,79,2388,46
79-47,79,355,47
79-48,79,349,48
79-49,79,346,49
79-50,79,351,50
79-51,79,236,51
79-52,79,382,52
79-53,79,381,53
79-54,79,372,54
79-55,79,377,55
79-56,79,371,56
79-57,79,390,57
79-58,79,441,58
79-59,79,439,59
79-60,79,450,60
79-61,79,448,61
79-62,79,446,62
79-63,79,425,63
79-64,79,422,64
79-65,79,424,65
79-66,79,445,66
79-67,79,447,67
79-68,79,449,68
79-69,79,440,69
79-70,79,442,70
79-71,79,389,71
79-72,79,370,72
79-73,79,376,73
79-74,79,373,74
79-75,79,380,75
79-76,79,383,76
79-77,79,237,77
79-78,79,350,78
79-79,79,347,79
79-80,79,348,80
79-81,79,354,81
79-82,79,2387,82
79-83,79,2383,83
79-84,79,1245,84
79-85,79,1241,85
79-86,79,37,86
79-87,79,1817,87
79-88,79,1238,88
79-89,79,1240,89
79-90,79,1819,90
79-91,79,1265,91
79-92,79,1267,92
79-93,79,1271,93
79-94,79,1255,94
79-95,79,1256,95
79-96,79,1221,96
79-97,79,1216,97
79-98,79,1224,98
79-99,79,1207,99
79-100,79,1194,100
79-101,79,35,101
79-102,79,1309,102
79-103,79,1315,103
79-104,79,1307,104
79-105,79,1303,105
79-106,79,1304,106
79-107,79,1329,107
79-108,79,2395,108
79-109,79,1323,109
79-110,79,31,110
79-111,79,1138,111
79-112,79,1135,112
79-113,79,2229,113
79-114,79,1131,114
79-115,79,1124,115
79-116,79,1121,116
79-117,79,1126,117
79-118,79,2233,118
79-119,79,18,119
79-120,79,1110,120
79-121,79,1104,121
79-122,79,1097,122
79-123,79,1106,123
79-124,79,2231,124
79-125,79,2235,125
79-126,79,20,126
79-127,79,1099,127
79-128,79,2237,128
79-129,79,1096,129
7A-1,7A,2154,1
7A-2,7A,742,2
7A-3,7A,747,3
7A-4,7A,763,4
7A-5,7A,740,5
7A-6,7A,744,6
7A-7,7A,734,7
7A-8,7A,736,8
7A-9,7A,717,9
7A-10,7A,718,10
7A-11,7A,2137,11
7A-12,7A,704,12
7A-13,7A,707,13
7A-14,7A,668,14
7A-15,7A,654,15
7A-16,7A,647,16
7A-17,7A,645,17
7A-18,7A,648,18
7A-19,7A,702,19
7A-20,7A,696,20
7A-21,7A,682,21
7A-22,7A,678,22
7A-23,7A,674,23
7A-24,7A,628,24
7A-25,7A,635,25
7A-26,7A,2160,26
7A-27,7A,597,27
7A-28,7A,609,28
7A-29,7A,602,29
7A-30,7A,616,30
7A-31,7A,367,31
7A-32,7A,361,32
7A-33,7A,356,33
7A-34,7A,365,34
7A-35,7A,345,35
7A-36,7A,343,36
7A-37,7A,2414,37
7A-38,7A,385,38
7A-39,7A,379,39
7A-40,7A,388,40
7A-41,7A,374,41
7A-42,7A,454,42
7A-43,7A,186,43
7A-44,7A,182,44
7A-45,7A,188,45
7A-46,7A,177,46
7A-47,7A,160,47
7A-48,7A,154,48
7A-49,7A,147,49
7A-50,7A,151,50
7A-51,7A,152,51
7A-52,7A,149,52
7A-53,7A,146,53
7A-54,7A,2216,54
7A-55,7A,178,55
7A-56,7A,187,56
7A-57,7A,181,57
7A-58,7A,185,58
7A-59,7A,453,59
7A-60,7A,375,60
7A-61,7A,387,61
7A-62,7A,378,62
7A-63,7A,384,63
7A-64,7A,363,64
7A-65,7A,342,65
7A-66,7A,344,66
7A-67,7A,364,67
7A-68,7A,357,68
7A-69,7A,360,69
7A-70,7A,366,70
7A-71,7A,615,71
7A-72,7A,601,72
7A-73,7A,610,73
7A-74,7A,598,74
7A-75,7A,2161,75
7A-76,7A,634,76
7A-77,7A,629,77
7A-78,7A,673,78
7A-79,7A,677,79
7A-80,7A,681,80
7A-81,7A,695,81
7A-82,7A,701,82
7A-83,7A,2138,83
7A-84,7A,644,84
7A-85,7A,646,85
7A-86,7A,653,86
7A-87,7A,667,87
7A-88,7A,706,88
7A-89,7A,703,89
7A-90,7A,705,90
7A-91,7A,719,91
7A-92,7A,716,92
7A-93,7A,735,93
7A-94,7A,733,94
7A-95,7A,743,95
7A-96,7A,739,96
7A-97,7A,764,97
7A-98,7A,748,98
7A-99,7A,741,99
7A-100,7A,2155,100
7B-1,7B,2154,1
7B-2,7B,742,2
7B-3,7B,747,3
7B-4,7B,763,4
7B-5,7B,740,5
7B-6,7B,744,6
7B-7,7B,734,7
7B-8,7B,736,8
7B-9,7B,717,9
7B-10,7B,718,10
7B-11,7B,724,11
7B-12,7B,711,12
7B-13,7B,694,13
7B-14,7B,680,14
7B-15,7B,674,15
7B-16,7B,628,16
7B-17,7B,635,17
7B-18,7B,2160,18
7B-19,7B,597,19
7B-20,7B,609,20
7B-21,7B,602,21
7B-22,7B,616,22
7B-23,7B,367,23
7B-24,7B,361,24
7B-25,7B,356,25
7B-26,7B,365,26
7B-27,7B,345,27
7B-28,7B,343,28
7B-29,7B,2414,29
7B-30,7B,385,30
7B-31,7B,379,31
7B-32,7B,388,32
7B-33,7B,374,33
7B-34,7B,454,34
7B-35,7B,186,35
7B-36,7B,182,36
7B-37,7B,188,37
7B-38,7B,177,38
7B-39,7B,160,39
7B-40,7B,154,40
7B-41,7B,147,41
7B-42,7B,151,42
7B-43,7B,152,43
7B-44,7B,149,44
7B-45,7B,146,45
7B-46,7B,2216,46
7B-47,7B,178,47
7B-48,7B,187,48
7B-49,7B,181,49
7B-50,7B,185,50
7B-51,7B,453,51
7B-52,7B,375,52
7B-53,7B,387,53
7B-54,7B,378,54
7B-55,7B,384,55
7B-56,7B,363,56
7B-57,7B,342,57
7B-58,7B,344,58
7B-59,7B,364,59
7B-60,7B,357,60
7B-61,7B,360,61
7B-62,7B,366,62
7B-63,7B,615,63
7B-64,7B,601,64
7B-65,7B,610,65
7B-66,7B,598,66
7B-67,7B,2161,67
7B-68,7B,634,68
7B-69,7B,629,69
7B-70,7B,673,70
7B-71,7B,679,71
7B-72,7B,693,72
7B-73,7B,710,73
7B-74,7B,2134,74
7B-75,7B,2135,75
7B-76,7B,719,76
7B-77,7B,716,77
7B-78,7B,735,78
7B-79,7B,733,79
7B-80,7B,743,80
7B-81,7B,739,81
7B-82,7B,764,82
7B-83,7B,748,83
7B-84,7B,741,84
7B-85,7B,2155,85
8-1,8,664,1
8-2,8,651,2
8-3,8,2139,3
8-4,8,639,4
8-5,8,643,5
8-6,8,559,6
8-7,8,2143,7
8-8,8,538,8
8-9,8,535,9
8-10,8,2159,10
8-11,8,530,11
8-12,8,526,12
8-13,8,521,13
8-14,8,528,14
8-15,8,516,15
8-16,8,520,16
8-17,8,500,17
8-18,8,460,18
8-19,8,400,19
8-20,8,2481,20
8-21,8,467,21
8-22,8,474,22
8-23,8,476,23
8-24,8,470,24
8-25,8,452,25
8-26,8,443,26
8-27,8,184,27
8-28,8,219,28
8-29,8,217,29
8-30,8,213,30
8-31,8,216,31
8-32,8,212,32
8-33,8,209,33
8-34,8,2426,34
8-35,8,2398,35
8-36,8,191,36
8-37,8,174,37
8-38,8,160,38
8-39,8,154,39
8-40,8,147,40
8-41,8,151,41
8-42,8,139,42
8-43,8,2400,43
8-44,8,193,44
8-45,8,201,45
8-46,8,208,46
8-47,8,211,47
8-48,8,215,48
8-49,8,214,49
8-50,8,218,50
8-51,8,183,51
8-52,8,444,52
8-53,8,451,53
8-54,8,472,54
8-55,8,475,55
8-56,8,473,56
8-57,8,468,57
8-58,8,2482,58
8-59,8,396,59
8-60,8,399,60
8-61,8,459,61
8-62,8,519,62
8-63,8,515,63
8-64,8,527,64
8-65,8,522,65
8-66,8,525,66
8-67,8,529,67
8-68,8,553,68
8-69,8,536,69
8-70,8,537,70
8-71,8,2144,71
8-72,8,558,72
8-73,8,642,73
8-74,8,638,74
8-75,8,2140,75
8-76,8,641,76
8-77,8,652,77
8-78,8,663,78
80-KhineShweWar-1,80-KhineShweWar,782,1
80-KhineShweWar-2,80-KhineShweWar,780,2
80-KhineShweWar-3,80-KhineShweWar,772,3
80-KhineShweWar-4,80-KhineShweWar,773,4
80-KhineShweWar-5,80-KhineShweWar,2488,5
80-KhineShweWar-6,80-KhineShweWar,557,6
80-KhineShweWar-7,80-KhineShweWar,542,7
80-KhineShweWar-8,80-KhineShweWar,548,8
80-KhineShweWar-9,80-KhineShweWar,546,9
80-KhineShweWar-10,80-KhineShweWar,552,10
80-KhineShweWar-11,80-KhineShweWar,2429,11
80-KhineShweWar-12,80-KhineShweWar,2431,12
80-KhineShweWar-13,80-KhineShweWar,2434,13
80-KhineShweWar-14,80-KhineShweWar,488,14
80-KhineShweWar-15,80-KhineShweWar,486,15
80-KhineShweWar-16,80-KhineShweWar,498,16
80-KhineShweWar-17,80-KhineShweWar,492,17
80-KhineShweWar-18,80-KhineShweWar,502,18
80-KhineShweWar-19,80-KhineShweWar,455,19
80-KhineShweWar-20,80-KhineShweWar,464,20
80-KhineShweWar-21,80-KhineShweWar,465,21
80-KhineShweWar-22,80-KhineShweWar,462,22
80-KhineShweWar-23,80-KhineShweWar,1610,23
80-KhineShweWar-24,80-KhineShweWar,458,24
80-KhineShweWar-25,80-KhineShweWar,430,25
80-KhineShweWar-26,80-KhineShweWar,478,26
80-KhineShweWar-27,80-KhineShweWar,472,27
80-KhineShweWar-28,80-KhineShweWar,452,28
80-KhineShweWar-29,80-KhineShweWar,443,29
80-KhineShweWar-30,80-KhineShweWar,184,30
80-KhineShweWar-31,80-KhineShweWar,2469,31
80-KhineShweWar-32,80-KhineShweWar,239,32
80-KhineShweWar-33,80-KhineShweWar,333,33
80-KhineShweWar-34,80-KhineShweWar,232,34
80-KhineShweWar-35,80-KhineShweWar,235,35
80-KhineShweWar-36,80-KhineShweWar,227,36
80-KhineShweWar-37,80-KhineShweWar,2177,37
80-KhineShweWar-38,80-KhineShweWar,229,38
80-KhineShweWar-39,80-KhineShweWar,225,39
80-KhineShweWar-40,80-KhineShweWar,223,40
80-KhineShweWar-41,80-KhineShweWar,274,41
80-KhineShweWar-42,80-KhineShweWar,266,42
80-KhineShweWar-43,80-KhineShweWar,273,43
80-KhineShweWar-44,80-KhineShweWar,261,44
80-KhineShweWar-45,80-KhineShweWar,255,45
80-KhineShweWar-46,80-KhineShweWar,247,46
80-KhineShweWar-47,80-KhineShweWar,244,47
80-KhineShweWar-48,80-KhineShweWar,97,48
80-KhineShweWar-49,80-KhineShweWar,95,49
80-KhineShweWar-50,80-KhineShweWar,93,50
80-KhineShweWar-51,80-KhineShweWar,99,51
80-KhineShweWar-52,80-KhineShweWar,109,52
80-KhineShweWar-53,80-KhineShweWar,108,53
80-KhineShweWar-54,80-KhineShweWar,110,54
80-KhineShweWar-55,80-KhineShweWar,100,55
80-KhineShweWar-56,80-KhineShweWar,94,56
80-KhineShweWar-57,80-KhineShweWar,96,57
80-KhineShweWar-58,80-KhineShweWar,98,58
80-KhineShweWar-59,80-KhineShweWar,245,59
80-KhineShweWar-60,80-KhineShweWar,246,60
80-KhineShweWar-61,80-KhineShweWar,254,61
80-KhineShweWar-62,80-KhineShweWar,260,62
80-KhineShweWar-63,80-KhineShweWar,272,63
80-KhineShweWar-64,80-KhineShweWar,267,64
80-KhineShweWar-65,80-KhineShweWar,2389,65
80-KhineShweWar-66,80-KhineShweWar,222,66
80-KhineShweWar-67,80-KhineShweWar,224,67
80-KhineShweWar-68,80-KhineShweWar,228,68
80-KhineShweWar-69,80-KhineShweWar,231,69
80-KhineShweWar-70,80-KhineShweWar,226,70
80-KhineShweWar-71,80-KhineShweWar,234,71
80-KhineShweWar-72,80-KhineShweWar,233,72
80-KhineShweWar-73,80-KhineShweWar,332,73
80-KhineShweWar-74,80-KhineShweWar,238,74
80-KhineShweWar-75,80-KhineShweWar,2468,75
80-KhineShweWar-76,80-KhineShweWar,183,76
80-KhineShweWar-77,80-KhineShweWar,444,77
80-KhineShweWar-78,80-KhineShweWar,451,78
80-KhineShweWar-79,80-KhineShweWar,471,79
80-KhineShweWar-80,80-KhineShweWar,477,80
80-KhineShweWar-81,80-KhineShweWar,431,81
80-KhineShweWar-82,80-KhineShweWar,435,82
80-KhineShweWar-83,80-KhineShweWar,457,83
80-KhineShweWar-84,80-KhineShweWar,1611,84
80-KhineShweWar-85,80-KhineShweWar,461,85
80-KhineShweWar-86,80-KhineShweWar,466,86
80-KhineShweWar-87,80-KhineShweWar,463,87
80-KhineShweWar-88,80-KhineShweWar,456,88
80-KhineShweWar-89,80-KhineShweWar,499,89
80-KhineShweWar-90,80-KhineShweWar,501,90
80-KhineShweWar-91,80-KhineShweWar,491,91
80-KhineShweWar-92,80-KhineShweWar,497,92
80-KhineShweWar-93,80-KhineShweWar,485,93
80-KhineShweWar-94,80-KhineShweWar,487,94
80-KhineShweWar-95,80-KhineShweWar,2433,95
80-KhineShweWar-96,80-KhineShweWar,2432,96
80-KhineShweWar-97,80-KhineShweWar,2430,97
80-KhineShweWar-98,80-KhineShweWar,551,98
80-KhineShweWar-99,80-KhineShweWar,545,99
80-KhineShweWar-100,80-KhineShweWar,555,100
80-KhineShweWar-101,80-KhineShweWar,2489,101
80-KhineShweWar-102,80-KhineShweWar,771,102
80-KhineShweWar-103,80-KhineShweWar,779,103
80-Mini-1,80-Mini,398,1
80-Mini-2,80-Mini,524,2
80-Mini-3,80-Mini,522,3
80-Mini-4,80-Mini,527,4
80-Mini-5,80-Mini,516,5
80-Mini-6,80-Mini,520,6
80-Mini-7,80-Mini,500,7
80-Mini-8,80-Mini,455,8
80-Mini-9,80-Mini,464,9
80-Mini-10,80-Mini,466,10
80-Mini-11,80-Mini,462,11
80-Mini-12,80-Mini,1610,12
80-Mini-13,80-Mini,458,13
80-Mini-14,80-Mini,436,14
80-Mini-15,80-Mini,430,15
80-Mini-16,80-Mini,478,16
80-Mini-17,80-Mini,472,17
80-Mini-18,80-Mini,452,18
80-Mini-19,80-Mini,443,19
80-Mini-20,80-Mini,186,20
80-Mini-21,80-Mini,182,21
80-Mini-22,80-Mini,188,22
80-Mini-23,80-Mini,2439,23
80-Mini-24,80-Mini,195,24
80-Mini-25,80-Mini,2440,25
80-Mini-26,80-Mini,181,26
80-Mini-27,80-Mini,185,27
80-Mini-28,80-Mini,444,28
80-Mini-29,80-Mini,451,29
80-Mini-30,80-Mini,471,30
80-Mini-31,80-Mini,477,31
80-Mini-32,80-Mini,431,32
80-Mini-33,80-Mini,435,33
80-Mini-34,80-Mini,457,34
80-Mini-35,80-Mini,1611,35
80-Mini-36,80-Mini,461,36
80-Mini-37,80-Mini,465,37
80-Mini-38,80-Mini,463,38
80-Mini-39,80-Mini,456,39
80-Mini-40,80-Mini,499,40
80-Mini-41,80-Mini,519,41
80-Mini-42,80-Mini,515,42
80-Mini-43,80-Mini,528,43
80-Mini-44,80-Mini,521,44
80-Mini-45,80-Mini,523,45
80-Mini-46,80-Mini,397,46
80-MyinThawTar-1,80-MyinThawTar,782,1
80-MyinThawTar-2,80-MyinThawTar,780,2
80-MyinThawTar-3,80-MyinThawTar,772,3
80-MyinThawTar-4,80-MyinThawTar,773,4
80-MyinThawTar-5,80-MyinThawTar,557,5
80-MyinThawTar-6,80-MyinThawTar,548,6
80-MyinThawTar-7,80-MyinThawTar,546,7
80-MyinThawTar-8,80-MyinThawTar,552,8
80-MyinThawTar-9,80-MyinThawTar,2159,9
80-MyinThawTar-10,80-MyinThawTar,530,10
80-MyinThawTar-11,80-MyinThawTar,526,11
80-MyinThawTar-12,80-MyinThawTar,521,12
80-MyinThawTar-13,80-MyinThawTar,528,13
80-MyinThawTar-14,80-MyinThawTar,516,14
80-MyinThawTar-15,80-MyinThawTar,520,15
80-MyinThawTar-16,80-MyinThawTar,500,16
80-MyinThawTar-17,80-MyinThawTar,455,17
80-MyinThawTar-18,80-MyinThawTar,464,18
80-MyinThawTar-19,80-MyinThawTar,465,19
80-MyinThawTar-20,80-MyinThawTar,462,20
80-MyinThawTar-21,80-MyinThawTar,1610,21
80-MyinThawTar-22,80-MyinThawTar,458,22
80-MyinThawTar-23,80-MyinThawTar,436,23
80-MyinThawTar-24,80-MyinThawTar,430,24
80-MyinThawTar-25,80-MyinThawTar,478,25
80-MyinThawTar-26,80-MyinThawTar,472,26
80-MyinThawTar-27,80-MyinThawTar,452,27
80-MyinThawTar-28,80-MyinThawTar,443,28
80-MyinThawTar-29,80-MyinThawTar,184,29
80-MyinThawTar-30,80-MyinThawTar,239,30
80-MyinThawTar-31,80-MyinThawTar,333,31
80-MyinThawTar-32,80-MyinThawTar,232,32
80-MyinThawTar-33,80-MyinThawTar,235,33
80-MyinThawTar-34,80-MyinThawTar,227,34
80-MyinThawTar-35,80-MyinThawTar,2177,35
80-MyinThawTar-36,80-MyinThawTar,229,36
80-MyinThawTar-37,80-MyinThawTar,225,37
80-MyinThawTar-38,80-MyinThawTar,223,38
80-MyinThawTar-39,80-MyinThawTar,274,39
80-MyinThawTar-40,80-MyinThawTar,266,40
80-MyinThawTar-41,80-MyinThawTar,273,41
80-MyinThawTar-42,80-MyinThawTar,261,42
80-MyinThawTar-43,80-MyinThawTar,255,43
80-MyinThawTar-44,80-MyinThawTar,247,44
80-MyinThawTar-45,80-MyinThawTar,244,45
80-MyinThawTar-46,80-MyinThawTar,97,46
80-MyinThawTar-47,80-MyinThawTar,95,47
80-MyinThawTar-48,80-MyinThawTar,93,48
80-MyinThawTar-49,80-MyinThawTar,99,49
80-MyinThawTar-50,80-MyinThawTar,109,50
80-MyinThawTar-51,80-MyinThawTar,108,51
80-MyinThawTar-52,80-MyinThawTar,110,52
80-MyinThawTar-53,80-MyinThawTar,100,53
80-MyinThawTar-54,80-MyinThawTar,94,54
80-MyinThawTar-55,80-MyinThawTar,96,55
80-MyinThawTar-56,80-MyinThawTar,98,56
80-MyinThawTar-57,80-MyinThawTar,245,57
80-MyinThawTar-58,80-MyinThawTar,246,58
80-MyinThawTar-59,80-MyinThawTar,254,59
80-MyinThawTar-60,80-MyinThawTar,260,60
80-MyinThawTar-61,80-MyinThawTar,272,61
80-MyinThawTar-62,80-MyinThawTar,267,62
80-MyinThawTar-63,80-MyinThawTar,2389,63
80-MyinThawTar-64,80-MyinThawTar,222,64
80-MyinThawTar-65,80-MyinThawTar,224,65
80-MyinThawTar-66,80-MyinThawTar,228,66
80-MyinThawTar-67,80-MyinThawTar,231,67
80-MyinThawTar-68,80-MyinThawTar,226,68
80-MyinThawTar-69,80-MyinThawTar,234,69
80-MyinThawTar-70,80-MyinThawTar,233,70
80-MyinThawTar-71,80-MyinThawTar,332,71
80-MyinThawTar-72,80-MyinThawTar,238,72
80-MyinThawTar-73,80-MyinThawTar,183,73
80-MyinThawTar-74,80-MyinThawTar,444,74
80-MyinThawTar-75,80-MyinThawTar,451,75
80-MyinThawTar-76,80-MyinThawTar,471,76
80-MyinThawTar-77,80-MyinThawTar,477,77
80-MyinThawTar-78,80-MyinThawTar,431,78
80-MyinThawTar-79,80-MyinThawTar,435,79
80-MyinThawTar-80,80-MyinThawTar,457,80
80-MyinThawTar-81,80-MyinThawTar,1611,81
80-MyinThawTar-82,80-MyinThawTar,461,82
80-MyinThawTar-83,80-MyinThawTar,466,83
80-MyinThawTar-84,80-MyinThawTar,463,84
80-MyinThawTar-85,80-MyinThawTar,456,85
80-MyinThawTar-86,80-MyinThawTar,499,86
80-MyinThawTar-87,80-MyinThawTar,519,87
80-MyinThawTar-88,80-MyinThawTar,515,88
80-MyinThawTar-89,80-MyinThawTar,527,89
80-MyinThawTar-90,80-MyinThawTar,522,90
80-MyinThawTar-91,80-MyinThawTar,525,91
80-MyinThawTar-92,80-MyinThawTar,529,92
80-MyinThawTar-93,80-MyinThawTar,553,93
80-MyinThawTar-94,80-MyinThawTar,551,94
80-MyinThawTar-95,80-MyinThawTar,547,95
80-MyinThawTar-96,80-MyinThawTar,542,96
80-MyinThawTar-97,80-MyinThawTar,555,97
80-MyinThawTar-98,80-MyinThawTar,771,98
80-MyinThawTar-99,80-MyinThawTar,779,99
81-1,81,762,1
81-2,81,758,2
81-3,81,746,3
81-4,81,1014,4
81-5,81,1012,5
81-6,81,1015,6
81-7,81,2,7
81-8,81,680,8
81-9,81,674,9
81-10,81,628,10
81-11,81,630,11
81-12,81,626,12
81-13,81,637,13
81-14,81,577,14
81-15,81,580,15
81-16,81,587,16
81-17,81,2163,17
81-18,81,2165,18
81-19,81,539,19
81-20,81,2429,20
81-21,81,2431,21
81-22,81,2434,22
81-23,81,520,23
81-24,81,500,24
81-25,81,460,25
81-26,81,400,26
81-27,81,395,27
81-28,81,467,28
81-29,81,474,29
81-30,81,476,30
81-31,81,470,31
81-32,81,2219,32
81-33,81,415,33
81-34,81,162,34
81-35,81,155,35
81-36,81,147,36
81-37,81,151,37
81-38,81,149,38
81-39,81,146,39
81-40,81,159,40
81-41,81,157,41
81-42,81,416,42
81-43,81,2220,43
81-44,81,471,44
81-45,81,475,45
81-46,81,473,46
81-47,81,468,47
81-48,81,396,48
81-49,81,399,49
81-50,81,459,50
81-51,81,519,51
81-52,81,2433,52
81-53,81,2432,53
81-54,81,2430,54
81-55,81,540,55
81-56,81,2164,56
81-57,81,2162,57
81-58,81,586,58
81-59,81,579,59
81-60,81,578,60
81-61,81,636,61
81-62,81,627,62
81-63,81,631,63
81-64,81,629,64
81-65,81,673,65
81-66,81,679,66
81-67,81,1,67
81-68,81,1016,68
81-69,81,1011,69
81-70,81,1013,70
81-71,81,745,71
81-72,81,757,72
81-73,81,761,73
83-1,83,2351,1
83-2,83,1125,2
83-3,83,1122,3
83-4,83,2225,4
83-5,83,2223,5
83-6,83,1132,6
83-7,83,1144,7
83-8,83,32,8
83-9,83,1149,9
83-10,83,1153,10
83-11,83,1154,11
83-12,83,1156,12
83-13,83,1195,13
83-14,83,1208,14
83-15,83,1225,15
83-16,83,2200,16
83-17,83,1220,17
83-18,83,1256,18
83-19,83,1254,19
83-20,83,1270,20
83-21,83,1266,21
83-22,83,1262,22
83-23,83,1820,23
83-24,83,1818,24
83-25,83,1239,25
83-26,83,1236,26
83-27,83,36,27
83-28,83,1242,28
83-29,83,1246,29
83-30,83,2175,30
83-31,83,1048,31
83-32,83,1040,32
83-33,83,1057,33
83-34,83,1065,34
83-35,83,2130,35
83-36,83,2146,36
83-37,83,1086,37
83-38,83,2126,38
83-39,83,1089,39
83-40,83,2403,40
83-41,83,633,41
83-42,83,629,42
83-43,83,673,43
83-44,83,677,44
83-45,83,681,45
83-46,83,695,46
83-47,83,701,47
83-48,83,2138,48
83-49,83,644,49
83-50,83,646,50
83-51,83,653,51
83-52,83,667,52
83-53,83,706,53
83-54,83,703,54
83-55,83,705,55
83-56,83,2136,56
83-57,83,729,57
83-58,83,731,58
83-59,83,664,59
83-60,83,649,60
83-61,83,658,61
83-62,83,647,62
83-63,83,645,63
83-64,83,648,64
83-65,83,702,65
83-66,83,696,66
83-67,83,682,67
83-68,83,678,68
83-69,83,674,69
83-70,83,628,70
83-71,83,632,71
83-72,83,613,72
83-73,83,1090,73
83-74,83,1088,74
83-75,83,1087,75
83-76,83,2129,76
83-77,83,1080,77
83-78,83,1066,78
83-79,83,1058,79
83-80,83,1039,80
83-81,83,2174,81
83-82,83,1047,82
83-83,83,1245,83
83-84,83,1241,84
83-85,83,37,85
83-86,83,1817,86
83-87,83,1238,87
83-88,83,1240,88
83-89,83,1819,89
83-90,83,1265,90
83-91,83,1267,91
83-92,83,1271,92
83-93,83,1255,93
83-94,83,1257,94
83-95,83,1221,95
83-96,83,1216,96
83-97,83,1224,97
83-98,83,1207,98
83-99,83,1194,99
83-100,83,1157,100
83-101,83,1155,101
83-102,83,1152,102
83-103,83,1148,103
83-104,83,33,104
83-105,83,1145,105
83-106,83,1133,106
83-107,83,2222,107
83-108,83,2224,108
83-109,83,1121,109
83-110,83,1126,110
83-111,83,25,111
84-1,84,488,1
84-2,84,486,2
84-3,84,498,3
84-4,84,492,4
84-5,84,502,5
84-6,84,460,6
84-7,84,400,7
84-8,84,396,8
84-9,84,409,9
84-10,84,407,10
84-11,84,405,11
84-12,84,2394,12
84-13,84,357,13
84-14,84,360,14
84-15,84,366,15
84-16,84,615,16
84-17,84,601,17
84-18,84,610,18
84-19,84,598,19
84-20,84,2161,20
84-21,84,635,21
84-22,84,632,22
84-23,84,613,23
84-24,84,1090,24
84-25,84,1088,25
84-26,84,1087,26
84-27,84,2129,27
84-28,84,1083,28
84-29,84,2127,29
84-30,84,1079,30
84-31,84,1075,31
84-32,84,981,32
84-33,84,984,33
84-34,84,980,34
84-35,84,1293,35
84-36,84,1291,36
84-37,84,926,37
84-38,84,1290,38
84-39,84,1292,39
84-40,84,979,40
84-41,84,983,41
84-42,84,982,42
84-43,84,2124,43
84-44,84,1078,44
84-45,84,2128,45
84-46,84,1082,46
84-47,84,2146,47
84-48,84,1086,48
84-49,84,2126,49
84-50,84,1089,50
84-51,84,2403,51
84-52,84,633,52
84-53,84,634,53
84-54,84,2160,54
84-55,84,597,55
84-56,84,609,56
84-57,84,602,57
84-58,84,616,58
84-59,84,367,59
84-60,84,368,60
84-61,84,361,61
84-62,84,356,62
84-63,84,572,63
84-64,84,406,64
84-65,84,408,65
84-66,84,410,66
84-67,84,395,67
84-68,84,399,68
84-69,84,459,69
84-70,84,501,70
84-71,84,491,71
84-72,84,497,72
84-73,84,485,73
84-74,84,487,74
85-1,85,2159,1
85-2,85,530,2
85-3,85,526,3
85-4,85,524,4
85-5,85,398,5
85-6,85,404,6
85-7,85,408,7
85-8,85,410,8
85-9,85,395,9
85-10,85,467,10
85-11,85,474,11
85-12,85,476,12
85-13,85,470,13
85-14,85,452,14
85-15,85,443,15
85-16,85,453,16
85-17,85,375,17
85-18,85,387,18
85-19,85,378,19
85-20,85,384,20
85-21,85,383,21
85-22,85,333,22
85-23,85,232,23
85-24,85,235,24
85-25,85,227,25
85-26,85,2177,26
85-27,85,229,27
85-28,85,225,28
85-29,85,223,29
85-30,85,274,30
85-31,85,266,31
85-32,85,272,32
85-33,85,261,33
85-34,85,255,34
85-35,85,249,35
85-36,85,253,36
85-37,85,258,37
85-38,85,291,38
85-39,85,277,39
85-40,85,301,40
85-41,85,307,41
85-42,85,309,42
85-43,85,1183,43
85-44,85,1163,44
85-45,85,1160,45
85-46,85,1164,46
85-47,85,1166,47
85-48,85,1200,48
85-49,85,1197,49
85-50,85,1192,50
85-51,85,1157,51
85-52,85,1155,52
85-53,85,31,53
85-54,85,1139,54
85-55,85,1135,55
85-56,85,2229,56
85-57,85,1131,57
85-58,85,1124,58
85-59,85,1121,59
85-60,85,1126,60
85-61,85,25,61
85-62,85,1125,62
85-63,85,1122,63
85-64,85,1123,64
85-65,85,1130,65
85-66,85,2228,66
85-67,85,1134,67
85-68,85,1138,68
85-69,85,30,69
85-70,85,1154,70
85-71,85,1156,71
85-72,85,2360,72
85-73,85,1196,73
85-74,85,1201,74
85-75,85,1167,75
85-76,85,1165,76
85-77,85,1161,77
85-78,85,1162,78
85-79,85,1184,79
85-80,85,310,80
85-81,85,308,81
85-82,85,302,82
85-83,85,278,83
85-84,85,292,84
85-85,85,259,85
85-86,85,252,86
85-87,85,248,87
85-88,85,254,88
85-89,85,260,89
85-90,85,273,90
85-91,85,267,91
85-92,85,2389,92
85-93,85,222,93
85-94,85,224,94
85-95,85,228,95
85-96,85,231,96
85-97,85,226,97
85-98,85,234,98
85-99,85,233,99
85-100,85,332,100
85-101,85,382,101
85-102,85,385,102
85-103,85,379,103
85-104,85,388,104
85-105,85,374,105
85-106,85,454,106
85-107,85,444,107
85-108,85,451,108
85-109,85,471,109
85-110,85,469,110
85-111,85,475,111
85-112,85,473,112
85-113,85,468,113
85-114,85,396,114
85-115,85,409,115
85-116,85,407,116
85-117,85,405,117
85-118,85,403,118
85-119,85,397,119
85-120,85,523,120
85-121,85,522,121
85-122,85,525,122
85-123,85,529,123
85-124,85,553,124
86-1,86,425,1
86-2,86,446,2
86-3,86,447,3
86-4,86,449,4
86-5,86,440,5
86-6,86,442,6
86-7,86,389,7
86-8,86,370,8
86-9,86,376,9
86-10,86,372,10
86-11,86,380,11
86-12,86,383,12
86-13,86,237,13
86-14,86,350,14
86-15,86,347,15
86-16,86,348,16
86-17,86,354,17
86-18,86,2385,18
86-19,86,2383,19
86-20,86,2424,20
86-21,86,2323,21
86-22,86,2325,22
86-23,86,2337,23
86-24,86,2335,24
86-25,86,2331,25
86-26,86,318,26
86-27,86,287,27
86-28,86,1175,28
86-29,86,1177,29
86-30,86,1170,30
86-31,86,1181,31
86-32,86,1179,32
86-33,86,1212,33
86-34,86,1217,34
86-35,86,2392,35
86-36,86,2402,36
86-37,86,1250,37
86-38,86,1252,38
86-39,86,1311,39
86-40,86,1312,40
86-41,86,1341,41
86-42,86,1346,42
86-43,86,1347,43
86-44,86,1349,44
86-45,86,1369,45
86-46,86,1368,46
86-47,86,1366,47
86-48,86,1367,48
86-49,86,1370,49
86-50,86,1350,50
86-51,86,1348,51
86-52,86,1345,52
86-53,86,1342,53
86-54,86,1313,54
86-55,86,1310,55
86-56,86,1253,56
86-57,86,1251,57
86-58,86,1222,58
86-59,86,1219,59
86-60,86,1218,60
86-61,86,1211,61
86-62,86,1180,62
86-63,86,1182,63
86-64,86,1171,64
86-65,86,1176,65
86-66,86,1174,66
86-67,86,288,67
86-68,86,2194,68
86-69,86,2333,69
86-70,86,2329,70
86-71,86,2327,71
86-72,86,2339,72
86-73,86,2341,73
86-74,86,325,74
86-75,86,2388,75
86-76,86,2387,76
86-77,86,355,77
86-78,86,349,78
86-79,86,346,79
86-80,86,351,80
86-81,86,236,81
86-82,86,382,82
86-83,86,381,83
86-84,86,373,84
86-85,86,377,85
86-86,86,371,86
86-87,86,390,87
86-88,86,441,88
86-89,86,439,89
86-90,86,450,90
86-91,86,448,91
86-92,86,445,92
86-93,86,424,93
87-MaWaTa-1,87-MaWaTa,1031,1
87-MaWaTa-2,87-MaWaTa,1036,2
87-MaWaTa-3,87-MaWaTa,5,3
87-MaWaTa-4,87-MaWaTa,1030,4
87-MaWaTa-5,87-MaWaTa,2509,5
87-MaWaTa-6,87-MaWaTa,1035,6
87-MaWaTa-7,87-MaWaTa,4,7
87-MaWaTa-8,87-MaWaTa,1028,8
87-MaWaTa-9,87-MaWaTa,1026,9
87-MaWaTa-10,87-MaWaTa,1022,10
87-MaWaTa-11,87-MaWaTa,936,11
87-MaWaTa-12,87-MaWaTa,926,12
87-MaWaTa-13,87-MaWaTa,880,13
87-MaWaTa-14,87-MaWaTa,928,14
87-MaWaTa-15,87-MaWaTa,1004,15
87-MaWaTa-16,87-MaWaTa,2346,16
87-MaWaTa-17,87-MaWaTa,172,17
87-MaWaTa-18,87-MaWaTa,1003,18
87-MaWaTa-19,87-MaWaTa,997,19
87-MaWaTa-20,87-MaWaTa,1001,20
87-MaWaTa-21,87-MaWaTa,993,21
87-MaWaTa-22,87-MaWaTa,991,22
87-MaWaTa-23,87-MaWaTa,978,23
87-MaWaTa-24,87-MaWaTa,1074,24
87-MaWaTa-25,87-MaWaTa,2352,25
87-MaWaTa-26,87-MaWaTa,1247,26
87-MaWaTa-27,87-MaWaTa,304,27
87-MaWaTa-28,87-MaWaTa,16,28
87-MaWaTa-29,87-MaWaTa,1076,29
87-MaWaTa-30,87-MaWaTa,1067,30
87-MaWaTa-31,87-MaWaTa,1058,31
87-MaWaTa-32,87-MaWaTa,1039,32
87-MaWaTa-33,87-MaWaTa,2174,33
87-MaWaTa-34,87-MaWaTa,1047,34
87-MaWaTa-35,87-MaWaTa,1052,35
87-MaWaTa-36,87-MaWaTa,6,36
87-MaWaTa-37,87-MaWaTa,331,37
87-MaWaTa-38,87-MaWaTa,326,38
87-MaWaTa-39,87-MaWaTa,2424,39
87-MaWaTa-40,87-MaWaTa,324,40
87-MaWaTa-41,87-MaWaTa,322,41
87-MaWaTa-42,87-MaWaTa,2490,42
87-MaWaTa-43,87-MaWaTa,230,43
87-MaWaTa-44,87-MaWaTa,209,44
87-MaWaTa-45,87-MaWaTa,202,45
87-MaWaTa-46,87-MaWaTa,194,46
87-MaWaTa-47,87-MaWaTa,144,47
87-MaWaTa-48,87-MaWaTa,141,48
87-MaWaTa-49,87-MaWaTa,195,49
87-MaWaTa-50,87-MaWaTa,203,50
87-MaWaTa-51,87-MaWaTa,208,51
87-MaWaTa-52,87-MaWaTa,210,52
87-MaWaTa-53,87-MaWaTa,2425,53
87-MaWaTa-54,87-MaWaTa,2491,54
87-MaWaTa-55,87-MaWaTa,321,55
87-MaWaTa-56,87-MaWaTa,323,56
87-MaWaTa-57,87-MaWaTa,325,57
87-MaWaTa-58,87-MaWaTa,327,58
87-MaWaTa-59,87-MaWaTa,330,59
87-MaWaTa-60,87-MaWaTa,7,60
87-MaWaTa-61,87-MaWaTa,1051,61
87-MaWaTa-62,87-MaWaTa,2175,62
87-MaWaTa-63,87-MaWaTa,1048,63
87-MaWaTa-64,87-MaWaTa,1040,64
87-MaWaTa-65,87-MaWaTa,1057,65
87-MaWaTa-66,87-MaWaTa,1068,66
87-MaWaTa-67,87-MaWaTa,1077,67
87-MaWaTa-68,87-MaWaTa,17,68
87-MaWaTa-69,87-MaWaTa,303,69
87-MaWaTa-70,87-MaWaTa,2125,70
87-MaWaTa-71,87-MaWaTa,1081,71
87-MaWaTa-72,87-MaWaTa,1073,72
87-MaWaTa-73,87-MaWaTa,977,73
87-MaWaTa-74,87-MaWaTa,990,74
87-MaWaTa-75,87-MaWaTa,992,75
87-MaWaTa-76,87-MaWaTa,1000,76
87-MaWaTa-77,87-MaWaTa,996,77
87-MaWaTa-78,87-MaWaTa,1002,78
87-MaWaTa-79,87-MaWaTa,173,79
87-MaWaTa-80,87-MaWaTa,1009,80
87-MaWaTa-81,87-MaWaTa,1008,81
87-MaWaTa-82,87-MaWaTa,1005,82
87-MaWaTa-83,87-MaWaTa,929,83
87-MaWaTa-84,87-MaWaTa,881,84
87-MaWaTa-85,87-MaWaTa,927,85
87-MaWaTa-86,87-MaWaTa,935,86
87-MaWaTa-87,87-MaWaTa,1019,87
87-MaWaTa-88,87-MaWaTa,1025,88
87-MaWaTa-89,87-MaWaTa,1027,89
87-MaWaTa-90,87-MaWaTa,3,90
87-MaWaTa-91,87-MaWaTa,1034,91
87-MaWaTa-92,87-MaWaTa,2510,92
87-MaWaTa-93,87-MaWaTa,1029,93
87-MaWaTa-94,87-MaWaTa,2122,94
87-MaWaTa-95,87-MaWaTa,2123,95
87-MaharMyaing-1,87-MaharMyaing,1031,1
87-MaharMyaing-2,87-MaharMyaing,1036,2
87-MaharMyaing-3,87-MaharMyaing,5,3
87-MaharMyaing-4,87-MaharMyaing,1030,4
87-MaharMyaing-5,87-MaharMyaing,2509,5
87-MaharMyaing-6,87-MaharMyaing,1035,6
87-MaharMyaing-7,87-MaharMyaing,4,7
87-MaharMyaing-8,87-MaharMyaing,1028,8
87-MaharMyaing-9,87-MaharMyaing,1026,9
87-MaharMyaing-10,87-MaharMyaing,1022,10
87-MaharMyaing-11,87-MaharMyaing,931,11
87-MaharMyaing-12,87-MaharMyaing,903,12
87-MaharMyaing-13,87-MaharMyaing,905,13
87-MaharMyaing-14,87-MaharMyaing,917,14
87-MaharMyaing-15,87-MaharMyaing,919,15
87-MaharMyaing-16,87-MaharMyaing,915,16
87-MaharMyaing-17,87-MaharMyaing,899,17
87-MaharMyaing-18,87-MaharMyaing,901,18
87-MaharMyaing-19,87-MaharMyaing,897,19
87-MaharMyaing-20,87-MaharMyaing,1290,20
87-MaharMyaing-21,87-MaharMyaing,1292,21
87-MaharMyaing-22,87-MaharMyaing,979,22
87-MaharMyaing-23,87-MaharMyaing,983,23
87-MaharMyaing-24,87-MaharMyaing,982,24
87-MaharMyaing-25,87-MaharMyaing,1074,25
87-MaharMyaing-26,87-MaharMyaing,2352,26
87-MaharMyaing-27,87-MaharMyaing,1247,27
87-MaharMyaing-28,87-MaharMyaing,304,28
87-MaharMyaing-29,87-MaharMyaing,16,29
87-MaharMyaing-30,87-MaharMyaing,1076,30
87-MaharMyaing-31,87-MaharMyaing,1067,31
87-MaharMyaing-32,87-MaharMyaing,1058,32
87-MaharMyaing-33,87-MaharMyaing,1039,33
87-MaharMyaing-34,87-MaharMyaing,2174,34
87-MaharMyaing-35,87-MaharMyaing,1047,35
87-MaharMyaing-36,87-MaharMyaing,1052,36
87-MaharMyaing-37,87-MaharMyaing,6,37
87-MaharMyaing-38,87-MaharMyaing,331,38
87-MaharMyaing-39,87-MaharMyaing,326,39
87-MaharMyaing-40,87-MaharMyaing,2424,40
87-MaharMyaing-41,87-MaharMyaing,324,41
87-MaharMyaing-42,87-MaharMyaing,322,42
87-MaharMyaing-43,87-MaharMyaing,2490,43
87-MaharMyaing-44,87-MaharMyaing,230,44
87-MaharMyaing-45,87-MaharMyaing,209,45
87-MaharMyaing-46,87-MaharMyaing,202,46
87-MaharMyaing-47,87-MaharMyaing,194,47
87-MaharMyaing-48,87-MaharMyaing,144,48
87-MaharMyaing-49,87-MaharMyaing,141,49
87-MaharMyaing-50,87-MaharMyaing,195,50
87-MaharMyaing-51,87-MaharMyaing,203,51
87-MaharMyaing-52,87-MaharMyaing,208,52
87-MaharMyaing-53,87-MaharMyaing,210,53
87-MaharMyaing-54,87-MaharMyaing,2425,54
87-MaharMyaing-55,87-MaharMyaing,2491,55
87-MaharMyaing-56,87-MaharMyaing,321,56
87-MaharMyaing-57,87-MaharMyaing,323,57
87-MaharMyaing-58,87-MaharMyaing,325,58
87-MaharMyaing-59,87-MaharMyaing,327,59
87-MaharMyaing-60,87-MaharMyaing,330,60
87-MaharMyaing-61,87-MaharMyaing,7,61
87-MaharMyaing-62,87-MaharMyaing,1051,62
87-MaharMyaing-63,87-MaharMyaing,2175,63
87-MaharMyaing-64,87-MaharMyaing,1048,64
87-MaharMyaing-65,87-MaharMyaing,1040,65
87-MaharMyaing-66,87-MaharMyaing,1057,66
87-MaharMyaing-67,87-MaharMyaing,1068,67
87-MaharMyaing-68,87-MaharMyaing,1077,68
87-MaharMyaing-69,87-MaharMyaing,17,69
87-MaharMyaing-70,87-MaharMyaing,303,70
87-MaharMyaing-71,87-MaharMyaing,2125,71
87-MaharMyaing-72,87-MaharMyaing,1081,72
87-MaharMyaing-73,87-MaharMyaing,1073,73
87-MaharMyaing-74,87-MaharMyaing,981,74
87-MaharMyaing-75,87-MaharMyaing,984,75
87-MaharMyaing-76,87-MaharMyaing,980,76
87-MaharMyaing-77,87-MaharMyaing,1293,77
87-MaharMyaing-78,87-MaharMyaing,1291,78
87-MaharMyaing-79,87-MaharMyaing,896,79
87-MaharMyaing-80,87-MaharMyaing,900,80
87-MaharMyaing-81,87-MaharMyaing,898,81
87-MaharMyaing-82,87-MaharMyaing,914,82
87-MaharMyaing-83,87-MaharMyaing,918,83
87-MaharMyaing-84,87-MaharMyaing,916,84
87-MaharMyaing-85,87-MaharMyaing,904,85
87-MaharMyaing-86,87-MaharMyaing,902,86
87-MaharMyaing-87,87-MaharMyaing,930,87
87-MaharMyaing-88,87-MaharMyaing,1021,88
87-MaharMyaing-89,87-MaharMyaing,1020,89
87-MaharMyaing-90,87-MaharMyaing,1025,90
87-MaharMyaing-91,87-MaharMyaing,1027,91
87-MaharMyaing-92,87-MaharMyaing,3,92
87-MaharMyaing-93,87-MaharMyaing,1034,93
87-MaharMyaing-94,87-MaharMyaing,2510,94
87-MaharMyaing-95,87-MaharMyaing,1029,95
87-MaharMyaing-96,87-MaharMyaing,2122,96
87-MaharMyaing-97,87-MaharMyaing,2123,97
88-1,88,1031,1
88-2,88,1036,2
88-3,88,5,3
88-4,88,1030,4
88-5,88,2509,5
88-6,88,1035,6
88-7,88,4,7
88-8,88,1028,8
88-9,88,1026,9
88-10,88,1022,10
88-11,88,936,11
88-12,88,2350,12
88-13,88,926,13
88-14,88,880,14
88-15,88,928,15
88-16,88,1004,16
88-17,88,2346,17
88-18,88,172,18
88-19,88,1003,19
88-20,88,997,20
88-21,88,1001,21
88-22,88,993,22
88-23,88,991,23
88-24,88,978,24
88-25,88,1074,25
88-26,88,2352,26
88-27,88,1247,27
88-28,88,1249,28
88-29,88,1816,29
88-30,88,1237,30
88-31,88,1817,31
88-32,88,1238,32
88-33,88,1240,33
88-34,88,1819,34
88-35,88,1265,35
88-36,88,1267,36
88-37,88,1271,37
88-38,88,1255,38
88-39,88,1257,39
88-40,88,1221,40
88-41,88,2402,41
88-42,88,1250,42
88-43,88,1252,43
88-44,88,1311,44
88-45,88,1312,45
88-46,88,1341,46
88-47,88,1346,47
88-48,88,1347,48
88-49,88,1349,49
88-50,88,1369,50
88-51,88,1368,51
88-52,88,1366,52
88-53,88,1359,53
88-54,88,1361,54
88-55,88,43,55
88-56,88,1356,56
88-57,88,1364,57
88-58,88,42,58
88-59,88,1381,59
88-60,88,1378,60
88-61,88,1384,61
88-62,88,1380,62
88-63,88,69,63
88-64,88,74,64
88-65,88,1392,65
88-66,88,1385,66
88-67,88,1386,67
88-68,88,1391,68
88-69,88,73,69
88-70,88,70,70
88-71,88,1379,71
88-72,88,1383,72
88-73,88,1377,73
88-74,88,1382,74
88-75,88,41,75
88-76,88,1363,76
88-77,88,1355,77
88-78,88,44,78
88-79,88,1360,79
88-80,88,1365,80
88-81,88,1367,81
88-82,88,1370,82
88-83,88,1350,83
88-84,88,1348,84
88-85,88,1345,85
88-86,88,1342,86
88-87,88,1313,87
88-88,88,1310,88
88-89,88,1253,89
88-90,88,1251,90
88-91,88,1222,91
88-92,88,1220,92
88-93,88,1256,93
88-94,88,1254,94
88-95,88,1270,95
88-96,88,1266,96
88-97,88,1262,97
88-98,88,1820,98
88-99,88,1818,99
88-100,88,1239,100
88-101,88,2480,101
88-102,88,1815,102
88-103,88,1248,103
88-104,88,2125,104
88-105,88,1081,105
88-106,88,1073,106
88-107,88,977,107
88-108,88,990,108
88-109,88,992,109
88-110,88,1000,110
88-111,88,996,111
88-112,88,1002,112
88-113,88,173,113
88-114,88,1009,114
88-115,88,1008,115
88-116,88,1005,116
88-117,88,929,117
88-118,88,881,118
88-119,88,925,119
88-120,88,927,120
88-121,88,935,121
88-122,88,1019,122
88-123,88,1025,123
88-124,88,1027,124
88-125,88,3,125
88-126,88,1034,126
88-127,88,2510,127
88-128,88,1029,128
88-129,88,2122,129
88-130,88,2123,130
89-MinNanda-1,89-MinNanda,530,1
89-MinNanda-2,89-MinNanda,526,2
89-MinNanda-3,89-MinNanda,524,3
89-MinNanda-4,89-MinNanda,398,4
89-MinNanda-5,89-MinNanda,404,5
89-MinNanda-6,89-MinNanda,408,6
89-MinNanda-7,89-MinNanda,410,7
89-MinNanda-8,89-MinNanda,395,8
89-MinNanda-9,89-MinNanda,467,9
89-MinNanda-10,89-MinNanda,474,10
89-MinNanda-11,89-MinNanda,476,11
89-MinNanda-12,89-MinNanda,470,12
89-MinNanda-13,89-MinNanda,2219,13
89-MinNanda-14,89-MinNanda,418,14
89-MinNanda-15,89-MinNanda,155,15
89-MinNanda-16,89-MinNanda,147,16
89-MinNanda-17,89-MinNanda,151,17
89-MinNanda-18,89-MinNanda,139,18
89-MinNanda-19,89-MinNanda,129,19
89-MinNanda-20,89-MinNanda,132,20
89-MinNanda-21,89-MinNanda,123,21
89-MinNanda-22,89-MinNanda,119,22
89-MinNanda-23,89-MinNanda,112,23
89-MinNanda-24,89-MinNanda,115,24
89-MinNanda-25,89-MinNanda,101,25
89-MinNanda-26,89-MinNanda,104,26
89-MinNanda-27,89-MinNanda,89,27
89-MinNanda-28,89-MinNanda,87,28
89-MinNanda-29,89-MinNanda,92,29
89-MinNanda-30,89-MinNanda,241,30
89-MinNanda-31,89-MinNanda,243,31
89-MinNanda-32,89-MinNanda,253,32
89-MinNanda-33,89-MinNanda,258,33
89-MinNanda-34,89-MinNanda,250,34
89-MinNanda-35,89-MinNanda,256,35
89-MinNanda-36,89-MinNanda,247,36
89-MinNanda-37,89-MinNanda,244,37
89-MinNanda-38,89-MinNanda,97,38
89-MinNanda-39,89-MinNanda,95,39
89-MinNanda-40,89-MinNanda,93,40
89-MinNanda-41,89-MinNanda,99,41
89-MinNanda-42,89-MinNanda,109,42
89-MinNanda-43,89-MinNanda,2427,43
89-MinNanda-44,89-MinNanda,114,44
89-MinNanda-45,89-MinNanda,111,45
89-MinNanda-46,89-MinNanda,2354,46
89-MinNanda-47,89-MinNanda,121,47
89-MinNanda-48,89-MinNanda,134,48
89-MinNanda-49,89-MinNanda,131,49
89-MinNanda-50,89-MinNanda,143,50
89-MinNanda-51,89-MinNanda,152,51
89-MinNanda-52,89-MinNanda,149,52
89-MinNanda-53,89-MinNanda,146,53
89-MinNanda-54,89-MinNanda,159,54
89-MinNanda-55,89-MinNanda,157,55
89-MinNanda-56,89-MinNanda,416,56
89-MinNanda-57,89-MinNanda,2220,57
89-MinNanda-58,89-MinNanda,471,58
89-MinNanda-59,89-MinNanda,475,59
89-MinNanda-60,89-MinNanda,473,60
89-MinNanda-61,89-MinNanda,468,61
89-MinNanda-62,89-MinNanda,396,62
89-MinNanda-63,89-MinNanda,409,63
89-MinNanda-64,89-MinNanda,407,64
89-MinNanda-65,89-MinNanda,405,65
89-MinNanda-66,89-MinNanda,403,66
89-MinNanda-67,89-MinNanda,397,67
89-MinNanda-68,89-MinNanda,523,68
89-MinNanda-69,89-MinNanda,525,69
89-MinNanda-70,89-MinNanda,529,70
89-MyinTawThar-1,89-MyinTawThar,530,1
89-MyinTawThar-2,89-MyinTawThar,526,2
89-MyinTawThar-3,89-MyinTawThar,521,3
89-MyinTawThar-4,89-MyinTawThar,528,4
89-MyinTawThar-5,89-MyinTawThar,516,5
89-MyinTawThar-6,89-MyinTawThar,520,6
89-MyinTawThar-7,89-MyinTawThar,500,7
89-MyinTawThar-8,89-MyinTawThar,455,8
89-MyinTawThar-9,89-MyinTawThar,464,9
89-MyinTawThar-10,89-MyinTawThar,465,10
89-MyinTawThar-11,89-MyinTawThar,462,11
89-MyinTawThar-12,89-MyinTawThar,1610,12
89-MyinTawThar-13,89-MyinTawThar,458,13
89-MyinTawThar-14,89-MyinTawThar,436,14
89-MyinTawThar-15,89-MyinTawThar,430,15
89-MyinTawThar-16,89-MyinTawThar,478,16
89-MyinTawThar-17,89-MyinTawThar,472,17
89-MyinTawThar-18,89-MyinTawThar,2219,18
89-MyinTawThar-19,89-MyinTawThar,418,19
89-MyinTawThar-20,89-MyinTawThar,162,20
89-MyinTawThar-21,89-MyinTawThar,155,21
89-MyinTawThar-22,89-MyinTawThar,147,22
89-MyinTawThar-23,89-MyinTawThar,151,23
89-MyinTawThar-24,89-MyinTawThar,139,24
89-MyinTawThar-25,89-MyinTawThar,129,25
89-MyinTawThar-26,89-MyinTawThar,132,26
89-MyinTawThar-27,89-MyinTawThar,123,27
89-MyinTawThar-28,89-MyinTawThar,119,28
89-MyinTawThar-29,89-MyinTawThar,112,29
89-MyinTawThar-30,89-MyinTawThar,115,30
89-MyinTawThar-31,89-MyinTawThar,102,31
89-MyinTawThar-32,89-MyinTawThar,103,32
89-MyinTawThar-33,89-MyinTawThar,90,33
89-MyinTawThar-34,89-MyinTawThar,88,34
89-MyinTawThar-35,89-MyinTawThar,91,35
89-MyinTawThar-36,89-MyinTawThar,240,36
89-MyinTawThar-37,89-MyinTawThar,242,37
89-MyinTawThar-38,89-MyinTawThar,252,38
89-MyinTawThar-39,89-MyinTawThar,259,39
89-MyinTawThar-40,89-MyinTawThar,250,40
89-MyinTawThar-41,89-MyinTawThar,256,41
89-MyinTawThar-42,89-MyinTawThar,247,42
89-MyinTawThar-43,89-MyinTawThar,244,43
89-MyinTawThar-44,89-MyinTawThar,97,44
89-MyinTawThar-45,89-MyinTawThar,95,45
89-MyinTawThar-46,89-MyinTawThar,93,46
89-MyinTawThar-47,89-MyinTawThar,99,47
89-MyinTawThar-48,89-MyinTawThar,109,48
89-MyinTawThar-49,89-MyinTawThar,2427,49
89-MyinTawThar-50,89-MyinTawThar,114,50
89-MyinTawThar-51,89-MyinTawThar,111,51
89-MyinTawThar-52,89-MyinTawThar,2354,52
89-MyinTawThar-53,89-MyinTawThar,121,53
89-MyinTawThar-54,89-MyinTawThar,134,54
89-MyinTawThar-55,89-MyinTawThar,131,55
89-MyinTawThar-56,89-MyinTawThar,143,56
89-MyinTawThar-57,89-MyinTawThar,152,57
89-MyinTawThar-58,89-MyinTawThar,149,58
89-MyinTawThar-59,89-MyinTawThar,146,59
89-MyinTawThar-60,89-MyinTawThar,159,60
89-MyinTawThar-61,89-MyinTawThar,157,61
89-MyinTawThar-62,89-MyinTawThar,416,62
89-MyinTawThar-63,89-MyinTawThar,2220,63
89-MyinTawThar-64,89-MyinTawThar,471,64
89-MyinTawThar-65,89-MyinTawThar,477,65
89-MyinTawThar-66,89-MyinTawThar,431,66
89-MyinTawThar-67,89-MyinTawThar,435,67
89-MyinTawThar-68,89-MyinTawThar,457,68
89-MyinTawThar-69,89-MyinTawThar,1611,69
89-MyinTawThar-70,89-MyinTawThar,461,70
89-MyinTawThar-71,89-MyinTawThar,466,71
89-MyinTawThar-72,89-MyinTawThar,463,72
89-MyinTawThar-73,89-MyinTawThar,456,73
89-MyinTawThar-74,89-MyinTawThar,499,74
89-MyinTawThar-75,89-MyinTawThar,519,75
89-MyinTawThar-76,89-MyinTawThar,515,76
89-MyinTawThar-77,89-MyinTawThar,527,77
89-MyinTawThar-78,89-MyinTawThar,522,78
89-MyinTawThar-79,89-MyinTawThar,525,79
89-MyinTawThar-80,89-MyinTawThar,529,80
9-1,9,2488,1
9-2,9,2487,2
9-3,9,639,3
9-4,9,643,4
9-5,9,559,5
9-6,9,2143,6
9-7,9,538,7
9-8,9,535,8
9-9,9,2159,9
9-10,9,530,10
9-11,9,526,11
9-12,9,521,12
9-13,9,524,13
9-14,9,398,14
9-15,9,404,15
9-16,9,405,16
9-17,9,2394,17
9-18,9,359,18
9-19,9,392,19
9-20,9,372,20
9-21,9,380,21
9-22,9,385,22
9-23,9,379,23
9-24,9,388,24
9-25,9,374,25
9-26,9,454,26
9-27,9,444,27
9-28,9,451,28
9-29,9,471,29
9-30,9,469,30
9-31,9,472,31
9-32,9,475,32
9-33,9,473,33
9-34,9,468,34
9-35,9,2482,35
9-36,9,396,36
9-37,9,2481,37
9-38,9,395,38
9-39,9,409,39
9-40,9,407,40
9-41,9,403,41
9-42,9,397,42
9-43,9,523,43
9-44,9,522,44
9-45,9,525,45
9-46,9,529,46
9-47,9,553,47
9-48,9,536,48
9-49,9,537,49
9-50,9,2144,50
9-51,9,558,51
9-52,9,642,52
9-53,9,638,53
9-54,9,2486,54
9-55,9,2489,55
90-1,90,1798,1
90-2,90,1796,2
90-3,90,1794,3
90-4,90,1792,4
90-5,90,1790,5
90-6,90,1788,6
90-7,90,1784,7
90-8,90,1782,8
90-9,90,1780,9
90-10,90,1778,10
90-11,90,1776,11
90-12,90,1774,12
90-13,90,1772,13
90-14,90,1770,14
90-15,90,1768,15
90-16,90,1766,16
90-17,90,1763,17
90-18,90,1762,18
90-19,90,1760,19
90-20,90,1758,20
90-21,90,1756,21
90-22,90,1754,22
90-23,90,1752,23
90-24,90,1750,24
90-25,90,1748,25
90-26,90,1746,26
90-27,90,1744,27
90-28,90,1742,28
90-29,90,1739,29
90-30,90,1738,30
90-31,90,1736,31
90-32,90,1734,32
90-33,90,1731,33
90-34,90,1729,34
90-35,90,1727,35
90-36,90,1724,36
90-37,90,1723,37
90-38,90,1721,38
90-39,90,1719,39
90-40,90,1717,40
90-41,90,1715,41
90-42,90,1713,42
90-43,90,1710,43
90-44,90,1708,44
90-45,90,1707,45
90-46,90,1705,46
90-47,90,1703,47
90-48,90,1701,48
90-49,90,1699,49
90-50,90,1697,50
90-51,90,1695,51
90-52,90,1693,52
90-53,90,1691,53
90-54,90,1687,54
90-55,90,1685,55
90-56,90,1683,56
90-57,90,1681,57
90-58,90,1679,58
90-59,90,1677,59
90-60,90,1675,60
90-61,90,1673,61
90-62,90,1671,62
90-63,90,1669,63
90-64,90,1667,64
90-65,90,1665,65
90-66,90,1662,66
90-67,90,1660,67
90-68,90,1659,68
90-69,90,1657,69
90-70,90,1655,70
90-71,90,1653,71
90-72,90,1650,72
90-73,90,1649,73
90-74,90,1646,74
90-75,90,1644,75
90-76,90,1487,76
90-77,90,2207,77
90-78,90,1468,78
90-79,90,63,79
90-80,90,1461,80
90-81,90,60,81
90-82,90,1475,82
90-83,90,1473,83
90-84,90,1484,84
90-85,90,1463,85
90-86,90,1467,86
90-87,90,1438,87
90-88,90,1447,88
90-89,90,1443,89
90-90,90,1426,90
90-91,90,58,91
90-92,90,1444,92
90-93,90,1414,93
90-94,90,1412,94
90-95,90,1408,95
90-96,90,1405,96
90-97,90,50,97
90-98,90,1410,98
90-99,90,1398,99
90-100,90,1062,100
90-101,90,1400,101
90-102,90,1393,102
90-103,90,1374,103
90-104,90,1372,104
90-105,90,46,105
90-106,90,2250,106
90-107,90,1339,107
90-108,90,1354,108
90-109,90,1352,109
90-110,90,2196,110
90-111,90,1345,111
90-112,90,1342,112
90-113,90,1313,113
90-114,90,1310,114
90-115,90,1253,115
90-116,90,1251,116
90-117,90,1223,117
90-118,90,1219,118
90-119,90,1218,119
90-120,90,1211,120
90-121,90,1180,121
90-122,90,1182,122
90-123,90,1171,123
90-124,90,1176,124
90-125,90,1174,125
90-126,90,288,126
90-127,90,290,127
90-128,90,295,128
90-129,90,284,129
90-130,90,279,130
90-131,90,300,131
90-132,90,250,132
90-133,90,256,133
90-134,90,247,134
90-135,90,244,135
90-136,90,97,136
90-137,90,95,137
90-138,90,93,138
90-139,90,99,139
90-140,90,109,140
90-141,90,2428,141
90-142,90,110,142
90-143,90,100,143
90-144,90,94,144
90-145,90,96,145
90-146,90,98,146
90-147,90,245,147
90-148,90,246,148
90-149,90,257,149
90-150,90,251,150
90-151,90,299,151
90-152,90,280,152
90-153,90,283,153
90-154,90,296,154
90-155,90,289,155
90-156,90,287,156
90-157,90,1175,157
90-158,90,1177,158
90-159,90,1170,159
90-160,90,1181,160
90-161,90,1179,161
90-162,90,1212,162
90-163,90,1217,163
90-164,90,2392,164
90-165,90,2402,165
90-166,90,1250,166
90-167,90,1252,167
90-168,90,1311,168
90-169,90,1312,169
90-170,90,1341,170
90-171,90,1346,171
90-172,90,2195,172
90-173,90,1351,173
90-174,90,1353,174
90-175,90,1340,175
90-176,90,2251,176
90-177,90,45,177
90-178,90,1371,178
90-179,90,1373,179
90-180,90,1394,180
90-181,90,1399,181
90-182,90,1061,182
90-183,90,1397,183
90-184,90,1409,184
90-185,90,49,185
90-186,90,1406,186
90-187,90,1407,187
90-188,90,1411,188
90-189,90,1413,189
90-190,90,1445,190
90-191,90,57,191
90-192,90,1427,192
90-193,90,1442,193
90-194,90,1446,194
90-195,90,1439,195
90-196,90,1466,196
90-197,90,1462,197
90-198,90,1485,198
90-199,90,1472,199
90-200,90,1474,200
90-201,90,59,201
90-202,90,1460,202
90-203,90,64,203
90-204,90,1469,204
90-205,90,2206,205
90-206,90,1486,206
90-207,90,1645,207
90-208,90,1647,208
90-209,90,1648,209
90-210,90,1651,210
90-211,90,1652,211
90-212,90,1654,212
90-213,90,1656,213
90-214,90,1658,214
90-215,90,1661,215
90-216,90,1663,216
90-217,90,1664,217
90-218,90,1666,218
90-219,90,1668,219
90-220,90,1670,220
90-221,90,1672,221
90-222,90,1674,222
90-223,90,1676,223
90-224,90,1678,224
90-225,90,1680,225
90-226,90,1682,226
90-227,90,1684,227
90-228,90,1686,228
90-229,90,1690,229
90-230,90,1692,230
90-231,90,1694,231
90-232,90,1696,232
90-233,90,1698,233
90-234,90,1700,234
90-235,90,1702,235
90-236,90,1704,236
90-237,90,1706,237
90-238,90,1709,238
90-239,90,1711,239
90-240,90,1712,240
90-241,90,1714,241
90-242,90,1716,242
90-243,90,1718,243
90-244,90,1720,244
90-245,90,1722,245
90-246,90,1725,246
90-247,90,1726,247
90-248,90,1728,248
90-249,90,1730,249
90-250,90,1733,250
90-251,90,1735,251
90-252,90,1737,252
90-253,90,1740,253
90-254,90,1741,254
90-255,90,1743,255
90-256,90,1745,256
90-257,90,1747,257
90-258,90,1749,258
90-259,90,1751,259
90-260,90,1753,260
90-261,90,1755,261
90-262,90,1757,262
90-263,90,1759,263
90-264,90,1761,264
90-265,90,1764,265
90-266,90,1765,266
90-267,90,1767,267
90-268,90,1769,268
90-269,90,1771,269
90-270,90,1773,270
90-271,90,1775,271
90-272,90,1777,272
90-273,90,1779,273
90-274,90,1781,274
90-275,90,1783,275
90-276,90,1787,276
90-277,90,1789,277
90-278,90,1791,278
90-279,90,1793,279
90-280,90,1795,280
90-281,90,1797,281
91-1,91,1798,1
91-2,91,1796,2
91-3,91,1794,3
91-4,91,1792,4
91-5,91,1790,5
91-6,91,1788,6
91-7,91,1784,7
91-8,91,1782,8
91-9,91,1780,9
91-10,91,1778,10
91-11,91,1776,11
91-12,91,1774,12
91-13,91,1772,13
91-14,91,1770,14
91-15,91,1768,15
91-16,91,1766,16
91-17,91,1763,17
91-18,91,1762,18
91-19,91,1760,19
91-20,91,1758,20
91-21,91,1756,21
91-22,91,1754,22
91-23,91,1752,23
91-24,91,1750,24
91-25,91,1748,25
91-26,91,1746,26
91-27,91,1744,27
91-28,91,1742,28
91-29,91,1740,29
91-30,91,1738,30
91-31,91,1736,31
91-32,91,1734,32
91-33,91,1731,33
91-34,91,1729,34
91-35,91,1727,35
91-36,91,1724,36
91-37,91,1723,37
91-38,91,1721,38
91-39,91,1719,39
91-40,91,1717,40
91-41,91,1715,41
91-42,91,1713,42
91-43,91,1710,43
91-44,91,1708,44
91-45,91,1707,45
91-46,91,1705,46
91-47,91,1703,47
91-48,91,1700,48
91-49,91,1699,49
91-50,91,1697,50
91-51,91,1695,51
91-52,91,1693,52
91-53,91,1691,53
91-54,91,1687,54
91-55,91,1685,55
91-56,91,1683,56
91-57,91,1681,57
91-58,91,1679,58
91-59,91,1676,59
91-60,91,1675,60
91-61,91,1673,61
91-62,91,1671,62
91-63,91,1669,63
91-64,91,1667,64
91-65,91,1665,65
91-66,91,1662,66
91-67,91,1660,67
91-68,91,1659,68
91-69,91,1657,69
91-70,91,1655,70
91-71,91,1652,71
91-72,91,1650,72
91-73,91,1649,73
91-74,91,1646,74
91-75,91,1644,75
91-76,91,1487,76
91-77,91,2207,77
91-78,91,1468,78
91-79,91,63,79
91-80,91,1461,80
91-81,91,60,81
91-82,91,1474,82
91-83,91,1473,83
91-84,91,1484,84
91-85,91,1463,85
91-86,91,1467,86
91-87,91,1438,87
91-88,91,1447,88
91-89,91,1443,89
91-90,91,1426,90
91-91,91,58,91
91-92,91,1444,92
91-93,91,1414,93
91-94,91,1412,94
91-95,91,1408,95
91-96,91,1405,96
91-97,91,50,97
91-98,91,1410,98
91-99,91,1396,99
91-100,91,1403,100
91-101,91,1401,101
91-102,91,2397,102
91-103,91,1419,103
91-104,91,1416,104
91-105,91,590,105
91-106,91,1423,106
91-107,91,1420,107
91-108,91,1424,108
91-109,91,51,109
91-110,91,1450,110
91-111,91,1448,111
91-112,91,1458,112
91-113,91,1454,113
91-114,91,1453,114
91-115,91,1457,115
91-116,91,1428,116
91-117,91,55,117
91-118,91,1440,118
91-119,91,1432,119
91-120,91,1464,120
91-121,91,1479,121
91-122,91,1482,122
91-123,91,1476,123
91-124,91,1480,124
91-125,91,61,125
91-126,91,1471,126
91-127,91,65,127
91-128,91,1469,128
91-129,91,2206,129
91-130,91,1486,130
91-131,91,1645,131
91-132,91,1647,132
91-133,91,1648,133
91-134,91,1651,134
91-135,91,1653,135
91-136,91,1654,136
91-137,91,1656,137
91-138,91,1658,138
91-139,91,1661,139
91-140,91,1663,140
91-141,91,1664,141
91-142,91,1666,142
91-143,91,1668,143
91-144,91,1670,144
91-145,91,1672,145
91-146,91,1674,146
91-147,91,1677,147
91-148,91,1678,148
91-149,91,1680,149
91-150,91,1682,150
91-151,91,1684,151
91-152,91,1686,152
91-153,91,1690,153
91-154,91,1692,154
91-155,91,1694,155
91-156,91,1696,156
91-157,91,1698,157
91-158,91,1701,158
91-159,91,1702,159
91-160,91,1704,160
91-161,91,1706,161
91-162,91,1709,162
91-163,91,1711,163
91-164,91,1712,164
91-165,91,1714,165
91-166,91,1716,166
91-167,91,1718,167
91-168,91,1720,168
91-169,91,1722,169
91-170,91,1725,170
91-171,91,1726,171
91-172,91,1728,172
91-173,91,1730,173
91-174,91,1733,174
91-175,91,1735,175
91-176,91,1737,176
91-177,91,1739,177
91-178,91,1741,178
91-179,91,1743,179
91-180,91,1745,180
91-181,91,1747,181
91-182,91,1749,182
91-183,91,1751,183
91-184,91,1753,184
91-185,91,1755,185
91-186,91,1757,186
91-187,91,1759,187
91-188,91,1761,188
91-189,91,1764,189
91-190,91,1765,190
91-191,91,1767,191
91-192,91,1769,192
91-193,91,1771,193
91-194,91,1773,194
91-195,91,1775,195
91-196,91,1777,196
91-197,91,1779,197
91-198,91,1781,198
91-199,91,1783,199
91-200,91,1787,200
91-201,91,1789,201
91-202,91,1791,202
91-203,91,1793,203
91-204,91,1795,204
91-205,91,1797,205
92-KhayMarThi-1,92-KhayMarThi,1971,1
92-KhayMarThi-2,92-KhayMarThi,2207,2
92-KhayMarThi-3,92-KhayMarThi,1468,3
92-KhayMarThi-4,92-KhayMarThi,65,4
92-KhayMarThi-5,92-KhayMarThi,1470,5
92-KhayMarThi-6,92-KhayMarThi,62,6
92-KhayMarThi-7,92-KhayMarThi,1481,7
92-KhayMarThi-8,92-KhayMarThi,1477,8
92-KhayMarThi-9,92-KhayMarThi,1483,9
92-KhayMarThi-10,92-KhayMarThi,1478,10
92-KhayMarThi-11,92-KhayMarThi,1464,11
92-KhayMarThi-12,92-KhayMarThi,1433,12
92-KhayMarThi-13,92-KhayMarThi,1441,13
92-KhayMarThi-14,92-KhayMarThi,56,14
92-KhayMarThi-15,92-KhayMarThi,1429,15
92-KhayMarThi-16,92-KhayMarThi,1456,16
92-KhayMarThi-17,92-KhayMarThi,1452,17
92-KhayMarThi-18,92-KhayMarThi,1455,18
92-KhayMarThi-19,92-KhayMarThi,1459,19
92-KhayMarThi-20,92-KhayMarThi,1449,20
92-KhayMarThi-21,92-KhayMarThi,1451,21
92-KhayMarThi-22,92-KhayMarThi,52,22
92-KhayMarThi-23,92-KhayMarThi,1425,23
92-KhayMarThi-24,92-KhayMarThi,1421,24
92-KhayMarThi-25,92-KhayMarThi,1422,25
92-KhayMarThi-26,92-KhayMarThi,589,26
92-KhayMarThi-27,92-KhayMarThi,1415,27
92-KhayMarThi-28,92-KhayMarThi,1417,28
92-KhayMarThi-29,92-KhayMarThi,814,29
92-KhayMarThi-30,92-KhayMarThi,812,30
92-KhayMarThi-31,92-KhayMarThi,809,31
92-KhayMarThi-32,92-KhayMarThi,819,32
92-KhayMarThi-33,92-KhayMarThi,2401,33
92-KhayMarThi-34,92-KhayMarThi,850,34
92-KhayMarThi-35,92-KhayMarThi,2181,35
92-KhayMarThi-36,92-KhayMarThi,806,36
92-KhayMarThi-37,92-KhayMarThi,796,37
92-KhayMarThi-38,92-KhayMarThi,799,38
92-KhayMarThi-39,92-KhayMarThi,808,39
92-KhayMarThi-40,92-KhayMarThi,802,40
92-KhayMarThi-41,92-KhayMarThi,798,41
92-KhayMarThi-42,92-KhayMarThi,892,42
92-KhayMarThi-43,92-KhayMarThi,888,43
92-KhayMarThi-44,92-KhayMarThi,886,44
92-KhayMarThi-45,92-KhayMarThi,890,45
92-KhayMarThi-46,92-KhayMarThi,1276,46
92-KhayMarThi-47,92-KhayMarThi,1272,47
92-KhayMarThi-48,92-KhayMarThi,1279,48
92-KhayMarThi-49,92-KhayMarThi,1283,49
92-KhayMarThi-50,92-KhayMarThi,1287,50
92-KhayMarThi-51,92-KhayMarThi,1289,51
92-KhayMarThi-52,92-KhayMarThi,2124,52
92-KhayMarThi-53,92-KhayMarThi,1078,53
92-KhayMarThi-54,92-KhayMarThi,2128,54
92-KhayMarThi-55,92-KhayMarThi,1082,55
92-KhayMarThi-56,92-KhayMarThi,2146,56
92-KhayMarThi-57,92-KhayMarThi,1086,57
92-KhayMarThi-58,92-KhayMarThi,2126,58
92-KhayMarThi-59,92-KhayMarThi,1089,59
92-KhayMarThi-60,92-KhayMarThi,2403,60
92-KhayMarThi-61,92-KhayMarThi,633,61
92-KhayMarThi-62,92-KhayMarThi,634,62
92-KhayMarThi-63,92-KhayMarThi,2160,63
92-KhayMarThi-64,92-KhayMarThi,597,64
92-KhayMarThi-65,92-KhayMarThi,609,65
92-KhayMarThi-66,92-KhayMarThi,602,66
92-KhayMarThi-67,92-KhayMarThi,616,67
92-KhayMarThi-68,92-KhayMarThi,367,68
92-KhayMarThi-69,92-KhayMarThi,368,69
92-KhayMarThi-70,92-KhayMarThi,366,70
92-KhayMarThi-71,92-KhayMarThi,615,71
92-KhayMarThi-72,92-KhayMarThi,601,72
92-KhayMarThi-73,92-KhayMarThi,610,73
92-KhayMarThi-74,92-KhayMarThi,598,74
92-KhayMarThi-75,92-KhayMarThi,2161,75
92-KhayMarThi-76,92-KhayMarThi,635,76
92-KhayMarThi-77,92-KhayMarThi,632,77
92-KhayMarThi-78,92-KhayMarThi,613,78
92-KhayMarThi-79,92-KhayMarThi,1090,79
92-KhayMarThi-80,92-KhayMarThi,1088,80
92-KhayMarThi-81,92-KhayMarThi,1087,81
92-KhayMarThi-82,92-KhayMarThi,2129,82
92-KhayMarThi-83,92-KhayMarThi,1083,83
92-KhayMarThi-84,92-KhayMarThi,2127,84
92-KhayMarThi-85,92-KhayMarThi,1079,85
92-KhayMarThi-86,92-KhayMarThi,1075,86
92-KhayMarThi-87,92-KhayMarThi,1288,87
92-KhayMarThi-88,92-KhayMarThi,1286,88
92-KhayMarThi-89,92-KhayMarThi,1282,89
92-KhayMarThi-90,92-KhayMarThi,1278,90
92-KhayMarThi-91,92-KhayMarThi,1273,91
92-KhayMarThi-92,92-KhayMarThi,1277,92
92-KhayMarThi-93,92-KhayMarThi,889,93
92-KhayMarThi-94,92-KhayMarThi,885,94
92-KhayMarThi-95,92-KhayMarThi,887,95
92-KhayMarThi-96,92-KhayMarThi,891,96
92-KhayMarThi-97,92-KhayMarThi,797,97
92-KhayMarThi-98,92-KhayMarThi,801,98
92-KhayMarThi-99,92-KhayMarThi,807,99
92-KhayMarThi-100,92-KhayMarThi,800,100
92-KhayMarThi-101,92-KhayMarThi,795,101
92-KhayMarThi-102,92-KhayMarThi,805,102
92-KhayMarThi-103,92-KhayMarThi,867,103
92-KhayMarThi-104,92-KhayMarThi,848,104
92-KhayMarThi-105,92-KhayMarThi,1823,105
92-KhayMarThi-106,92-KhayMarThi,818,106
92-KhayMarThi-107,92-KhayMarThi,810,107
92-KhayMarThi-108,92-KhayMarThi,813,108
92-KhayMarThi-109,92-KhayMarThi,815,109
92-KhayMarThi-110,92-KhayMarThi,1419,110
92-KhayMarThi-111,92-KhayMarThi,1416,111
92-KhayMarThi-112,92-KhayMarThi,590,112
92-KhayMarThi-113,92-KhayMarThi,1423,113
92-KhayMarThi-114,92-KhayMarThi,1420,114
92-KhayMarThi-115,92-KhayMarThi,1424,115
92-KhayMarThi-116,92-KhayMarThi,51,116
92-KhayMarThi-117,92-KhayMarThi,1450,117
92-KhayMarThi-118,92-KhayMarThi,1448,118
92-KhayMarThi-119,92-KhayMarThi,1458,119
92-KhayMarThi-120,92-KhayMarThi,1454,120
92-KhayMarThi-121,92-KhayMarThi,1453,121
92-KhayMarThi-122,92-KhayMarThi,1457,122
92-KhayMarThi-123,92-KhayMarThi,1428,123
92-KhayMarThi-124,92-KhayMarThi,55,124
92-KhayMarThi-125,92-KhayMarThi,1440,125
92-KhayMarThi-126,92-KhayMarThi,1432,126
92-KhayMarThi-127,92-KhayMarThi,1465,127
92-KhayMarThi-128,92-KhayMarThi,1479,128
92-KhayMarThi-129,92-KhayMarThi,1482,129
92-KhayMarThi-130,92-KhayMarThi,1476,130
92-KhayMarThi-131,92-KhayMarThi,1480,131
92-KhayMarThi-132,92-KhayMarThi,61,132
92-KhayMarThi-133,92-KhayMarThi,1471,133
92-KhayMarThi-134,92-KhayMarThi,66,134
92-KhayMarThi-135,92-KhayMarThi,1469,135
92-KhayMarThi-136,92-KhayMarThi,2206,136
92-KhayMarThi-137,92-KhayMarThi,1970,137
92-Thudhamma-1,92-Thudhamma,1971,1
92-Thudhamma-2,92-Thudhamma,2207,2
92-Thudhamma-3,92-Thudhamma,1468,3
92-Thudhamma-4,92-Thudhamma,65,4
92-Thudhamma-5,92-Thudhamma,1470,5
92-Thudhamma-6,92-Thudhamma,62,6
92-Thudhamma-7,92-Thudhamma,1481,7
92-Thudhamma-8,92-Thudhamma,1477,8
92-Thudhamma-9,92-Thudhamma,1483,9
92-Thudhamma-10,92-Thudhamma,1478,10
92-Thudhamma-11,92-Thudhamma,1464,11
92-Thudhamma-12,92-Thudhamma,1433,12
92-Thudhamma-13,92-Thudhamma,1441,13
92-Thudhamma-14,92-Thudhamma,56,14
92-Thudhamma-15,92-Thudhamma,1429,15
92-Thudhamma-16,92-Thudhamma,1456,16
92-Thudhamma-17,92-Thudhamma,1452,17
92-Thudhamma-18,92-Thudhamma,1455,18
92-Thudhamma-19,92-Thudhamma,1459,19
92-Thudhamma-20,92-Thudhamma,1449,20
92-Thudhamma-21,92-Thudhamma,1451,21
92-Thudhamma-22,92-Thudhamma,52,22
92-Thudhamma-23,92-Thudhamma,1425,23
92-Thudhamma-24,92-Thudhamma,1421,24
92-Thudhamma-25,92-Thudhamma,1422,25
92-Thudhamma-26,92-Thudhamma,589,26
92-Thudhamma-27,92-Thudhamma,1415,27
92-Thudhamma-28,92-Thudhamma,1417,28
92-Thudhamma-29,92-Thudhamma,814,29
92-Thudhamma-30,92-Thudhamma,812,30
92-Thudhamma-31,92-Thudhamma,809,31
92-Thudhamma-32,92-Thudhamma,819,32
92-Thudhamma-33,92-Thudhamma,2401,33
92-Thudhamma-34,92-Thudhamma,850,34
92-Thudhamma-35,92-Thudhamma,858,35
92-Thudhamma-36,92-Thudhamma,843,36
92-Thudhamma-37,92-Thudhamma,864,37
92-Thudhamma-38,92-Thudhamma,866,38
92-Thudhamma-39,92-Thudhamma,862,39
92-Thudhamma-40,92-Thudhamma,883,40
92-Thudhamma-41,92-Thudhamma,888,41
92-Thudhamma-42,92-Thudhamma,886,42
92-Thudhamma-43,92-Thudhamma,890,43
92-Thudhamma-44,92-Thudhamma,1276,44
92-Thudhamma-45,92-Thudhamma,1272,45
92-Thudhamma-46,92-Thudhamma,1279,46
92-Thudhamma-47,92-Thudhamma,1283,47
92-Thudhamma-48,92-Thudhamma,1287,48
92-Thudhamma-49,92-Thudhamma,1289,49
92-Thudhamma-50,92-Thudhamma,2124,50
92-Thudhamma-51,92-Thudhamma,1078,51
92-Thudhamma-52,92-Thudhamma,2128,52
92-Thudhamma-53,92-Thudhamma,1082,53
92-Thudhamma-54,92-Thudhamma,2146,54
92-Thudhamma-55,92-Thudhamma,1086,55
92-Thudhamma-56,92-Thudhamma,2126,56
92-Thudhamma-57,92-Thudhamma,1089,57
92-Thudhamma-58,92-Thudhamma,2403,58
92-Thudhamma-59,92-Thudhamma,633,59
92-Thudhamma-60,92-Thudhamma,634,60
92-Thudhamma-61,92-Thudhamma,2160,61
92-Thudhamma-62,92-Thudhamma,597,62
92-Thudhamma-63,92-Thudhamma,609,63
92-Thudhamma-64,92-Thudhamma,602,64
92-Thudhamma-65,92-Thudhamma,616,65
92-Thudhamma-66,92-Thudhamma,367,66
92-Thudhamma-67,92-Thudhamma,366,67
92-Thudhamma-68,92-Thudhamma,615,68
92-Thudhamma-69,92-Thudhamma,601,69
92-Thudhamma-70,92-Thudhamma,610,70
92-Thudhamma-71,92-Thudhamma,598,71
92-Thudhamma-72,92-Thudhamma,2161,72
92-Thudhamma-73,92-Thudhamma,635,73
92-Thudhamma-74,92-Thudhamma,632,74
92-Thudhamma-75,92-Thudhamma,613,75
92-Thudhamma-76,92-Thudhamma,1090,76
92-Thudhamma-77,92-Thudhamma,1088,77
92-Thudhamma-78,92-Thudhamma,1087,78
92-Thudhamma-79,92-Thudhamma,2129,79
92-Thudhamma-80,92-Thudhamma,1083,80
92-Thudhamma-81,92-Thudhamma,2127,81
92-Thudhamma-82,92-Thudhamma,1079,82
92-Thudhamma-83,92-Thudhamma,1075,83
92-Thudhamma-84,92-Thudhamma,1288,84
92-Thudhamma-85,92-Thudhamma,1286,85
92-Thudhamma-86,92-Thudhamma,1282,86
92-Thudhamma-87,92-Thudhamma,1278,87
92-Thudhamma-88,92-Thudhamma,1273,88
92-Thudhamma-89,92-Thudhamma,1277,89
92-Thudhamma-90,92-Thudhamma,889,90
92-Thudhamma-91,92-Thudhamma,885,91
92-Thudhamma-92,92-Thudhamma,887,92
92-Thudhamma-93,92-Thudhamma,882,93
92-Thudhamma-94,92-Thudhamma,861,94
92-Thudhamma-95,92-Thudhamma,865,95
92-Thudhamma-96,92-Thudhamma,863,96
92-Thudhamma-97,92-Thudhamma,842,97
92-Thudhamma-98,92-Thudhamma,857,98
92-Thudhamma-99,92-Thudhamma,848,99
92-Thudhamma-100,92-Thudhamma,1823,100
92-Thudhamma-101,92-Thudhamma,818,101
92-Thudhamma-102,92-Thudhamma,810,102
92-Thudhamma-103,92-Thudhamma,813,103
92-Thudhamma-104,92-Thudhamma,815,104
92-Thudhamma-105,92-Thudhamma,1419,105
92-Thudhamma-106,92-Thudhamma,1416,106
92-Thudhamma-107,92-Thudhamma,590,107
92-Thudhamma-108,92-Thudhamma,1423,108
92-Thudhamma-109,92-Thudhamma,1420,109
92-Thudhamma-110,92-Thudhamma,1424,110
92-Thudhamma-111,92-Thudhamma,51,111
92-Thudhamma-112,92-Thudhamma,1450,112
92-Thudhamma-113,92-Thudhamma,1448,113
92-Thudhamma-114,92-Thudhamma,1458,114
92-Thudhamma-115,92-Thudhamma,1454,115
92-Thudhamma-116,92-Thudhamma,1453,116
92-Thudhamma-117,92-Thudhamma,1457,117
92-Thudhamma-118,92-Thudhamma,1428,118
92-Thudhamma-119,92-Thudhamma,55,119
92-Thudhamma-120,92-Thudhamma,1440,120
92-Thudhamma-121,92-Thudhamma,1432,121
92-Thudhamma-122,92-Thudhamma,1465,122
92-Thudhamma-123,92-Thudhamma,1479,123
92-Thudhamma-124,92-Thudhamma,1482,124
92-Thudhamma-125,92-Thudhamma,1476,125
92-Thudhamma-126,92-Thudhamma,1480,126
92-Thudhamma-127,92-Thudhamma,61,127
92-Thudhamma-128,92-Thudhamma,1471,128
92-Thudhamma-129,92-Thudhamma,66,129
92-Thudhamma-130,92-Thudhamma,1469,130
92-Thudhamma-131,92-Thudhamma,2206,131
92-Thudhamma-132,92-Thudhamma,1970,132
93-1,93,2120,1
93-2,93,1094,2
93-3,93,2362,3
93-4,93,1102,4
93-5,93,2246,5
93-6,93,1375,6
93-7,93,79,7
93-8,93,1502,8
93-9,93,74,9
93-10,93,1392,10
93-11,93,1385,11
93-12,93,1387,12
93-13,93,1389,13
93-14,93,48,14
93-15,93,1395,15
93-16,93,1403,16
93-17,93,1401,17
93-18,93,2397,18
93-19,93,1418,19
93-20,93,815,20
93-21,93,813,21
93-22,93,809,22
93-23,93,819,23
93-24,93,2401,24
93-25,93,850,25
93-26,93,858,26
93-27,93,843,27
93-28,93,864,28
93-29,93,866,29
93-30,93,862,30
93-31,93,883,31
93-32,93,888,32
93-33,93,886,33
93-34,93,890,34
93-35,93,1275,35
93-36,93,1821,36
93-37,93,2494,37
93-38,93,2453,38
93-39,93,2496,39
93-40,93,2457,40
93-41,93,2500,41
93-42,93,2459,42
93-43,93,2503,43
93-44,93,2461,44
93-45,93,2463,45
93-46,93,2465,46
93-47,93,571,47
93-48,93,359,48
93-49,93,392,49
93-50,93,377,50
93-51,93,371,51
93-52,93,390,52
93-53,93,441,53
93-54,93,439,54
93-55,93,450,55
93-56,93,448,56
93-57,93,175,57
93-58,93,158,58
93-59,93,148,59
93-60,93,145,60
93-61,93,195,61
93-62,93,194,62
93-63,93,174,63
93-64,93,176,64
93-65,93,156,65
93-66,93,447,66
93-67,93,449,67
93-68,93,440,68
93-69,93,442,69
93-70,93,389,70
93-71,93,370,71
93-72,93,376,72
93-73,93,391,73
93-74,93,358,74
93-75,93,572,75
93-76,93,2466,76
93-77,93,2464,77
93-78,93,2462,78
93-79,93,2502,79
93-80,93,2460,80
93-81,93,2501,81
93-82,93,2458,82
93-83,93,2497,83
93-84,93,2454,84
93-85,93,2495,85
93-86,93,1281,86
93-87,93,1274,87
93-88,93,889,88
93-89,93,885,89
93-90,93,887,90
93-91,93,882,91
93-92,93,861,92
93-93,93,865,93
93-94,93,863,94
93-95,93,842,95
93-96,93,857,96
93-97,93,848,97
93-98,93,1823,98
93-99,93,818,99
93-100,93,810,100
93-101,93,812,101
93-102,93,814,102
93-103,93,1417,103
93-104,93,2396,104
93-105,93,1402,105
93-106,93,1404,106
93-107,93,1396,107
93-108,93,47,108
93-109,93,1390,109
93-110,93,1388,110
93-111,93,1386,111
93-112,93,1391,112
93-113,93,73,113
93-114,93,1503,114
93-115,93,80,115
93-116,93,1376,116
93-117,93,2245,117
93-118,93,1101,118
93-119,93,2436,119
93-120,93,2121,120
94-1,94,1601,1
94-2,94,1596,2
94-3,94,1600,3
94-4,94,2249,4
94-5,94,68,5
94-6,94,1493,6
94-7,94,1496,7
94-8,94,1491,8
94-9,94,1489,9
94-10,94,1495,10
94-11,94,1499,11
94-12,94,72,12
94-13,94,1517,13
94-14,94,1518,14
94-15,94,1509,15
94-16,94,1506,16
94-17,94,1511,17
94-18,94,1513,18
94-19,94,1515,19
94-20,94,70,20
94-21,94,1379,21
94-22,94,1383,22
94-23,94,1377,23
94-24,94,1382,24
94-25,94,41,25
94-26,94,1363,26
94-27,94,1355,27
94-28,94,43,28
94-29,94,1360,29
94-30,94,1365,30
94-31,94,1367,31
94-32,94,1370,32
94-33,94,1350,33
94-34,94,1348,34
94-35,94,1345,35
94-36,94,1317,36
94-37,94,2199,37
94-38,94,1199,38
94-39,94,1206,39
94-40,94,1203,40
94-41,94,1173,41
94-42,94,1169,42
94-43,94,2197,43
94-44,94,2198,44
94-45,94,282,45
94-46,94,293,46
94-47,94,297,47
94-48,94,312,48
94-49,94,284,49
94-50,94,279,50
94-51,94,300,51
94-52,94,250,52
94-53,94,256,53
94-54,94,247,54
94-55,94,244,55
94-56,94,97,56
94-57,94,95,57
94-58,94,93,58
94-59,94,99,59
94-60,94,109,60
94-61,94,108,61
94-62,94,1814,62
94-63,94,190,63
94-64,94,189,64
94-65,94,191,65
94-66,94,195,66
94-67,94,194,67
94-68,94,144,68
94-69,94,138,69
94-70,94,137,70
94-71,94,130,71
94-72,94,133,72
94-73,94,126,73
94-74,94,110,74
94-75,94,100,75
94-76,94,94,76
94-77,94,96,77
94-78,94,98,78
94-79,94,245,79
94-80,94,246,80
94-81,94,257,81
94-82,94,251,82
94-83,94,299,83
94-84,94,280,84
94-85,94,283,85
94-86,94,311,86
94-87,94,298,87
94-88,94,294,88
94-89,94,281,89
94-90,94,1178,90
94-91,94,1185,91
94-92,94,1168,92
94-93,94,1172,93
94-94,94,1204,94
94-95,94,1205,95
94-96,94,1198,96
94-97,94,1202,97
94-98,94,1316,98
94-99,94,1346,99
94-100,94,1347,100
94-101,94,1349,101
94-102,94,1369,102
94-103,94,1368,103
94-104,94,1366,104
94-105,94,1359,105
94-106,94,1361,106
94-107,94,44,107
94-108,94,1356,108
94-109,94,1364,109
94-110,94,42,110
94-111,94,1381,111
94-112,94,1378,112
94-113,94,1384,113
94-114,94,1380,114
94-115,94,69,115
94-116,94,1514,116
94-117,94,1512,117
94-118,94,1510,118
94-119,94,1507,119
94-120,94,1508,120
94-121,94,1519,121
94-122,94,1516,122
94-123,94,71,123
94-124,94,1498,124
94-125,94,1494,125
94-126,94,1488,126
94-127,94,1490,127
94-128,94,1497,128
94-129,94,1492,129
94-130,94,67,130
94-131,94,1594,131
94-132,94,1599,132
94-133,94,1595,133
94-134,94,1602,134
95-1,95,1879,1
95-2,95,2467,2
95-3,95,1876,3
95-4,95,1874,4
95-5,95,1872,5
95-6,95,1870,6
95-7,95,1868,7
95-8,95,1866,8
95-9,95,1864,9
95-10,95,1862,10
95-11,95,1860,11
95-12,95,1858,12
95-13,95,1856,13
95-14,95,1854,14
95-15,95,1852,15
95-16,95,1850,16
95-17,95,1848,17
95-18,95,2118,18
95-19,95,1846,19
95-20,95,1844,20
95-21,95,1842,21
95-22,95,1840,22
95-23,95,1838,23
95-24,95,1836,24
95-25,95,1834,25
95-26,95,1832,26
95-27,95,1830,27
95-28,95,1828,28
95-29,95,1826,29
95-30,95,1825,30
95-31,95,1634,31
95-32,95,1632,32
95-33,95,1630,33
95-34,95,1812,34
95-35,95,1643,35
95-36,95,1810,36
95-37,95,1619,37
95-38,95,508,38
95-39,95,549,39
95-40,95,547,40
95-41,95,546,41
95-42,95,552,42
95-43,95,2159,43
95-44,95,530,44
95-45,95,526,45
95-46,95,524,46
95-47,95,398,47
95-48,95,404,48
95-49,95,2394,49
95-50,95,359,50
95-51,95,392,51
95-52,95,372,52
95-53,95,380,53
95-54,95,385,54
95-55,95,379,55
95-56,95,2468,56
95-57,95,183,57
95-58,95,453,58
95-59,95,375,59
95-60,95,387,60
95-61,95,378,61
95-62,95,384,62
95-63,95,381,63
95-64,95,373,64
95-65,95,391,65
95-66,95,358,66
95-67,95,2393,67
95-68,95,406,68
95-69,95,403,69
95-70,95,397,70
95-71,95,523,71
95-72,95,525,72
95-73,95,529,73
95-74,95,553,74
95-75,95,551,75
95-76,95,545,76
95-77,95,550,77
95-78,95,507,78
95-79,95,1618,79
95-80,95,1811,80
95-81,95,541,81
95-82,95,1813,82
95-83,95,1629,83
95-84,95,1631,84
95-85,95,1633,85
95-86,95,1824,86
95-87,95,1827,87
95-88,95,1829,88
95-89,95,1831,89
95-90,95,1833,90
95-91,95,1835,91
95-92,95,1837,92
95-93,95,1839,93
95-94,95,1841,94
95-95,95,1843,95
95-96,95,1845,96
95-97,95,1847,97
95-98,95,2119,98
95-99,95,1849,99
95-100,95,1851,100
95-101,95,1853,101
95-102,95,1855,102
95-103,95,1857,103
95-104,95,1859,104
95-105,95,1861,105
95-106,95,1863,106
95-107,95,1865,107
95-108,95,1867,108
95-109,95,1869,109
95-110,95,1871,110
95-111,95,1873,111
95-112,95,1875,112
95-113,95,1877,113
95-114,95,1878,114
96-1,96,1601,1
96-2,96,1596,2
96-3,96,1600,3
96-4,96,1594,4
96-5,96,68,5
96-6,96,1493,6
96-7,96,1496,7
96-8,96,1491,8
96-9,96,1489,9
96-10,96,1495,10
96-11,96,1499,11
96-12,96,72,12
96-13,96,1517,13
96-14,96,1518,14
96-15,96,1509,15
96-16,96,1506,16
96-17,96,1511,17
96-18,96,1513,18
96-19,96,1515,19
96-20,96,74,20
96-21,96,1392,21
96-22,96,1385,22
96-23,96,1387,23
96-24,96,1389,24
96-25,96,48,25
96-26,96,1398,26
96-27,96,1062,27
96-28,96,1400,28
96-29,96,1393,29
96-30,96,1374,30
96-31,96,1372,31
96-32,96,46,32
96-33,96,1297,33
96-34,96,1294,34
96-35,96,39,35
96-36,96,1301,36
96-37,96,1299,37
96-38,96,1258,38
96-39,96,1260,39
96-40,96,1269,40
96-41,96,1262,41
96-42,96,1820,42
96-43,96,1818,43
96-44,96,1239,44
96-45,96,1817,45
96-46,96,1815,46
96-47,96,1248,47
96-48,96,2125,48
96-49,96,304,49
96-50,96,16,50
96-51,96,1076,51
96-52,96,1067,52
96-53,96,2132,53
96-54,96,15,54
96-55,96,12,55
96-56,96,1053,56
96-57,96,2131,57
96-58,96,369,58
96-59,96,366,59
96-60,96,615,60
96-61,96,601,61
96-62,96,610,62
96-63,96,598,63
96-64,96,2161,64
96-65,96,635,65
96-66,96,630,66
96-67,96,626,67
96-68,96,637,68
96-69,96,577,69
96-70,96,580,70
96-71,96,587,71
96-72,96,2163,72
96-73,96,2165,73
96-74,96,539,74
96-75,96,536,75
96-76,96,540,76
96-77,96,2164,77
96-78,96,2162,78
96-79,96,586,79
96-80,96,579,80
96-81,96,578,81
96-82,96,636,82
96-83,96,627,83
96-84,96,631,84
96-85,96,634,85
96-86,96,2160,86
96-87,96,597,87
96-88,96,609,88
96-89,96,602,89
96-90,96,616,90
96-91,96,367,91
96-92,96,368,92
96-93,96,1069,93
96-94,96,1054,94
96-95,96,11,95
96-96,96,13,96
96-97,96,14,97
96-98,96,1072,98
96-99,96,1066,99
96-100,96,1068,100
96-101,96,1077,101
96-102,96,17,102
96-103,96,303,103
96-104,96,1247,104
96-105,96,1249,105
96-106,96,1816,106
96-107,96,1237,107
96-108,96,1238,108
96-109,96,1240,109
96-110,96,1819,110
96-111,96,1265,111
96-112,96,1268,112
96-113,96,1261,113
96-114,96,1259,114
96-115,96,1298,115
96-116,96,1300,116
96-117,96,40,117
96-118,96,1295,118
96-119,96,1296,119
96-120,96,45,120
96-121,96,1371,121
96-122,96,1373,122
96-123,96,1394,123
96-124,96,1399,124
96-125,96,1061,125
96-126,96,1397,126
96-127,96,1395,127
96-128,96,47,128
96-129,96,1390,129
96-130,96,1388,130
96-131,96,1386,131
96-132,96,1391,132
96-133,96,73,133
96-134,96,1514,134
96-135,96,1512,135
96-136,96,1510,136
96-137,96,1507,137
96-138,96,1508,138
96-139,96,1519,139
96-140,96,1516,140
96-141,96,71,141
96-142,96,1498,142
96-143,96,1494,143
96-144,96,1488,144
96-145,96,1490,145
96-146,96,1497,146
96-147,96,1492,147
96-148,96,67,148
96-149,96,2249,149
96-150,96,1599,150
96-151,96,1595,151
96-152,96,1602,152
97-1,97,1617,1
97-2,97,2102,2
97-3,97,2104,3
97-4,97,2106,4
97-5,97,2108,5
97-6,97,2110,6
97-7,97,2112,7
97-8,97,2114,8
97-9,97,2116,9
97-10,97,762,10
97-11,97,758,11
97-12,97,746,12
97-13,97,1014,13
97-14,97,1012,14
97-15,97,1016,15
97-16,97,2,16
97-17,97,679,17
97-18,97,674,18
97-19,97,628,19
97-20,97,630,20
97-21,97,626,21
97-22,97,637,22
97-23,97,592,23
97-24,97,582,24
97-25,97,584,25
97-26,97,564,26
97-27,97,561,27
97-28,97,566,28
97-29,97,574,29
97-30,97,570,30
97-31,97,359,31
97-32,97,392,32
97-33,97,377,33
97-34,97,371,34
97-35,97,390,35
97-36,97,441,36
97-37,97,439,37
97-38,97,443,38
97-39,97,453,39
97-40,97,375,40
97-41,97,387,41
97-42,97,239,42
97-43,97,333,43
97-44,97,233,44
97-45,97,235,45
97-46,97,227,46
97-47,97,2177,47
97-48,97,229,48
97-49,97,225,49
97-50,97,223,50
97-51,97,274,51
97-52,97,266,52
97-53,97,264,53
97-54,97,262,54
97-55,97,319,55
97-56,97,1188,56
97-57,97,1190,57
97-58,97,1186,58
97-59,97,1235,59
97-60,97,1229,60
97-61,97,1233,61
97-62,97,1268,62
97-63,97,1261,63
97-64,97,1259,64
97-65,97,1298,65
97-66,97,1300,66
97-67,97,40,67
97-68,97,1295,68
97-69,97,1296,69
97-70,97,45,70
97-71,97,1371,71
97-72,97,1373,72
97-73,97,1394,73
97-74,97,1399,74
97-75,97,1061,75
97-76,97,1397,76
97-77,97,1396,77
97-78,97,1403,78
97-79,97,1401,79
97-80,97,2397,80
97-81,97,1418,81
97-82,97,1416,82
97-83,97,590,83
97-84,97,1423,84
97-85,97,1420,85
97-86,97,1424,86
97-87,97,51,87
97-88,97,1450,88
97-89,97,1448,89
97-90,97,1458,90
97-91,97,1454,91
97-92,97,1453,92
97-93,97,1457,93
97-94,97,1428,94
97-95,97,55,95
97-96,97,1440,96
97-97,97,1432,97
97-98,97,1465,98
97-99,97,1479,99
97-100,97,1482,100
97-101,97,1476,101
97-102,97,1480,102
97-103,97,62,103
97-104,97,1471,104
97-105,97,66,105
97-106,97,1469,106
97-107,97,2206,107
97-108,97,1971,108
97-109,97,2207,109
97-110,97,1468,110
97-111,97,65,111
97-112,97,1470,112
97-113,97,61,113
97-114,97,1481,114
97-115,97,1477,115
97-116,97,1483,116
97-117,97,1478,117
97-118,97,1464,118
97-119,97,1433,119
97-120,97,1441,120
97-121,97,56,121
97-122,97,1429,122
97-123,97,1456,123
97-124,97,1452,124
97-125,97,1455,125
97-126,97,1459,126
97-127,97,1449,127
97-128,97,1451,128
97-129,97,52,129
97-130,97,1425,130
97-131,97,1421,131
97-132,97,1422,132
97-133,97,589,133
97-134,97,1415,134
97-135,97,1419,135
97-136,97,2396,136
97-137,97,1402,137
97-138,97,1404,138
97-139,97,1398,139
97-140,97,1062,140
97-141,97,1400,141
97-142,97,1393,142
97-143,97,1374,143
97-144,97,1372,144
97-145,97,46,145
97-146,97,1297,146
97-147,97,1294,147
97-148,97,39,148
97-149,97,1301,149
97-150,97,1299,150
97-151,97,1258,151
97-152,97,1260,152
97-153,97,1269,153
97-154,97,1234,154
97-155,97,1228,155
97-156,97,2193,156
97-157,97,1187,157
97-158,97,1191,158
97-159,97,1189,159
97-160,97,320,160
97-161,97,263,161
97-162,97,265,162
97-163,97,269,163
97-164,97,267,164
97-165,97,2389,165
97-166,97,222,166
97-167,97,224,167
97-168,97,228,168
97-169,97,231,169
97-170,97,226,170
97-171,97,234,171
97-172,97,232,172
97-173,97,332,173
97-174,97,238,174
97-175,97,388,175
97-176,97,374,176
97-177,97,454,177
97-178,97,444,178
97-179,97,440,179
97-180,97,442,180
97-181,97,389,181
97-182,97,370,182
97-183,97,376,183
97-184,97,391,184
97-185,97,358,185
97-186,97,569,186
97-187,97,573,187
97-188,97,565,188
97-189,97,562,189
97-190,97,563,190
97-191,97,585,191
97-192,97,583,192
97-193,97,591,193
97-194,97,636,194
97-195,97,627,195
97-196,97,631,196
97-197,97,629,197
97-198,97,673,198
97-199,97,680,199
97-200,97,1,200
97-201,97,1015,201
97-202,97,1011,202
97-203,97,1013,203
97-204,97,745,204
97-205,97,757,205
97-206,97,761,206
97-207,97,2115,207
97-208,97,2113,208
97-209,97,2111,209
97-210,97,2109,210
97-211,97,2107,211
97-212,97,2105,212
97-213,97,2103,213
97-214,97,2101,214
97-215,97,1616,215
98-1,98,2351,1
98-2,98,1125,2
98-3,98,1122,3
98-4,98,1123,4
98-5,98,1130,5
98-6,98,2228,6
98-7,98,1134,7
98-8,98,1138,8
98-9,98,30,9
98-10,98,1322,10
98-11,98,1330,11
98-12,98,1305,12
98-13,98,1302,13
98-14,98,1306,14
98-15,98,1314,15
98-16,98,1308,16
98-17,98,1193,17
98-18,98,1196,18
98-19,98,1201,19
98-20,98,1167,20
98-21,98,1165,21
98-22,98,1161,22
98-23,98,1162,23
98-24,98,1184,24
98-25,98,310,25
98-26,98,308,26
98-27,98,284,27
98-28,98,279,28
98-29,98,300,29
98-30,98,250,30
98-31,98,256,31
98-32,98,247,32
98-33,98,244,33
98-34,98,97,34
98-35,98,95,35
98-36,98,93,36
98-37,98,99,37
98-38,98,109,38
98-39,98,108,39
98-40,98,1814,40
98-41,98,190,41
98-42,98,189,42
98-43,98,191,43
98-44,98,174,44
98-45,98,176,45
98-46,98,156,46
98-47,98,446,47
98-48,98,425,48
98-49,98,2375,49
98-50,98,2374,50
98-51,98,422,51
98-52,98,413,52
98-53,98,167,53
98-54,98,166,54
98-55,98,412,55
98-56,98,165,56
98-57,98,163,57
98-58,98,136,58
98-59,98,129,59
98-60,98,132,60
98-61,98,123,61
98-62,98,119,62
98-63,98,112,63
98-64,98,115,64
98-65,98,2428,65
98-66,98,110,66
98-67,98,100,67
98-68,98,94,68
98-69,98,96,69
98-70,98,98,70
98-71,98,245,71
98-72,98,246,72
98-73,98,257,73
98-74,98,251,74
98-75,98,299,75
98-76,98,280,76
98-77,98,283,77
98-78,98,307,78
98-79,98,309,79
98-80,98,1183,80
98-81,98,1163,81
98-82,98,1160,82
98-83,98,1164,83
98-84,98,1166,84
98-85,98,1200,85
98-86,98,1197,86
98-87,98,1192,87
98-88,98,35,88
98-89,98,1309,89
98-90,98,1315,90
98-91,98,1307,91
98-92,98,1303,92
98-93,98,1304,93
98-94,98,1329,94
98-95,98,2395,95
98-96,98,1323,96
98-97,98,31,97
98-98,98,1139,98
98-99,98,1135,99
98-100,98,2229,100
98-101,98,1131,101
98-102,98,1124,102
98-103,98,1121,103
98-104,98,1126,104
98-105,98,25,105
99-1,99,2351,1
99-2,99,1125,2
99-3,99,1122,3
99-4,99,1123,4
99-5,99,1130,5
99-6,99,2228,6
99-7,99,1134,7
99-8,99,1138,8
99-9,99,30,9
99-10,99,1322,10
99-11,99,1331,11
99-12,99,1320,12
99-13,99,1325,13
99-14,99,1343,14
99-15,99,2195,15
99-16,99,1351,16
99-17,99,1353,17
99-18,99,1339,18
99-19,99,1294,19
99-20,99,39,20
99-21,99,1301,21
99-22,99,1299,22
99-23,99,1258,23
99-24,99,1260,24
99-25,99,1269,25
99-26,99,1262,26
99-27,99,1820,27
99-28,99,1818,28
99-29,99,1239,29
99-30,99,2480,30
99-31,99,1815,31
99-32,99,1248,32
99-33,99,2125,33
99-34,99,1081,34
99-35,99,1073,35
99-36,99,977,36
99-37,99,990,37
99-38,99,992,38
99-39,99,1000,39
99-40,99,996,40
99-41,99,1002,41
99-42,99,173,42
99-43,99,1009,43
99-44,99,1006,44
99-45,99,1007,45
99-46,99,2349,46
99-47,99,1612,47
99-48,99,675,48
99-49,99,679,49
99-50,99,693,50
99-51,99,710,51
99-52,99,2134,52
99-53,99,2135,53
99-54,99,729,54
99-55,99,731,55
99-56,99,664,56
99-57,99,651,57
99-58,99,641,58
99-59,99,2492,59
99-60,99,652,60
99-61,99,663,61
99-62,99,732,62
99-63,99,730,63
99-64,99,2136,64
99-65,99,724,65
99-66,99,711,66
99-67,99,694,67
99-68,99,680,68
99-69,99,676,69
99-70,99,1613,70
99-71,99,1010,71
99-72,99,2348,72
99-73,99,2347,73
99-74,99,172,74
99-75,99,1003,75
99-76,99,997,76
99-77,99,1001,77
99-78,99,993,78
99-79,99,991,79
99-80,99,978,80
99-81,99,1074,81
99-82,99,2352,82
99-83,99,1247,83
99-84,99,1249,84
99-85,99,1816,85
99-86,99,1237,86
99-87,99,1817,87
99-88,99,1238,88
99-89,99,1240,89
99-90,99,1819,90
99-91,99,1265,91
99-92,99,1268,92
99-93,99,1261,93
99-94,99,1259,94
99-95,99,1298,95
99-96,99,1300,96
99-97,99,40,97
99-98,99,1295,98
99-99,99,1340,99
99-100,99,1354,100
99-101,99,1352,101
99-102,99,2196,102
99-103,99,1344,103
99-104,99,1324,104
99-105,99,1321,105
99-106,99,1332,106
99-107,99,1323,107
99-108,99,31,108
99-109,99,1139,109
99-110,99,1135,110
99-111,99,2229,111
99-112,99,1131,112
99-113,99,1124,113
99-114,99,1121,114
99-115,99,1126,115
99-116,99,25,116
APS-Kabaraye-1,APS-Kabaraye,2511,1
APS-Kabaraye-2,APS-Kabaraye,2478,2
APS-Kabaraye-3,APS-Kabaraye,2512,3
APS-Kabaraye-4,APS-Kabaraye,1299,4
APS-Kabaraye-5,APS-Kabaraye,1269,5
APS-Kabaraye-6,APS-Kabaraye,1239,6
APS-Kabaraye-7,APS-Kabaraye,1246,7
APS-Kabaraye-8,APS-Kabaraye,230,8
APS-Kabaraye-9,APS-Kabaraye,209,9
APS-Kabaraye-10,APS-Kabaraye,202,10
APS-Kabaraye-11,APS-Kabaraye,194,11
APS-Kabaraye-12,APS-Kabaraye,141,12
APS-Kabaraye-13,APS-Kabaraye,139,13
APS-Kabaraye-14,APS-Kabaraye,129,14
APS-Kabaraye-15,APS-Kabaraye,126,15
APS-Kabaraye-16,APS-Kabaraye,196,16
APS-Kabaraye-17,APS-Kabaraye,268,17
APS-Kabaraye-18,APS-Kabaraye,319,18
APS-Kabaraye-19,APS-Kabaraye,1188,19
APS-Kabaraye-20,APS-Kabaraye,1190,20
APS-Kabaraye-21,APS-Kabaraye,1268,21
APS-Kabaraye-22,APS-Kabaraye,1298,22
APS-Kabaraye-23,APS-Kabaraye,2513,23
APS-Kabaraye-24,APS-Kabaraye,2511,24
APS-Pyay-1,APS-Pyay,2511,1
APS-Pyay-2,APS-Pyay,2478,2
APS-Pyay-3,APS-Pyay,2512,3
APS-Pyay-4,APS-Pyay,1299,4
APS-Pyay-5,APS-Pyay,1269,5
APS-Pyay-6,APS-Pyay,1189,6
APS-Pyay-7,APS-Pyay,320,7
APS-Pyay-8,APS-Pyay,269,8
APS-Pyay-9,APS-Pyay,197,9
APS-Pyay-10,APS-Pyay,191,10
APS-Pyay-11,APS-Pyay,141,11
APS-Pyay-12,APS-Pyay,202,12
APS-Pyay-13,APS-Pyay,208,13
APS-Pyay-14,APS-Pyay,2425,14
APS-Pyay-15,APS-Pyay,1245,15
APS-Pyay-16,APS-Pyay,1238,16
APS-Pyay-17,APS-Pyay,1268,17
APS-Pyay-18,APS-Pyay,1298,18
APS-Pyay-19,APS-Pyay,2513,19
APS-Pyay-20,APS-Pyay,2511,20
